schema_version,map,starting_players_total,lobby_capacity,observed_from_start,wave_1_time_left,wave_1_players_at_roll,wave_1_disasters,wave_1_players_after,wave_1_deaths,wave_1_survival_fraction,wave_1_mortality_fraction,wave_2_time_left,wave_2_players_at_roll,wave_2_disasters,wave_2_players_after,wave_2_deaths,wave_2_survival_fraction,wave_2_mortality_fraction,wave_3_time_left,wave_3_players_at_roll,wave_3_disasters,wave_3_players_after,wave_3_deaths,wave_3_survival_fraction,wave_3_mortality_fraction,wave_count,end_players_total,total_deaths,end_survival_fraction,disaster_count,all_disasters,recorder_moving,player_count_basis,recorder_alive_at_game_start,game_start_players_model,before_wave_1_losses_total_raw,before_wave_1_losses_model,recorder_alive_wave_1_roll,wave_1_players_at_roll_model,wave_1_players_after_model,recorder_alive_wave_2_roll,wave_2_players_at_roll_model,wave_2_players_after_model,recorder_alive_wave_3_roll,wave_3_players_at_roll_model,wave_3_players_after_model,recorder_alive_end,end_players_model,total_deaths_model,end_survival_fraction_model,prediction_model,percentage_based_averages,wave_specific,prediction_wave_1_end_players,prediction_wave_2_end_players,prediction_wave_3_end_players,ticket_to_ride_loss,complete_game,disaster_chat_deaths,fall,void,misc,wave_1_fall,wave_1_void,wave_1_misc,wave_2_fall,wave_2_void,wave_2_misc,wave_3_fall,wave_3_void,wave_3_misc,wave_1_active_disasters,wave_1_deaths_acid_rain,wave_1_deaths_anvil_rain,wave_1_deaths_bat_swarm,wave_1_deaths_blackout,wave_1_deaths_disco,wave_1_deaths_dragons,wave_1_deaths_flood,wave_1_deaths_fragile_ground,wave_1_deaths_grounded,wave_1_deaths_half_health,wave_1_deaths_hot_potato,wave_1_deaths_hypixel_says,wave_1_deaths_lightning,wave_1_deaths_meteor_shower,wave_1_deaths_nuke,wave_1_deaths_purge,wave_1_deaths_red_light_green_light,wave_1_deaths_sinkhole,wave_1_deaths_solar_flare,wave_1_deaths_stampede,wave_1_deaths_swappage,wave_1_deaths_the_floor_is_lava,wave_1_deaths_tnt_rain,wave_1_deaths_tornado,wave_1_deaths_werewolf,wave_1_deaths_withers,wave_1_deaths_zombie_apocalypse,wave_2_active_disasters,wave_2_deaths_acid_rain,wave_2_deaths_anvil_rain,wave_2_deaths_bat_swarm,wave_2_deaths_blackout,wave_2_deaths_disco,wave_2_deaths_dragons,wave_2_deaths_flood,wave_2_deaths_fragile_ground,wave_2_deaths_grounded,wave_2_deaths_half_health,wave_2_deaths_hot_potato,wave_2_deaths_hypixel_says,wave_2_deaths_lightning,wave_2_deaths_meteor_shower,wave_2_deaths_nuke,wave_2_deaths_purge,wave_2_deaths_red_light_green_light,wave_2_deaths_sinkhole,wave_2_deaths_solar_flare,wave_2_deaths_stampede,wave_2_deaths_swappage,wave_2_deaths_the_floor_is_lava,wave_2_deaths_tnt_rain,wave_2_deaths_tornado,wave_2_deaths_werewolf,wave_2_deaths_withers,wave_2_deaths_zombie_apocalypse,wave_3_active_disasters,wave_3_deaths_acid_rain,wave_3_deaths_anvil_rain,wave_3_deaths_bat_swarm,wave_3_deaths_blackout,wave_3_deaths_disco,wave_3_deaths_dragons,wave_3_deaths_flood,wave_3_deaths_fragile_ground,wave_3_deaths_grounded,wave_3_deaths_half_health,wave_3_deaths_hot_potato,wave_3_deaths_hypixel_says,wave_3_deaths_lightning,wave_3_deaths_meteor_shower,wave_3_deaths_nuke,wave_3_deaths_purge,wave_3_deaths_red_light_green_light,wave_3_deaths_sinkhole,wave_3_deaths_solar_flare,wave_3_deaths_stampede,wave_3_deaths_swappage,wave_3_deaths_the_floor_is_lava,wave_3_deaths_tnt_rain,wave_3_deaths_tornado,wave_3_deaths_werewolf,wave_3_deaths_withers,wave_3_deaths_zombie_apocalypse,deaths_acid_rain,deaths_anvil_rain,deaths_bat_swarm,deaths_blackout,deaths_disco,deaths_dragons,deaths_flood,deaths_fragile_ground,deaths_grounded,deaths_half_health,deaths_hot_potato,deaths_hypixel_says,deaths_lightning,deaths_meteor_shower,deaths_nuke,deaths_purge,deaths_red_light_green_light,deaths_sinkhole,deaths_solar_flare,deaths_stampede,deaths_swappage,deaths_the_floor_is_lava,deaths_tnt_rain,deaths_tornado,deaths_werewolf,deaths_withers,deaths_zombie_apocalypse,game_start_total_health,wave_1_total_health,wave_2_total_health,wave_3_total_health,wave_1_player_01_health,wave_1_player_02_health,wave_1_player_03_health,wave_1_player_04_health,wave_1_player_05_health,wave_1_player_06_health,wave_1_player_07_health,wave_1_player_08_health,wave_1_player_09_health,wave_1_player_10_health,wave_1_player_11_health,wave_1_player_12_health,wave_1_player_13_health,wave_1_player_14_health,wave_1_player_15_health,wave_1_player_16_health,wave_2_player_01_health,wave_2_player_02_health,wave_2_player_03_health,wave_2_player_04_health,wave_2_player_05_health,wave_2_player_06_health,wave_2_player_07_health,wave_2_player_08_health,wave_2_player_09_health,wave_2_player_10_health,wave_2_player_11_health,wave_2_player_12_health,wave_2_player_13_health,wave_2_player_14_health,wave_2_player_15_health,wave_2_player_16_health,wave_3_player_01_health,wave_3_player_02_health,wave_3_player_03_health,wave_3_player_04_health,wave_3_player_05_health,wave_3_player_06_health,wave_3_player_07_health,wave_3_player_08_health,wave_3_player_09_health,wave_3_player_10_health,wave_3_player_11_health,wave_3_player_12_health,wave_3_player_13_health,wave_3_player_14_health,wave_3_player_15_health,wave_3_player_16_health
1,Oil Rig,16,16,true,191,16,Lightning | Bat Swarm,13,3,0.8125,0.1875,136,13,Sinkhole | Grounded,7,6,0.5384615384615384,0.46153846153846156,61,7,Meteor Shower | Purge,1,6,0.14285714285714285,0.8571428571428571,3,1,15,0.0625,6,Lightning | Bat Swarm | Sinkhole | Grounded | Meteor Shower | Purge,,,,,,,,,,,,,,,,,,,,,,,,,,,,,,,,,,,,,,,,,,,,,,,,,,,,,,,,,,,,,,,,,,,,,,,,,,,,,,,,,,,,,,,,,,,,,,,,,,,,,,,,,,,,,,,,,,,,,,,,,,,,,,,,,,,,,,,,,,,,,,,,,,,,,,,,,,,,,,,,,,,,,,,,,,,,,,,,,,,,,,,,,,,,,,,,,,,,,,,,,,,
1,Paradise,16,16,true,184,16,Stampede | Nuke,14,2,0.875,0.125,124,14,Flood | Swappage,1,13,0.07142857142857142,0.9285714285714286,52,1,Tornado | Anvil Rain,1,0,1.0,0.0,3,1,15,0.0625,6,Stampede | Nuke | Flood | Swappage | Tornado | Anvil Rain,,,,,,,,,,,,,,,,,,,,,,,,,,,,,,,,,,,,,,,,,,,,,,,,,,,,,,,,,,,,,,,,,,,,,,,,,,,,,,,,,,,,,,,,,,,,,,,,,,,,,,,,,,,,,,,,,,,,,,,,,,,,,,,,,,,,,,,,,,,,,,,,,,,,,,,,,,,,,,,,,,,,,,,,,,,,,,,,,,,,,,,,,,,,,,,,,,,,,,,,,,,
2,Spaceship,16,16,true,179,16,"Meteor Shower | Red Light, Green Light",14,2,0.875,0.125,118,14,Acid Rain | Swappage,12,2,0.8571428571428571,0.14285714285714285,54,12,Zombie Apocalypse | Grounded,2,10,0.16666666666666666,0.8333333333333334,3,2,14,0.125,6,"Meteor Shower | Red Light, Green Light | Acid Rain | Swappage | Zombie Apocalypse | Grounded",false,excluding_recorder_when_alive,true,15,0,0,true,15,13,true,13,11,true,11,1,true,1,14,0.06666666666666667,,,,,,,,,,,,,,,,,,,,,,,,,,,,,,,,,,,,,,,,,,,,,,,,,,,,,,,,,,,,,,,,,,,,,,,,,,,,,,,,,,,,,,,,,,,,,,,,,,,,,,,,,,,,,,,,,,,,,,,,,,,,,,,,,,,,,,,,,,,,,,,,,,,,,,,,,,,,,,,,,,,,,,,,,,,,,,,,,,,,,,,,
2,Arctic Lab,16,16,true,205,16,Withers | Swappage,12,4,0.75,0.25,132,12,Lightning | Disco,7,5,0.5833333333333334,0.4166666666666667,54,7,Sinkhole | Bat Swarm,3,4,0.42857142857142855,0.5714285714285714,3,3,13,0.1875,6,Withers | Swappage | Lightning | Disco | Sinkhole | Bat Swarm,false,excluding_recorder_when_alive,true,15,0,0,true,15,11,true,11,6,true,6,2,true,2,13,0.13333333333333333,,,,,,,,,,,,,,,,,,,,,,,,,,,,,,,,,,,,,,,,,,,,,,,,,,,,,,,,,,,,,,,,,,,,,,,,,,,,,,,,,,,,,,,,,,,,,,,,,,,,,,,,,,,,,,,,,,,,,,,,,,,,,,,,,,,,,,,,,,,,,,,,,,,,,,,,,,,,,,,,,,,,,,,,,,,,,,,,,,,,,,,,
2,Melon Mall,15,16,true,184,16,Lightning | Werewolf,14,2,0.875,0.125,128,14,Acid Rain,12,2,0.8571428571428571,0.14285714285714285,64,12,Dragons,9,3,0.75,0.25,3,9,6,0.6,4,Lightning | Werewolf | Acid Rain | Dragons,false,excluding_recorder_when_alive,true,14,-1,-1,true,15,13,true,13,11,true,11,8,true,8,6,0.5714285714285714,,,,,,,,,,,,,,,,,,,,,,,,,,,,,,,,,,,,,,,,,,,,,,,,,,,,,,,,,,,,,,,,,,,,,,,,,,,,,,,,,,,,,,,,,,,,,,,,,,,,,,,,,,,,,,,,,,,,,,,,,,,,,,,,,,,,,,,,,,,,,,,,,,,,,,,,,,,,,,,,,,,,,,,,,,,,,,,,,,,,,,,,
2,Melon Mall,16,16,true,193,15,Tornado,12,3,0.8,0.2,123,12,TNT Rain | Nuke,12,0,1.0,0.0,59,12,Fragile Ground,10,2,0.8333333333333334,0.16666666666666666,3,10,6,0.625,4,Tornado | TNT Rain | Nuke | Fragile Ground,false,excluding_recorder_when_alive,true,15,1,1,true,14,11,true,11,11,true,11,9,true,9,6,0.6,,,,,,,,,,,,,,,,,,,,,,,,,,,,,,,,,,,,,,,,,,,,,,,,,,,,,,,,,,,,,,,,,,,,,,,,,,,,,,,,,,,,,,,,,,,,,,,,,,,,,,,,,,,,,,,,,,,,,,,,,,,,,,,,,,,,,,,,,,,,,,,,,,,,,,,,,,,,,,,,,,,,,,,,,,,,,,,,,,,,,,,,
2,Area 52,16,16,true,196,16,TNT Rain,14,2,0.875,0.125,123,14,Dragons | Disco,8,6,0.5714285714285714,0.42857142857142855,65,8,Tornado | Hot Potato,3,5,0.375,0.625,3,3,13,0.1875,5,TNT Rain | Dragons | Disco | Tornado | Hot Potato,false,excluding_recorder_when_alive,true,15,0,0,true,15,13,true,13,7,true,7,2,true,2,13,0.13333333333333333,,,,,,,,,,,,,,,,,,,,,,,,,,,,,,,,,,,,,,,,,,,,,,,,,,,,,,,,,,,,,,,,,,,,,,,,,,,,,,,,,,,,,,,,,,,,,,,,,,,,,,,,,,,,,,,,,,,,,,,,,,,,,,,,,,,,,,,,,,,,,,,,,,,,,,,,,,,,,,,,,,,,,,,,,,,,,,,,,,,,,,,,
2,Monorail,14,16,true,207,13,TNT Rain | Grounded,13,0,1.0,0.0,127,13,Zombie Apocalypse | Purge,9,4,0.6923076923076923,0.3076923076923077,58,9,Stampede | Swappage,7,2,0.7777777777777778,0.2222222222222222,3,7,7,0.5,6,TNT Rain | Grounded | Zombie Apocalypse | Purge | Stampede | Swappage,false,excluding_recorder_when_alive,true,13,1,1,true,12,12,true,12,8,true,8,6,true,6,7,0.46153846153846156,,,,,,,,,,,,,,,,,,,,,,,,,,,,,,,,,,,,,,,,,,,,,,,,,,,,,,,,,,,,,,,,,,,,,,,,,,,,,,,,,,,,,,,,,,,,,,,,,,,,,,,,,,,,,,,,,,,,,,,,,,,,,,,,,,,,,,,,,,,,,,,,,,,,,,,,,,,,,,,,,,,,,,,,,,,,,,,,,,,,,,,,
2,Cruise Ship,16,16,true,191,16,Stampede | Hypixel Says,11,5,0.6875,0.3125,122,11,The Floor is Lava | Bat Swarm,4,7,0.36363636363636365,0.6363636363636364,71,4,Dragons,1,3,0.25,0.75,3,1,15,0.0625,5,Stampede | Hypixel Says | The Floor is Lava | Bat Swarm | Dragons,false,excluding_recorder_when_alive,true,15,0,0,true,15,10,true,10,3,true,3,0,true,0,15,0.0,,,,,,,,,,,,,,,,,,,,,,,,,,,,,,,,,,,,,,,,,,,,,,,,,,,,,,,,,,,,,,,,,,,,,,,,,,,,,,,,,,,,,,,,,,,,,,,,,,,,,,,,,,,,,,,,,,,,,,,,,,,,,,,,,,,,,,,,,,,,,,,,,,,,,,,,,,,,,,,,,,,,,,,,,,,,,,,,,,,,,,,,
2,Spaceship,16,16,true,179,16,The Floor is Lava | Swappage,3,13,0.1875,0.8125,101,3,Acid Rain | Blackout,2,1,0.6666666666666666,0.3333333333333333,51,2,Withers,1,1,0.5,0.5,3,1,15,0.0625,5,The Floor is Lava | Swappage | Acid Rain | Blackout | Withers,false,excluding_recorder_when_alive,true,15,0,0,true,15,2,true,2,1,true,1,0,true,0,15,0.0,,,,,,,,,,,,,,,,,,,,,,,,,,,,,,,,,,,,,,,,,,,,,,,,,,,,,,,,,,,,,,,,,,,,,,,,,,,,,,,,,,,,,,,,,,,,,,,,,,,,,,,,,,,,,,,,,,,,,,,,,,,,,,,,,,,,,,,,,,,,,,,,,,,,,,,,,,,,,,,,,,,,,,,,,,,,,,,,,,,,,,,,
2,Gondola,15,16,true,223,15,"Meteor Shower | Red Light, Green Light",11,4,0.7333333333333333,0.26666666666666666,148,11,Flood,1,10,0.09090909090909091,0.9090909090909091,76,1,Zombie Apocalypse | Anvil Rain,0,1,0.0,1.0,3,0,15,0.0,5,"Meteor Shower | Red Light, Green Light | Flood | Zombie Apocalypse | Anvil Rain",false,excluding_recorder_when_alive,true,14,0,0,true,14,10,true,10,0,true,0,0,true,0,14,0.0,,,,,,,,,,,,,,,,,,,,,,,,,,,,,,,,,,,,,,,,,,,,,,,,,,,,,,,,,,,,,,,,,,,,,,,,,,,,,,,,,,,,,,,,,,,,,,,,,,,,,,,,,,,,,,,,,,,,,,,,,,,,,,,,,,,,,,,,,,,,,,,,,,,,,,,,,,,,,,,,,,,,,,,,,,,,,,,,,,,,,,,,
2,Arctic Lab,16,16,true,174,16,Flood,16,0,1.0,0.0,120,16,Lightning | Werewolf,10,6,0.625,0.375,54,10,Fragile Ground,4,6,0.4,0.6,3,4,12,0.25,4,Flood | Lightning | Werewolf | Fragile Ground,false,excluding_recorder_when_alive,true,15,0,0,true,15,15,true,15,9,true,9,3,true,3,12,0.2,,,,,,,,,,,,,,,,,,,,,,,,,,,,,,,,,,,,,,,,,,,,,,,,,,,,,,,,,,,,,,,,,,,,,,,,,,,,,,,,,,,,,,,,,,,,,,,,,,,,,,,,,,,,,,,,,,,,,,,,,,,,,,,,,,,,,,,,,,,,,,,,,,,,,,,,,,,,,,,,,,,,,,,,,,,,,,,,,,,,,,,,
2,Library,14,16,true,207,14,Meteor Shower | Hypixel Says,13,1,0.9285714285714286,0.07142857142857142,136,13,Flood | Purge,5,8,0.38461538461538464,0.6153846153846154,74,5,Dragons,1,4,0.2,0.8,3,1,13,0.07142857142857142,5,Meteor Shower | Hypixel Says | Flood | Purge | Dragons,false,excluding_recorder_when_alive,true,13,0,0,true,13,12,true,12,4,true,4,0,true,0,13,0.0,,,,,,,,,,,,,,,,,,,,,,,,,,,,,,,,,,,,,,,,,,,,,,,,,,,,,,,,,,,,,,,,,,,,,,,,,,,,,,,,,,,,,,,,,,,,,,,,,,,,,,,,,,,,,,,,,,,,,,,,,,,,,,,,,,,,,,,,,,,,,,,,,,,,,,,,,,,,,,,,,,,,,,,,,,,,,,,,,,,,,,,,
2,Paradise,16,16,true,198,16,TNT Rain | Swappage,12,4,0.75,0.25,145,12,Tornado,10,2,0.8333333333333334,0.16666666666666666,73,10,Fragile Ground | Nuke,5,5,0.5,0.5,3,5,11,0.3125,5,TNT Rain | Swappage | Tornado | Fragile Ground | Nuke,false,excluding_recorder_when_alive,true,15,0,0,true,15,11,true,11,9,true,9,4,true,4,11,0.26666666666666666,,,,,,,,,,,,,,,,,,,,,,,,,,,,,,,,,,,,,,,,,,,,,,,,,,,,,,,,,,,,,,,,,,,,,,,,,,,,,,,,,,,,,,,,,,,,,,,,,,,,,,,,,,,,,,,,,,,,,,,,,,,,,,,,,,,,,,,,,,,,,,,,,,,,,,,,,,,,,,,,,,,,,,,,,,,,,,,,,,,,,,,,
2,Melon Mall,16,16,true,225,16,Lightning,14,2,0.875,0.125,154,14,The Floor is Lava | Anvil Rain,6,8,0.42857142857142855,0.5714285714285714,75,6,Tornado,4,2,0.6666666666666666,0.3333333333333333,3,4,12,0.25,4,Lightning | The Floor is Lava | Anvil Rain | Tornado,false,excluding_recorder_when_alive,true,15,0,0,true,15,13,true,13,5,true,5,3,true,3,12,0.2,,,,,,,,,,,,,,,,,,,,,,,,,,,,,,,,,,,,,,,,,,,,,,,,,,,,,,,,,,,,,,,,,,,,,,,,,,,,,,,,,,,,,,,,,,,,,,,,,,,,,,,,,,,,,,,,,,,,,,,,,,,,,,,,,,,,,,,,,,,,,,,,,,,,,,,,,,,,,,,,,,,,,,,,,,,,,,,,,,,,,,,,
2,Paradise,16,16,true,193,16,Withers | Nuke,14,2,0.875,0.125,135,14,Fragile Ground | Bat Swarm,5,9,0.35714285714285715,0.6428571428571429,76,5,Lightning | Disco,2,3,0.4,0.6,3,2,14,0.125,6,Withers | Nuke | Fragile Ground | Bat Swarm | Lightning | Disco,false,excluding_recorder_when_alive,true,15,0,0,true,15,13,true,13,4,true,4,1,true,1,14,0.06666666666666667,,,,,,,,,,,,,,,,,,,,,,,,,,,,,,,,,,,,,,,,,,,,,,,,,,,,,,,,,,,,,,,,,,,,,,,,,,,,,,,,,,,,,,,,,,,,,,,,,,,,,,,,,,,,,,,,,,,,,,,,,,,,,,,,,,,,,,,,,,,,,,,,,,,,,,,,,,,,,,,,,,,,,,,,,,,,,,,,,,,,,,,,
2,Castle,16,16,true,187,16,The Floor is Lava,9,7,0.5625,0.4375,124,9,Dragons | Anvil Rain,9,0,1.0,0.0,67,9,Lightning | Swappage,5,4,0.5555555555555556,0.4444444444444444,3,5,11,0.3125,5,The Floor is Lava | Dragons | Anvil Rain | Lightning | Swappage,false,excluding_recorder_when_alive,true,15,0,0,true,15,8,true,8,8,true,8,4,true,4,11,0.26666666666666666,,,,,,,,,,,,,,,,,,,,,,,,,,,,,,,,,,,,,,,,,,,,,,,,,,,,,,,,,,,,,,,,,,,,,,,,,,,,,,,,,,,,,,,,,,,,,,,,,,,,,,,,,,,,,,,,,,,,,,,,,,,,,,,,,,,,,,,,,,,,,,,,,,,,,,,,,,,,,,,,,,,,,,,,,,,,,,,,,,,,,,,,
2,Cruise Ship,16,16,true,189,16,Sinkhole | Grounded,16,0,1.0,0.0,126,16,The Floor is Lava,13,3,0.8125,0.1875,55,13,Meteor Shower | Blackout,12,1,0.9230769230769231,0.07692307692307693,3,12,4,0.75,5,Sinkhole | Grounded | The Floor is Lava | Meteor Shower | Blackout,false,excluding_recorder_when_alive,true,15,0,0,true,15,15,true,15,12,true,12,11,true,11,4,0.7333333333333333,,,,,,,,,,,,,,,,,,,,,,,,,,,,,,,,,,,,,,,,,,,,,,,,,,,,,,,,,,,,,,,,,,,,,,,,,,,,,,,,,,,,,,,,,,,,,,,,,,,,,,,,,,,,,,,,,,,,,,,,,,,,,,,,,,,,,,,,,,,,,,,,,,,,,,,,,,,,,,,,,,,,,,,,,,,,,,,,,,,,,,,,
2,Library,15,16,true,206,15,Zombie Apocalypse,13,2,0.8666666666666667,0.13333333333333333,130,13,Withers | Anvil Rain,11,2,0.8461538461538461,0.15384615384615385,53,11,Tornado | Disco,5,6,0.45454545454545453,0.5454545454545454,3,5,10,0.3333333333333333,5,Zombie Apocalypse | Withers | Anvil Rain | Tornado | Disco,false,excluding_recorder_when_alive,true,14,0,0,true,14,12,true,12,10,true,10,4,true,4,10,0.2857142857142857,,,,,,,,,,,,,,,,,,,,,,,,,,,,,,,,,,,,,,,,,,,,,,,,,,,,,,,,,,,,,,,,,,,,,,,,,,,,,,,,,,,,,,,,,,,,,,,,,,,,,,,,,,,,,,,,,,,,,,,,,,,,,,,,,,,,,,,,,,,,,,,,,,,,,,,,,,,,,,,,,,,,,,,,,,,,,,,,,,,,,,,,
2,Oil Rig,16,16,true,179,16,TNT Rain | Werewolf,10,6,0.625,0.375,128,10,Meteor Shower | Hot Potato,6,4,0.6,0.4,60,6,Acid Rain | Nuke,4,2,0.6666666666666666,0.3333333333333333,3,4,12,0.25,6,TNT Rain | Werewolf | Meteor Shower | Hot Potato | Acid Rain | Nuke,false,excluding_recorder_when_alive,true,15,0,0,true,15,9,true,9,5,true,5,3,true,3,12,0.2,,,,,,,,,,,,,,,,,,,,,,,,,,,,,,,,,,,,,,,,,,,,,,,,,,,,,,,,,,,,,,,,,,,,,,,,,,,,,,,,,,,,,,,,,,,,,,,,,,,,,,,,,,,,,,,,,,,,,,,,,,,,,,,,,,,,,,,,,,,,,,,,,,,,,,,,,,,,,,,,,,,,,,,,,,,,,,,,,,,,,,,,
2,Castle,16,16,true,206,16,Dragons | Blackout,13,3,0.8125,0.1875,126,13,Acid Rain,12,1,0.9230769230769231,0.07692307692307693,58,12,"TNT Rain | Red Light, Green Light",8,4,0.6666666666666666,0.3333333333333333,3,8,8,0.5,5,"Dragons | Blackout | Acid Rain | TNT Rain | Red Light, Green Light",false,excluding_recorder_when_alive,true,15,0,0,true,15,12,true,12,11,true,11,7,true,7,8,0.4666666666666667,,,,,,,,,,,,,,,,,,,,,,,,,,,,,,,,,,,,,,,,,,,,,,,,,,,,,,,,,,,,,,,,,,,,,,,,,,,,,,,,,,,,,,,,,,,,,,,,,,,,,,,,,,,,,,,,,,,,,,,,,,,,,,,,,,,,,,,,,,,,,,,,,,,,,,,,,,,,,,,,,,,,,,,,,,,,,,,,,,,,,,,,
2,Cruise Ship,16,16,true,228,16,Withers | Nuke,12,4,0.75,0.25,150,12,The Floor is Lava,8,4,0.6666666666666666,0.3333333333333333,73,8,Acid Rain | Grounded,1,7,0.125,0.875,3,1,15,0.0625,5,Withers | Nuke | The Floor is Lava | Acid Rain | Grounded,false,excluding_recorder_when_alive,true,15,0,0,true,15,11,true,11,7,true,7,0,true,0,15,0.0,,,,,,,,,,,,,,,,,,,,,,,,,,,,,,,,,,,,,,,,,,,,,,,,,,,,,,,,,,,,,,,,,,,,,,,,,,,,,,,,,,,,,,,,,,,,,,,,,,,,,,,,,,,,,,,,,,,,,,,,,,,,,,,,,,,,,,,,,,,,,,,,,,,,,,,,,,,,,,,,,,,,,,,,,,,,,,,,,,,,,,,,
2,Area 52,16,16,true,202,16,Dragons,14,2,0.875,0.125,134,14,Sinkhole,12,2,0.8571428571428571,0.14285714285714285,65,12,Acid Rain | Hypixel Says,5,7,0.4166666666666667,0.5833333333333334,3,5,11,0.3125,4,Dragons | Sinkhole | Acid Rain | Hypixel Says,false,excluding_recorder_when_alive,true,15,0,0,true,15,13,true,13,11,true,11,4,true,4,11,0.26666666666666666,,,,,,,,,,,,,,,,,,,,,,,,,,,,,,,,,,,,,,,,,,,,,,,,,,,,,,,,,,,,,,,,,,,,,,,,,,,,,,,,,,,,,,,,,,,,,,,,,,,,,,,,,,,,,,,,,,,,,,,,,,,,,,,,,,,,,,,,,,,,,,,,,,,,,,,,,,,,,,,,,,,,,,,,,,,,,,,,,,,,,,,,
2,Castle,16,16,true,175,16,Dragons | Bat Swarm,14,2,0.875,0.125,122,14,Lightning | Grounded,9,5,0.6428571428571429,0.35714285714285715,55,9,TNT Rain | Hot Potato,4,5,0.4444444444444444,0.5555555555555556,3,4,12,0.25,6,Dragons | Bat Swarm | Lightning | Grounded | TNT Rain | Hot Potato,false,excluding_recorder_when_alive,true,15,0,0,true,15,13,true,13,8,true,8,3,true,3,12,0.2,,,,,,,,,,,,,,,,,,,,,,,,,,,,,,,,,,,,,,,,,,,,,,,,,,,,,,,,,,,,,,,,,,,,,,,,,,,,,,,,,,,,,,,,,,,,,,,,,,,,,,,,,,,,,,,,,,,,,,,,,,,,,,,,,,,,,,,,,,,,,,,,,,,,,,,,,,,,,,,,,,,,,,,,,,,,,,,,,,,,,,,,
2,Arctic Lab,16,16,true,217,16,Zombie Apocalypse | Disco,7,9,0.4375,0.5625,140,7,Acid Rain | Purge,4,3,0.5714285714285714,0.42857142857142855,79,4,Fragile Ground | Grounded,3,1,0.75,0.25,3,3,13,0.1875,6,Zombie Apocalypse | Disco | Acid Rain | Purge | Fragile Ground | Grounded,false,excluding_recorder_when_alive,true,15,0,0,true,15,6,true,6,3,true,3,2,true,2,13,0.13333333333333333,,,,,,,,,,,,,,,,,,,,,,,,,,,,,,,,,,,,,,,,,,,,,,,,,,,,,,,,,,,,,,,,,,,,,,,,,,,,,,,,,,,,,,,,,,,,,,,,,,,,,,,,,,,,,,,,,,,,,,,,,,,,,,,,,,,,,,,,,,,,,,,,,,,,,,,,,,,,,,,,,,,,,,,,,,,,,,,,,,,,,,,,
2,Paradise,16,16,true,190,16,"Withers | Red Light, Green Light",12,4,0.75,0.25,136,12,Acid Rain,3,9,0.25,0.75,72,3,Flood,0,3,0.0,1.0,3,0,16,0.0,4,"Withers | Red Light, Green Light | Acid Rain | Flood",false,excluding_recorder_when_alive,true,15,0,0,true,15,11,true,11,2,true,2,0,true,0,15,0.0,,,,,,,,,,,,,,,,,,,,,,,,,,,,,,,,,,,,,,,,,,,,,,,,,,,,,,,,,,,,,,,,,,,,,,,,,,,,,,,,,,,,,,,,,,,,,,,,,,,,,,,,,,,,,,,,,,,,,,,,,,,,,,,,,,,,,,,,,,,,,,,,,,,,,,,,,,,,,,,,,,,,,,,,,,,,,,,,,,,,,,,,
2,Oil Rig,16,16,true,199,15,Lightning | Werewolf,13,2,0.8666666666666667,0.13333333333333333,142,13,Fragile Ground | Nuke,10,3,0.7692307692307693,0.23076923076923078,74,10,Flood | Anvil Rain,6,4,0.6,0.4,3,6,10,0.375,6,Lightning | Werewolf | Fragile Ground | Nuke | Flood | Anvil Rain,false,excluding_recorder_when_alive,true,15,1,1,true,14,12,true,12,9,true,9,5,true,5,10,0.3333333333333333,,,,,,,,,,,,,,,,,,,,,,,,,,,,,,,,,,,,,,,,,,,,,,,,,,,,,,,,,,,,,,,,,,,,,,,,,,,,,,,,,,,,,,,,,,,,,,,,,,,,,,,,,,,,,,,,,,,,,,,,,,,,,,,,,,,,,,,,,,,,,,,,,,,,,,,,,,,,,,,,,,,,,,,,,,,,,,,,,,,,,,,,
2,Gondola,16,16,true,208,16,Dragons | Bat Swarm,13,3,0.8125,0.1875,130,13,Sinkhole,9,4,0.6923076923076923,0.3076923076923077,51,9,Acid Rain | Nuke,3,6,0.3333333333333333,0.6666666666666666,3,3,13,0.1875,5,Dragons | Bat Swarm | Sinkhole | Acid Rain | Nuke,false,excluding_recorder_when_alive,true,15,0,0,true,15,12,true,12,8,true,8,2,true,2,13,0.13333333333333333,,,,,,,,,,,,,,,,,,,,,,,,,,,,,,,,,,,,,,,,,,,,,,,,,,,,,,,,,,,,,,,,,,,,,,,,,,,,,,,,,,,,,,,,,,,,,,,,,,,,,,,,,,,,,,,,,,,,,,,,,,,,,,,,,,,,,,,,,,,,,,,,,,,,,,,,,,,,,,,,,,,,,,,,,,,,,,,,,,,,,,,,
2,Arctic Lab,16,16,true,169,16,Withers | Blackout,10,6,0.625,0.375,119,10,Sinkhole | Grounded,6,4,0.6,0.4,59,6,Lightning,5,1,0.8333333333333334,0.16666666666666666,3,5,11,0.3125,5,Withers | Blackout | Sinkhole | Grounded | Lightning,false,excluding_recorder_when_alive,true,15,0,0,true,15,9,true,9,5,true,5,4,true,4,11,0.26666666666666666,,,,,,,,,,,,,,,,,,,,,,,,,,,,,,,,,,,,,,,,,,,,,,,,,,,,,,,,,,,,,,,,,,,,,,,,,,,,,,,,,,,,,,,,,,,,,,,,,,,,,,,,,,,,,,,,,,,,,,,,,,,,,,,,,,,,,,,,,,,,,,,,,,,,,,,,,,,,,,,,,,,,,,,,,,,,,,,,,,,,,,,,
2,Castle,15,16,true,199,13,The Floor is Lava,9,4,0.6923076923076923,0.3076923076923077,136,9,Withers,5,4,0.5555555555555556,0.4444444444444444,58,5,Tornado | Hot Potato,2,3,0.4,0.6,3,2,13,0.13333333333333333,4,The Floor is Lava | Withers | Tornado | Hot Potato,false,excluding_recorder_when_alive,true,14,2,2,true,12,8,true,8,4,true,4,1,true,1,13,0.07142857142857142,,,,,,,,,,,,,,,,,,,,,,,,,,,,,,,,,,,,,,,,,,,,,,,,,,,,,,,,,,,,,,,,,,,,,,,,,,,,,,,,,,,,,,,,,,,,,,,,,,,,,,,,,,,,,,,,,,,,,,,,,,,,,,,,,,,,,,,,,,,,,,,,,,,,,,,,,,,,,,,,,,,,,,,,,,,,,,,,,,,,,,,,
2,Monorail,16,16,true,205,15,Dragons | Blackout,13,2,0.8666666666666667,0.13333333333333333,139,13,TNT Rain | Disco,6,7,0.46153846153846156,0.5384615384615384,72,6,Tornado | Nuke,3,3,0.5,0.5,3,3,13,0.1875,6,Dragons | Blackout | TNT Rain | Disco | Tornado | Nuke,false,excluding_recorder_when_alive,true,15,1,1,true,14,12,true,12,5,true,5,2,true,2,13,0.13333333333333333,,,,,,,,,,,,,,,,,,,,,,,,,,,,,,,,,,,,,,,,,,,,,,,,,,,,,,,,,,,,,,,,,,,,,,,,,,,,,,,,,,,,,,,,,,,,,,,,,,,,,,,,,,,,,,,,,,,,,,,,,,,,,,,,,,,,,,,,,,,,,,,,,,,,,,,,,,,,,,,,,,,,,,,,,,,,,,,,,,,,,,,,
2,Arctic Lab,16,16,true,190,16,Tornado | Disco,12,4,0.75,0.25,113,12,Lightning | Anvil Rain,10,2,0.8333333333333334,0.16666666666666666,49,10,Flood,1,9,0.1,0.9,3,1,15,0.0625,5,Tornado | Disco | Lightning | Anvil Rain | Flood,false,excluding_recorder_when_alive,true,15,0,0,true,15,11,true,11,9,true,9,0,true,0,15,0.0,,,,,,,,,,,,,,,,,,,,,,,,,,,,,,,,,,,,,,,,,,,,,,,,,,,,,,,,,,,,,,,,,,,,,,,,,,,,,,,,,,,,,,,,,,,,,,,,,,,,,,,,,,,,,,,,,,,,,,,,,,,,,,,,,,,,,,,,,,,,,,,,,,,,,,,,,,,,,,,,,,,,,,,,,,,,,,,,,,,,,,,,
2,Gondola,16,16,true,209,16,Withers | Swappage,10,6,0.625,0.375,155,10,Fragile Ground | Hot Potato,8,2,0.8,0.2,75,8,Acid Rain | Grounded,3,5,0.375,0.625,3,3,13,0.1875,6,Withers | Swappage | Fragile Ground | Hot Potato | Acid Rain | Grounded,false,excluding_recorder_when_alive,true,15,0,0,true,15,9,true,9,7,true,7,2,true,2,13,0.13333333333333333,,,,,,,,,,,,,,,,,,,,,,,,,,,,,,,,,,,,,,,,,,,,,,,,,,,,,,,,,,,,,,,,,,,,,,,,,,,,,,,,,,,,,,,,,,,,,,,,,,,,,,,,,,,,,,,,,,,,,,,,,,,,,,,,,,,,,,,,,,,,,,,,,,,,,,,,,,,,,,,,,,,,,,,,,,,,,,,,,,,,,,,,
2,Cruise Ship,16,16,true,221,15,Zombie Apocalypse | Hypixel Says,9,6,0.6,0.4,150,9,Withers | Purge,4,5,0.4444444444444444,0.5555555555555556,75,4,Meteor Shower | Half Health,1,3,0.25,0.75,3,1,15,0.0625,6,Zombie Apocalypse | Hypixel Says | Withers | Purge | Meteor Shower | Half Health,false,excluding_recorder_when_alive,true,15,1,1,true,14,8,true,8,3,true,3,0,true,0,15,0.0,wave_avg_deaths_v1,,,3,0,0,0.5714285714285714,,,,,,,,,,,,,,,,,,,,,,,,,,,,,,,,,,,,,,,,,,,,,,,,,,,,,,,,,,,,,,,,,,,,,,,,,,,,,,,,,,,,,,,,,,,,,,,,,,,,,,,,,,,,,,,,,,,,,,,,,,,,,,,,,,,,,,,,,,,,,,,,,,,,,,,,,,,,,,,,,,,,,,,,,,,,,,,,,
2,Paradise,16,16,true,201,16,The Floor is Lava | Anvil Rain,12,4,0.75,0.25,129,12,Stampede | Hypixel Says,7,5,0.5833333333333334,0.4166666666666667,58,7,Lightning | Nuke,5,2,0.7142857142857143,0.2857142857142857,3,5,11,0.3125,6,The Floor is Lava | Anvil Rain | Stampede | Hypixel Says | Lightning | Nuke,false,excluding_recorder_when_alive,true,15,0,0,true,15,11,true,11,6,true,6,4,true,4,11,0.26666666666666666,wave_avg_deaths_v1,,,4,3,2,1.4285714285714286,,,,,,,,,,,,,,,,,,,,,,,,,,,,,,,,,,,,,,,,,,,,,,,,,,,,,,,,,,,,,,,,,,,,,,,,,,,,,,,,,,,,,,,,,,,,,,,,,,,,,,,,,,,,,,,,,,,,,,,,,,,,,,,,,,,,,,,,,,,,,,,,,,,,,,,,,,,,,,,,,,,,,,,,,,,,,,,,,
2,Gondola,16,16,true,192,16,Dragons | Hypixel Says,13,3,0.8125,0.1875,128,13,Meteor Shower,11,2,0.8461538461538461,0.15384615384615385,76,11,Fragile Ground | Grounded,3,8,0.2727272727272727,0.7272727272727273,3,3,13,0.1875,5,Dragons | Hypixel Says | Meteor Shower | Fragile Ground | Grounded,false,excluding_recorder_when_alive,true,15,0,0,true,15,12,true,12,10,true,10,2,true,2,13,0.13333333333333333,exact_combo_avg_deaths_v1,,,4,5,9,10.571428571428571,,,,,,,,,,,,,,,,,,,,,,,,,,,,,,,,,,,,,,,,,,,,,,,,,,,,,,,,,,,,,,,,,,,,,,,,,,,,,,,,,,,,,,,,,,,,,,,,,,,,,,,,,,,,,,,,,,,,,,,,,,,,,,,,,,,,,,,,,,,,,,,,,,,,,,,,,,,,,,,,,,,,,,,,,,,,,,,,,
2,Area 52,16,16,true,161,15,Withers,14,1,0.9333333333333333,0.06666666666666667,101,14,TNT Rain | Hypixel Says,10,4,0.7142857142857143,0.2857142857142857,49,10,Sinkhole | Bat Swarm,10,0,1.0,0.0,3,10,6,0.625,5,Withers | TNT Rain | Hypixel Says | Sinkhole | Bat Swarm,false,excluding_recorder_when_alive,true,15,1,1,true,14,13,true,13,9,true,9,9,true,9,6,0.6,exact_combo_avg_deaths_v1,,,3,5,6,6.428571428571429,,,,,,,,,,,,,,,,,,,,,,,,,,,,,,,,,,,,,,,,,,,,,,,,,,,,,,,,,,,,,,,,,,,,,,,,,,,,,,,,,,,,,,,,,,,,,,,,,,,,,,,,,,,,,,,,,,,,,,,,,,,,,,,,,,,,,,,,,,,,,,,,,,,,,,,,,,,,,,,,,,,,,,,,,,,,,,,,,
2,Spaceship,16,16,true,202,16,Tornado | Disco,10,6,0.625,0.375,151,10,Sinkhole | Nuke,2,8,0.2,0.8,71,2,TNT Rain,0,2,0.0,1.0,3,0,16,0.0,5,Tornado | Disco | Sinkhole | Nuke | TNT Rain,false,excluding_recorder_when_alive,true,15,0,0,true,15,9,true,9,1,true,1,0,true,0,15,0.0,exact_combo_avg_deaths_v1,,,2,1,0,0.5714285714285714,,,,,,,,,,,,,,,,,,,,,,,,,,,,,,,,,,,,,,,,,,,,,,,,,,,,,,,,,,,,,,,,,,,,,,,,,,,,,,,,,,,,,,,,,,,,,,,,,,,,,,,,,,,,,,,,,,,,,,,,,,,,,,,,,,,,,,,,,,,,,,,,,,,,,,,,,,,,,,,,,,,,,,,,,,,,,,,,,
2,Paradise,16,16,true,194,16,TNT Rain | Werewolf,14,2,0.875,0.125,123,14,Zombie Apocalypse,7,7,0.5,0.5,69,7,Withers | Disco,1,6,0.14285714285714285,0.8571428571428571,3,1,15,0.0625,5,TNT Rain | Werewolf | Zombie Apocalypse | Withers | Disco,false,excluding_recorder_when_alive,true,15,0,0,true,15,13,true,13,6,true,6,0,true,0,15,0.0,exact_combo_avg_deaths_v1,,,1,7,2,5.857142857142857,,,,,,,,,,,,,,,,,,,,,,,,,,,,,,,,,,,,,,,,,,,,,,,,,,,,,,,,,,,,,,,,,,,,,,,,,,,,,,,,,,,,,,,,,,,,,,,,,,,,,,,,,,,,,,,,,,,,,,,,,,,,,,,,,,,,,,,,,,,,,,,,,,,,,,,,,,,,,,,,,,,,,,,,,,,,,,,,,
2,Monorail,16,16,true,207,15,Stampede,14,1,0.9333333333333333,0.06666666666666667,137,14,Dragons,9,5,0.6428571428571429,0.35714285714285715,57,9,TNT Rain | Nuke,6,3,0.6666666666666666,0.3333333333333333,3,6,10,0.375,4,Stampede | Dragons | TNT Rain | Nuke,false,excluding_recorder_when_alive,true,15,1,1,true,14,13,true,13,8,true,8,5,true,5,10,0.3333333333333333,exact_combo_avg_deaths_v1,,,4,7,8,3.0,,,,,,,,,,,,,,,,,,,,,,,,,,,,,,,,,,,,,,,,,,,,,,,,,,,,,,,,,,,,,,,,,,,,,,,,,,,,,,,,,,,,,,,,,,,,,,,,,,,,,,,,,,,,,,,,,,,,,,,,,,,,,,,,,,,,,,,,,,,,,,,,,,,,,,,,,,,,,,,,,,,,,,,,,,,,,,,,,
2,Castle,16,16,true,178,16,Sinkhole | Grounded,14,2,0.875,0.125,109,14,Withers,13,1,0.9285714285714286,0.07142857142857142,50,13,Stampede,7,6,0.5384615384615384,0.46153846153846156,3,7,9,0.4375,4,Sinkhole | Grounded | Withers | Stampede,false,excluding_recorder_when_alive,true,15,0,0,true,15,13,true,13,12,true,12,6,true,6,9,0.4,exact_combo_avg_deaths_v1,,,5,6,10,4.142857142857143,,,,,,,,,,,,,,,,,,,,,,,,,,,,,,,,,,,,,,,,,,,,,,,,,,,,,,,,,,,,,,,,,,,,,,,,,,,,,,,,,,,,,,,,,,,,,,,,,,,,,,,,,,,,,,,,,,,,,,,,,,,,,,,,,,,,,,,,,,,,,,,,,,,,,,,,,,,,,,,,,,,,,,,,,,,,,,,,,
2,Paradise,16,16,true,199,16,Lightning | Bat Swarm,14,2,0.875,0.125,121,14,Fragile Ground | Purge,7,7,0.5,0.5,49,7,Dragons | Hypixel Says,7,0,1.0,0.0,3,7,9,0.4375,6,Lightning | Bat Swarm | Fragile Ground | Purge | Dragons | Hypixel Says,false,excluding_recorder_when_alive,true,15,0,0,true,15,13,true,13,7,false,7,7,false,7,8,0.4666666666666667,exact_history_avg_deaths_v2,,,4,5,3,5.142857142857143,,,,,,,,,,,,,,,,,,,,,,,,,,,,,,,,,,,,,,,,,,,,,,,,,,,,,,,,,,,,,,,,,,,,,,,,,,,,,,,,,,,,,,,,,,,,,,,,,,,,,,,,,,,,,,,,,,,,,,,,,,,,,,,,,,,,,,,,,,,,,,,,,,,,,,,,,,,,,,,,,,,,,,,,,,,,,,,,,
3,Castle,16,16,true,197,16,Lightning | Hypixel Says,12,4,0.75,0.25,126,12,Tornado | Purge,5,7,0.4166666666666667,0.5833333333333334,61,5,Sinkhole | Disco,3,2,0.6,0.4,3,3,13,0.1875,6,Lightning | Hypixel Says | Tornado | Purge | Sinkhole | Disco,false,excluding_recorder_when_alive,true,15,0,0,true,15,11,true,11,5,false,5,3,false,3,12,0.2,exact_history_avg_deaths_v2,,,4,3,1,1.2857142857142858,true,,,,,,,,,,,,,,,,,,,,,,,,,,,,,,,,,,,,,,,,,,,,,,,,,,,,,,,,,,,,,,,,,,,,,,,,,,,,,,,,,,,,,,,,,,,,,,,,,,,,,,,,,,,,,,,,,,,,,,,,,,,,,,,,,,,,,,,,,,,,,,,,,,,,,,,,,,,,,,,,,,,,,,,,,,,,,,,,
3,Cruise Ship,16,16,true,202,16,Stampede | Swappage,13,3,0.8125,0.1875,152,13,Tornado,8,5,0.6153846153846154,0.38461538461538464,73,8,Meteor Shower | Anvil Rain,3,5,0.375,0.625,3,3,13,0.1875,5,Stampede | Swappage | Tornado | Meteor Shower | Anvil Rain,false,excluding_recorder_when_alive,true,15,0,0,true,15,12,true,12,8,false,8,3,false,3,12,0.2,exact_history_avg_deaths_v2,,,4,4,4,1.0,true,,,,,,,,,,,,,,,,,,,,,,,,,,,,,,,,,,,,,,,,,,,,,,,,,,,,,,,,,,,,,,,,,,,,,,,,,,,,,,,,,,,,,,,,,,,,,,,,,,,,,,,,,,,,,,,,,,,,,,,,,,,,,,,,,,,,,,,,,,,,,,,,,,,,,,,,,,,,,,,,,,,,,,,,,,,,,,,,
3,Monorail,16,16,true,190,16,Stampede,13,3,0.8125,0.1875,136,13,Lightning | Blackout,10,3,0.7692307692307693,0.23076923076923078,74,10,"Dragons | Red Light, Green Light",0,10,0.0,1.0,3,0,16,0.0,5,"Stampede | Lightning | Blackout | Dragons | Red Light, Green Light",false,excluding_recorder_when_alive,true,15,0,0,true,15,13,false,13,10,false,10,0,false,0,15,0.0,exact_history_avg_deaths_v2,,,6,4,7,13.285714285714286,true,,,,,,,,,,,,,,,,,,,,,,,,,,,,,,,,,,,,,,,,,,,,,,,,,,,,,,,,,,,,,,,,,,,,,,,,,,,,,,,,,,,,,,,,,,,,,,,,,,,,,,,,,,,,,,,,,,,,,,,,,,,,,,,,,,,,,,,,,,,,,,,,,,,,,,,,,,,,,,,,,,,,,,,,,,,,,,,,
3,Gondola,15,16,true,205,16,The Floor is Lava | Nuke,14,2,0.875,0.125,142,14,Acid Rain | Hypixel Says,8,6,0.5714285714285714,0.42857142857142855,72,8,Dragons | Bat Swarm,2,6,0.25,0.75,3,2,13,0.13333333333333333,6,The Floor is Lava | Nuke | Acid Rain | Hypixel Says | Dragons | Bat Swarm,false,excluding_recorder_when_alive,true,14,-1,-1,true,15,13,true,13,7,true,7,2,false,2,12,0.14285714285714285,exact_history_avg_deaths_v2,,,2,7,4,4.0,true,,,,,,,,,,,,,,,,,,,,,,,,,,,,,,,,,,,,,,,,,,,,,,,,,,,,,,,,,,,,,,,,,,,,,,,,,,,,,,,,,,,,,,,,,,,,,,,,,,,,,,,,,,,,,,,,,,,,,,,,,,,,,,,,,,,,,,,,,,,,,,,,,,,,,,,,,,,,,,,,,,,,,,,,,,,,,,,,
3,Castle,16,16,true,202,16,Tornado | Anvil Rain,15,1,0.9375,0.0625,144,15,"Stampede | Red Light, Green Light",7,8,0.4666666666666667,0.5333333333333333,68,7,TNT Rain,2,5,0.2857142857142857,0.7142857142857143,3,2,14,0.125,5,"Tornado | Anvil Rain | Stampede | Red Light, Green Light | TNT Rain",false,excluding_recorder_when_alive,true,15,0,0,true,15,14,true,14,6,true,6,2,false,2,13,0.13333333333333333,exact_history_avg_deaths_v2,,,2,10,1,5.428571428571429,true,,,,,,,,,,,,,,,,,,,,,,,,,,,,,,,,,,,,,,,,,,,,,,,,,,,,,,,,,,,,,,,,,,,,,,,,,,,,,,,,,,,,,,,,,,,,,,,,,,,,,,,,,,,,,,,,,,,,,,,,,,,,,,,,,,,,,,,,,,,,,,,,,,,,,,,,,,,,,,,,,,,,,,,,,,,,,,,,
3,Spaceship,16,16,true,186,16,Withers,14,2,0.875,0.125,131,14,Zombie Apocalypse,8,6,0.5714285714285714,0.42857142857142855,65,8,Fragile Ground | Grounded,1,7,0.125,0.875,3,1,15,0.0625,4,Withers | Zombie Apocalypse | Fragile Ground | Grounded,false,excluding_recorder_when_alive,true,15,0,0,true,15,13,true,13,8,false,8,1,false,1,14,0.06666666666666667,exact_history_avg_deaths_v2,,,6,5,8,12.571428571428571,true,,,,,,,,,,,,,,,,,,,,,,,,,,,,,,,,,,,,,,,,,,,,,,,,,,,,,,,,,,,,,,,,,,,,,,,,,,,,,,,,,,,,,,,,,,,,,,,,,,,,,,,,,,,,,,,,,,,,,,,,,,,,,,,,,,,,,,,,,,,,,,,,,,,,,,,,,,,,,,,,,,,,,,,,,,,,,,,,
3,Monorail,15,16,true,189,15,Lightning,13,2,0.8666666666666667,0.13333333333333333,129,13,"Sinkhole | Red Light, Green Light",11,2,0.8461538461538461,0.15384615384615385,63,11,Zombie Apocalypse | Blackout,1,10,0.09090909090909091,0.9090909090909091,3,1,14,0.06666666666666667,5,"Lightning | Sinkhole | Red Light, Green Light | Zombie Apocalypse | Blackout",false,excluding_recorder_when_alive,true,14,0,0,true,14,13,false,13,11,false,11,1,false,1,13,0.07142857142857142,exact_history_avg_deaths_v3,,,4,7,6,10.571428571428571,true,,,,,,,,,,,,,,,,,,,,,,,,,,,,,,,,,,,,,,,,,,,,,,,,,,,,,,,,,,,,,,,,,,,,,,,,,,,,,,,,,,,,,,,,,,,,,,,,,,,,,,,,,,,,,,,,,,,,,,,,,,,,,,,,,,,,,,,,,,,,,,,,,,,,,,,,,,,,,,,,,,,,,,,,,,,,,,,,
3,Area 52,16,16,true,203,16,Withers,11,5,0.6875,0.3125,134,11,Zombie Apocalypse | Hypixel Says,5,6,0.45454545454545453,0.5454545454545454,60,5,The Floor is Lava | Anvil Rain,0,5,0.0,1.0,3,0,16,0.0,5,Withers | Zombie Apocalypse | Hypixel Says | The Floor is Lava | Anvil Rain,false,excluding_recorder_when_alive,true,15,0,0,true,15,11,false,11,5,false,5,0,false,0,15,0.0,exact_history_avg_deaths_v3,,,6,3,1,3.857142857142857,true,,,,,,,,,,,,,,,,,,,,,,,,,,,,,,,,,,,,,,,,,,,,,,,,,,,,,,,,,,,,,,,,,,,,,,,,,,,,,,,,,,,,,,,,,,,,,,,,,,,,,,,,,,,,,,,,,,,,,,,,,,,,,,,,,,,,,,,,,,,,,,,,,,,,,,,,,,,,,,,,,,,,,,,,,,,,,,,,
3,Gondola,16,16,true,186,16,Dragons | Werewolf,13,3,0.8125,0.1875,121,13,TNT Rain | Anvil Rain,9,4,0.6923076923076923,0.3076923076923077,51,9,Sinkhole | Swappage,7,2,0.7777777777777778,0.2222222222222222,3,7,9,0.4375,6,Dragons | Werewolf | TNT Rain | Anvil Rain | Sinkhole | Swappage,false,excluding_recorder_when_alive,true,15,0,0,true,15,13,false,13,9,false,9,7,false,7,8,0.4666666666666667,exact_history_avg_deaths_v3,,,4,5,5,2.2857142857142856,true,,,,,,,,,,,,,,,,,,,,,,,,,,,,,,,,,,,,,,,,,,,,,,,,,,,,,,,,,,,,,,,,,,,,,,,,,,,,,,,,,,,,,,,,,,,,,,,,,,,,,,,,,,,,,,,,,,,,,,,,,,,,,,,,,,,,,,,,,,,,,,,,,,,,,,,,,,,,,,,,,,,,,,,,,,,,,,,,
3,Arctic Lab,16,16,true,201,16,Tornado,12,4,0.75,0.25,130,12,Lightning | Swappage,3,9,0.25,0.75,50,3,Meteor Shower | Hypixel Says,2,1,0.6666666666666666,0.3333333333333333,3,2,14,0.125,5,Tornado | Lightning | Swappage | Meteor Shower | Hypixel Says,false,excluding_recorder_when_alive,true,15,0,0,true,15,12,false,12,3,false,3,2,false,2,13,0.13333333333333333,exact_history_avg_deaths_v3,,,4,4,0,2.0,true,,,,,,,,,,,,,,,,,,,,,,,,,,,,,,,,,,,,,,,,,,,,,,,,,,,,,,,,,,,,,,,,,,,,,,,,,,,,,,,,,,,,,,,,,,,,,,,,,,,,,,,,,,,,,,,,,,,,,,,,,,,,,,,,,,,,,,,,,,,,,,,,,,,,,,,,,,,,,,,,,,,,,,,,,,,,,,,,
3,Paradise,16,16,true,189,16,Sinkhole | Grounded,16,0,1.0,0.0,118,16,Stampede | Purge,10,6,0.625,0.375,63,10,Lightning,7,3,0.7,0.3,3,7,9,0.4375,5,Sinkhole | Grounded | Stampede | Purge | Lightning,false,excluding_recorder_when_alive,true,15,0,0,true,15,15,true,15,10,false,10,7,false,7,8,0.4666666666666667,exact_history_avg_deaths_v3,,,6,7,9,1.2857142857142858,true,,,,,,,,,,,,,,,,,,,,,,,,,,,,,,,,,,,,,,,,,,,,,,,,,,,,,,,,,,,,,,,,,,,,,,,,,,,,,,,,,,,,,,,,,,,,,,,,,,,,,,,,,,,,,,,,,,,,,,,,,,,,,,,,,,,,,,,,,,,,,,,,,,,,,,,,,,,,,,,,,,,,,,,,,,,,,,,,
3,Cruise Ship,16,16,true,199,16,Lightning | Anvil Rain,15,1,0.9375,0.0625,146,15,Fragile Ground | Werewolf,11,4,0.7333333333333333,0.26666666666666666,68,11,TNT Rain,8,3,0.7272727272727273,0.2727272727272727,3,8,8,0.5,5,Lightning | Anvil Rain | Fragile Ground | Werewolf | TNT Rain,false,excluding_recorder_when_alive,true,15,0,0,true,15,14,true,14,11,false,11,8,false,8,7,0.5333333333333333,exact_history_avg_deaths_v3,,,6,6,9,1.4285714285714286,true,,,,,,,,,,,,,,,,,,,,,,,,,,,,,,,,,,,,,,,,,,,,,,,,,,,,,,,,,,,,,,,,,,,,,,,,,,,,,,,,,,,,,,,,,,,,,,,,,,,,,,,,,,,,,,,,,,,,,,,,,,,,,,,,,,,,,,,,,,,,,,,,,,,,,,,,,,,,,,,,,,,,,,,,,,,,,,,,
3,Cruise Ship,15,16,true,201,15,Lightning | Nuke,13,2,0.8666666666666667,0.13333333333333333,128,13,Acid Rain,10,3,0.7692307692307693,0.23076923076923078,63,10,Tornado | Half Health,7,3,0.7,0.3,3,7,8,0.4666666666666667,5,Lightning | Nuke | Acid Rain | Tornado | Half Health,false,excluding_recorder_when_alive,true,14,0,0,true,14,12,true,12,9,true,9,7,false,7,7,0.5,exact_history_avg_deaths_v3,,,3,5,5,2.7142857142857144,true,,,,,,,,,,,,,,,,,,,,,,,,,,,,,,,,,,,,,,,,,,,,,,,,,,,,,,,,,,,,,,,,,,,,,,,,,,,,,,,,,,,,,,,,,,,,,,,,,,,,,,,,,,,,,,,,,,,,,,,,,,,,,,,,,,,,,,,,,,,,,,,,,,,,,,,,,,,,,,,,,,,,,,,,,,,,,,,,
3,Spaceship,16,16,true,190,16,Sinkhole,15,1,0.9375,0.0625,134,15,Zombie Apocalypse,10,5,0.6666666666666666,0.3333333333333333,75,10,Lightning,2,8,0.2,0.8,3,2,14,0.125,3,Sinkhole | Zombie Apocalypse | Lightning,false,excluding_recorder_when_alive,true,15,0,0,true,15,15,false,15,10,false,10,2,false,2,13,0.13333333333333333,exact_history_avg_deaths_v3,,,7,5,8,11.142857142857142,true,,,,,,,,,,,,,,,,,,,,,,,,,,,,,,,,,,,,,,,,,,,,,,,,,,,,,,,,,,,,,,,,,,,,,,,,,,,,,,,,,,,,,,,,,,,,,,,,,,,,,,,,,,,,,,,,,,,,,,,,,,,,,,,,,,,,,,,,,,,,,,,,,,,,,,,,,,,,,,,,,,,,,,,,,,,,,,,,
3,Gondola,16,16,true,203,16,Flood | Hot Potato,15,1,0.9375,0.0625,142,15,Dragons | Nuke,9,6,0.6,0.4,69,9,Meteor Shower | Swappage,3,6,0.3333333333333333,0.6666666666666666,3,3,13,0.1875,6,Flood | Hot Potato | Dragons | Nuke | Meteor Shower | Swappage,false,excluding_recorder_when_alive,true,15,0,0,true,15,15,false,15,9,false,9,3,false,3,12,0.2,exact_history_avg_deaths_v3,,,4,7,5,3.2857142857142856,true,,,,,,,,,,,,,,,,,,,,,,,,,,,,,,,,,,,,,,,,,,,,,,,,,,,,,,,,,,,,,,,,,,,,,,,,,,,,,,,,,,,,,,,,,,,,,,,,,,,,,,,,,,,,,,,,,,,,,,,,,,,,,,,,,,,,,,,,,,,,,,,,,,,,,,,,,,,,,,,,,,,,,,,,,,,,,,,,
3,Paradise,16,16,true,203,16,Lightning | Swappage,15,1,0.9375,0.0625,149,15,Withers | Purge,10,5,0.6666666666666666,0.3333333333333333,79,10,Flood | Hot Potato,0,10,0.0,1.0,3,0,16,0.0,6,Lightning | Swappage | Withers | Purge | Flood | Hot Potato,false,excluding_recorder_when_alive,true,15,0,0,true,15,14,true,14,9,true,9,0,false,0,15,0.0,exact_history_avg_deaths_v3,,,4,5,5,9.571428571428571,true,,,,,,,,,,,,,,,,,,,,,,,,,,,,,,,,,,,,,,,,,,,,,,,,,,,,,,,,,,,,,,,,,,,,,,,,,,,,,,,,,,,,,,,,,,,,,,,,,,,,,,,,,,,,,,,,,,,,,,,,,,,,,,,,,,,,,,,,,,,,,,,,,,,,,,,,,,,,,,,,,,,,,,,,,,,,,,,,
3,Cruise Ship,16,16,true,194,16,Withers | Blackout,13,3,0.8125,0.1875,135,13,Lightning | Swappage,13,0,1.0,0.0,77,13,Fragile Ground | Grounded,8,5,0.6153846153846154,0.38461538461538464,3,8,8,0.5,6,Withers | Blackout | Lightning | Swappage | Fragile Ground | Grounded,false,excluding_recorder_when_alive,true,15,0,0,true,15,12,true,12,12,true,12,8,false,8,7,0.5333333333333333,exact_history_avg_deaths_v3,,,1,0,7,7.714285714285714,true,,,,,,,,,,,,,,,,,,,,,,,,,,,,,,,,,,,,,,,,,,,,,,,,,,,,,,,,,,,,,,,,,,,,,,,,,,,,,,,,,,,,,,,,,,,,,,,,,,,,,,,,,,,,,,,,,,,,,,,,,,,,,,,,,,,,,,,,,,,,,,,,,,,,,,,,,,,,,,,,,,,,,,,,,,,,,,,,
3,Cruise Ship,15,16,true,205,15,Zombie Apocalypse | Hypixel Says,10,5,0.6666666666666666,0.3333333333333333,138,10,TNT Rain | Disco,7,3,0.7,0.3,59,7,Stampede | Nuke,5,2,0.7142857142857143,0.2857142857142857,3,5,10,0.3333333333333333,6,Zombie Apocalypse | Hypixel Says | TNT Rain | Disco | Stampede | Nuke,false,excluding_recorder_when_alive,true,14,0,0,true,14,10,false,10,7,false,7,5,false,5,9,0.35714285714285715,exact_history_avg_deaths_v3,,,0,0,3,5.428571428571429,true,,,,,,,,,,,,,,,,,,,,,,,,,,,,,,,,,,,,,,,,,,,,,,,,,,,,,,,,,,,,,,,,,,,,,,,,,,,,,,,,,,,,,,,,,,,,,,,,,,,,,,,,,,,,,,,,,,,,,,,,,,,,,,,,,,,,,,,,,,,,,,,,,,,,,,,,,,,,,,,,,,,,,,,,,,,,,,,,
3,Melon Mall,16,16,true,200,16,Tornado | Werewolf,15,1,0.9375,0.0625,128,15,Zombie Apocalypse | Anvil Rain,10,5,0.6666666666666666,0.3333333333333333,49,10,Stampede | Bat Swarm,6,4,0.6,0.4,3,6,10,0.375,6,Tornado | Werewolf | Zombie Apocalypse | Anvil Rain | Stampede | Bat Swarm,false,excluding_recorder_when_alive,true,15,0,0,true,15,14,true,14,10,false,10,6,false,6,9,0.4,exact_history_avg_deaths_v3,,,4,6,6,0.2857142857142857,true,,,,,,,,,,,,,,,,,,,,,,,,,,,,,,,,,,,,,,,,,,,,,,,,,,,,,,,,,,,,,,,,,,,,,,,,,,,,,,,,,,,,,,,,,,,,,,,,,,,,,,,,,,,,,,,,,,,,,,,,,,,,,,,,,,,,,,,,,,,,,,,,,,,,,,,,,,,,,,,,,,,,,,,,,,,,,,,,
3,Paradise,15,16,true,214,15,Flood | Hypixel Says,15,0,1.0,0.0,155,15,Tornado | Anvil Rain,12,3,0.8,0.2,79,12,"Zombie Apocalypse | Red Light, Green Light",2,10,0.16666666666666666,0.8333333333333334,3,2,13,0.13333333333333333,6,"Flood | Hypixel Says | Tornado | Anvil Rain | Zombie Apocalypse | Red Light, Green Light",false,excluding_recorder_when_alive,true,14,0,0,true,14,14,true,14,11,true,11,1,true,1,13,0.07142857142857142,exact_history_avg_deaths_v3,,,3,6,7,11.714285714285714,true,,,,,,,,,,,,,,,,,,,,,,,,,,,,,,,,,,,,,,,,,,,,,,,,,,,,,,,,,,,,,,,,,,,,,,,,,,,,,,,,,,,,,,,,,,,,,,,,,,,,,,,,,,,,,,,,,,,,,,,,,,,,,,,,,,,,,,,,,,,,,,,,,,,,,,,,,,,,,,,,,,,,,,,,,,,,,,,,
3,Castle,16,16,true,178,16,Withers | Swappage,13,3,0.8125,0.1875,128,13,Tornado | Hot Potato,10,3,0.7692307692307693,0.23076923076923078,57,10,Meteor Shower | Anvil Rain,7,3,0.7,0.3,3,7,9,0.4375,6,Withers | Swappage | Tornado | Hot Potato | Meteor Shower | Anvil Rain,false,excluding_recorder_when_alive,true,15,0,0,true,15,12,true,12,9,true,9,7,false,7,8,0.4666666666666667,exact_history_avg_deaths_v3,,,2,4,4,4.857142857142857,true,Withers=2 | Swappage=2 | Tornado=2 | Hot Potato=3 | Meteor Shower=0 | Anvil Rain=0,,,,,,,,,,,,,,,,,,,,,,,,,,,,,,,,,,,,,,,,,,,,,,,,,,,,,,,,,,,,,,,,,,,,,,,,,,,,,,,,,,,,,,,,,,,,,,,,,0,0,0,0,0,0,0,0,0,0,3,0,0,0,0,0,0,0,0,0,2,0,0,2,0,2,0,,,,,,,,,,,,,,,,,,,,,,,,,,,,,,,,,,,,,,,,,,,,,,,,,,,,
3,Paradise,16,16,true,220,16,Flood | Nuke,15,1,0.9375,0.0625,146,15,Fragile Ground | Bat Swarm,11,4,0.7333333333333333,0.26666666666666666,73,11,Zombie Apocalypse,2,9,0.18181818181818182,0.8181818181818182,3,2,14,0.125,5,Flood | Nuke | Fragile Ground | Bat Swarm | Zombie Apocalypse,false,excluding_recorder_when_alive,true,15,0,0,true,15,14,true,14,10,true,10,2,false,2,13,0.13333333333333333,exact_history_avg_deaths_v3,,,5,1,6,4.857142857142857,true,Flood=6 | Nuke=5 | Fragile Ground=0 | Bat Swarm=0 | Zombie Apocalypse=5,,,,,,,,,,,,,,,,,,,,,,,,,,,,,,,,,,,,,,,,,,,,,,,,,,,,,,,,,,,,,,,,,,,,,,,,,,,,,,,,,,,,,,,,,,,,,,,,,0,0,0,0,0,0,6,0,0,0,0,0,0,0,5,0,0,0,0,0,0,0,0,0,0,0,5,,,,,,,,,,,,,,,,,,,,,,,,,,,,,,,,,,,,,,,,,,,,,,,,,,,,
3,Area 52,14,16,true,212,14,Sinkhole,13,1,0.9285714285714286,0.07142857142857142,136,13,Zombie Apocalypse | Grounded,7,6,0.5384615384615384,0.46153846153846156,76,7,"Dragons | Red Light, Green Light",6,1,0.8571428571428571,0.14285714285714285,3,6,8,0.42857142857142855,5,"Sinkhole | Zombie Apocalypse | Grounded | Dragons | Red Light, Green Light",false,excluding_recorder_when_alive,true,13,0,0,true,13,12,true,12,7,false,7,6,false,6,7,0.46153846153846156,exact_history_avg_deaths_v3,,,5,4,0,9.285714285714286,true,"Sinkhole=0 | Zombie Apocalypse=4 | Grounded=1 | Dragons=0 | Red Light, Green Light=0",,,,,,,,,,,,,,,,,,,,,,,,,,,,,,,,,,,,,,,,,,,,,,,,,,,,,,,,,,,,,,,,,,,,,,,,,,,,,,,,,,,,,,,,,,,,,,,,,0,0,0,0,0,0,0,0,1,0,0,0,0,0,0,0,0,0,0,0,0,0,0,0,0,0,4,,,,,,,,,,,,,,,,,,,,,,,,,,,,,,,,,,,,,,,,,,,,,,,,,,,,
3,Castle,16,16,true,167,16,The Floor is Lava | Grounded,10,6,0.625,0.375,111,10,Sinkhole,10,0,1.0,0.0,59,10,Withers | Purge,5,5,0.5,0.5,3,5,11,0.3125,5,The Floor is Lava | Grounded | Sinkhole | Withers | Purge,false,excluding_recorder_when_alive,true,15,0,0,true,15,9,true,9,9,true,9,5,false,5,10,0.3333333333333333,exact_history_avg_deaths_v3,,,4,3,5,0.7142857142857143,true,The Floor is Lava=2 | Grounded=1 | Sinkhole=2 | Withers=0 | Purge=1,,,,,,,,,,,,,,,,,,,,,,,,,,,,,,,,,,,,,,,,,,,,,,,,,,,,,,,,,,,,,,,,,,,,,,,,,,,,,,,,,,,,,,,,,,,,,,,,,0,0,0,0,0,0,0,0,1,0,0,0,0,0,0,1,0,2,0,0,0,2,0,0,0,0,0,,,,,,,,,,,,,,,,,,,,,,,,,,,,,,,,,,,,,,,,,,,,,,,,,,,,
3,Oil Rig,16,16,true,213,16,"Stampede | Red Light, Green Light",12,4,0.75,0.25,137,12,Lightning | Nuke,7,5,0.5833333333333334,0.4166666666666667,63,7,Sinkhole | Purge,1,6,0.14285714285714285,0.8571428571428571,3,1,15,0.0625,6,"Stampede | Red Light, Green Light | Lightning | Nuke | Sinkhole | Purge",false,excluding_recorder_when_alive,true,15,0,0,true,15,12,false,12,7,false,7,1,false,1,14,0.06666666666666667,exact_history_avg_deaths_v3,,,4,4,3,2.857142857142857,true,"Stampede=0 | Red Light, Green Light=0 | Lightning=0 | Nuke=5 | Sinkhole=0 | Purge=1",,,,,,,,,,,,,,,,,,,,,,,,,,,,,,,,,,,,,,,,,,,,,,,,,,,,,,,,,,,,,,,,,,,,,,,,,,,,,,,,,,,,,,,,,,,,,,,,,0,0,0,0,0,0,0,0,0,0,0,0,0,0,5,1,0,0,0,0,0,0,0,0,0,0,0,,,,,,,,,,,,,,,,,,,,,,,,,,,,,,,,,,,,,,,,,,,,,,,,,,,,
3,Paradise,15,16,true,186,15,Zombie Apocalypse,9,6,0.6,0.4,128,9,TNT Rain,9,0,1.0,0.0,53,9,Dragons | Nuke,6,3,0.6666666666666666,0.3333333333333333,3,6,9,0.4,4,Zombie Apocalypse | TNT Rain | Dragons | Nuke,false,excluding_recorder_when_alive,true,14,0,0,true,14,9,false,9,9,false,9,6,false,6,8,0.42857142857142855,exact_history_avg_deaths_v3,,,4,2,5,2.857142857142857,true,Zombie Apocalypse=1 | TNT Rain=2 | Dragons=0 | Nuke=5,,,,,,,,,,,,,,,,,,,,,,,,,,,,,,,,,,,,,,,,,,,,,,,,,,,,,,,,,,,,,,,,,,,,,,,,,,,,,,,,,,,,,,,,,,,,,,,,,0,0,0,0,0,0,0,0,0,0,0,0,0,0,5,0,0,0,0,0,0,0,2,0,0,0,1,,,,,,,,,,,,,,,,,,,,,,,,,,,,,,,,,,,,,,,,,,,,,,,,,,,,
3,Cruise Ship,16,16,true,216,16,Withers,15,1,0.9375,0.0625,146,15,Zombie Apocalypse | Nuke,3,12,0.2,0.8,74,3,Sinkhole | Bat Swarm,1,2,0.3333333333333333,0.6666666666666666,3,1,15,0.0625,5,Withers | Zombie Apocalypse | Nuke | Sinkhole | Bat Swarm,false,excluding_recorder_when_alive,true,15,0,0,true,15,15,false,15,3,false,3,1,false,1,14,0.06666666666666667,exact_history_avg_deaths_v3,,,5,7,0,5.857142857142857,true,Withers=1 | Zombie Apocalypse=8 | Nuke=5 | Sinkhole=0 | Bat Swarm=0,,,,,,,,,,,,,,,,,,,,,,,,,,,,,,,,,,,,,,,,,,,,,,,,,,,,,,,,,,,,,,,,,,,,,,,,,,,,,,,,,,,,,,,,,,,,,,,,,0,0,0,0,0,0,0,0,0,0,0,0,0,0,5,0,0,0,0,0,0,0,0,0,0,1,8,,,,,,,,,,,,,,,,,,,,,,,,,,,,,,,,,,,,,,,,,,,,,,,,,,,,
3,Melon Mall,16,16,true,174,16,Sinkhole,15,1,0.9375,0.0625,113,15,Dragons,14,1,0.9333333333333333,0.06666666666666667,53,14,Acid Rain | Swappage,10,4,0.7142857142857143,0.2857142857142857,3,10,6,0.625,4,Sinkhole | Dragons | Acid Rain | Swappage,false,excluding_recorder_when_alive,true,15,0,0,true,15,14,true,14,13,true,13,10,false,10,5,0.6666666666666666,exact_history_avg_deaths_v3,false,,7,6,9,3.142857142857143,true,Sinkhole=1 | Dragons=1 | Acid Rain=3 | Swappage=0 | Fall=0 | None=19,0,,,,,,,,,,,,,,,,,,,,,,,,,,,,,,,,,,,,,,,,,,,,,,,,,,,,,,,,,,,,,,,,,,,,,,,,,,,,,,,,,,,,,,,,,,,,,,,,3,0,0,0,0,1,0,0,0,0,0,0,0,0,0,0,0,1,0,0,0,0,0,0,0,0,0,0,,,,,,,,,,,,,,,,,,,,,,,,,,,,,,,,,,,,,,,,,,,,,,,,,,,
3,Castle,14,16,true,171,14,Meteor Shower,13,1,0.9285714285714286,0.07142857142857142,116,13,The Floor is Lava,8,5,0.6153846153846154,0.38461538461538464,57,8,Stampede,4,4,0.5,0.5,3,4,10,0.2857142857142857,3,Meteor Shower | The Floor is Lava | Stampede,false,excluding_recorder_when_alive,true,13,0,0,true,13,12,true,12,7,true,7,4,false,4,9,0.3076923076923077,exact_history_avg_deaths_v3,false,,2,4,3,0.8571428571428571,true,Meteor Shower=0 | The Floor is Lava=1 | Stampede=1 | Fall=0 | None=25,0,,,,,,,,,,,,,,,,,,,,,,,,,,,,,,,,,,,,,,,,,,,,,,,,,,,,,,,,,,,,,,,,,,,,,,,,,,,,,,,,,,,,,,,,,,,,,,,,0,0,0,0,0,0,0,0,0,0,0,0,0,0,0,0,0,0,0,1,0,1,0,0,0,0,0,0,,,,,,,,,,,,,,,,,,,,,,,,,,,,,,,,,,,,,,,,,,,,,,,,,,,
3,Area 52,16,16,true,215,16,Flood | Hot Potato,12,4,0.75,0.25,149,12,Stampede | Grounded,6,6,0.5,0.5,77,6,TNT Rain | Anvil Rain,2,4,0.3333333333333333,0.6666666666666666,3,2,14,0.125,6,Flood | Hot Potato | Stampede | Grounded | TNT Rain | Anvil Rain,false,excluding_recorder_when_alive,true,15,0,0,true,15,12,false,12,6,false,6,2,false,2,13,0.13333333333333333,exact_history_avg_deaths_v3,false,,7,4,2,2.0,true,Flood=10 | Hot Potato=0 | Stampede=1 | Grounded=0 | TNT Rain=0 | Anvil Rain=2 | Fall=0 | None=13,0,,,,,,,,,,,,,,,,,,,,,,,,,,,,,,,,,,,,,,,,,,,,,,,,,,,,,,,,,,,,,,,,,,,,,,,,,,,,,,,,,,,,,,,,,,,,,,,,0,2,0,0,0,0,10,0,0,0,0,0,0,0,0,0,0,0,0,1,0,0,0,0,0,0,0,0,,,,,,,,,,,,,,,,,,,,,,,,,,,,,,,,,,,,,,,,,,,,,,,,,,,
3,Monorail,16,16,true,182,16,Lightning | Grounded,13,3,0.8125,0.1875,105,13,Withers,12,1,0.9230769230769231,0.07692307692307693,51,12,Fragile Ground | Blackout,9,3,0.75,0.25,3,9,7,0.5625,5,Lightning | Grounded | Withers | Fragile Ground | Blackout,false,excluding_recorder_when_alive,true,15,0,0,true,15,12,true,12,11,true,11,9,false,9,6,0.6,exact_history_avg_deaths_v3,false,,7,5,7,3.4285714285714284,true,Lightning=0 | Grounded=0 | Withers=2 | Fragile Ground=0 | Blackout=0 | Fall=0 | None=20,0,,,,,,,,,,,,,,,,,,,,,,,,,,,,,,,,,,,,,,,,,,,,,,,,,,,,,,,,,,,,,,,,,,,,,,,,,,,,,,,,,,,,,,,,,,,,,,,,0,0,0,0,0,0,0,0,0,0,0,0,0,0,0,0,0,0,0,0,0,0,0,0,0,2,0,0,,,,,,,,,,,,,,,,,,,,,,,,,,,,,,,,,,,,,,,,,,,,,,,,,,,
3,Arctic Lab,15,16,true,196,15,Tornado | Blackout,13,2,0.8666666666666667,0.13333333333333333,138,13,Dragons | Purge,7,6,0.5384615384615384,0.46153846153846156,74,7,Fragile Ground | Half Health,5,2,0.7142857142857143,0.2857142857142857,3,5,10,0.3333333333333333,6,Tornado | Blackout | Dragons | Purge | Fragile Ground | Half Health,false,excluding_recorder_when_alive,true,14,0,0,true,14,12,true,12,7,false,7,5,false,5,9,0.35714285714285715,exact_history_avg_deaths_v3,false,,3,4,3,1.7142857142857142,true,Tornado=4 | Blackout=0 | Dragons=1 | Purge=1 | Fragile Ground=0 | Half Health=0 | Fall=2 | Chats=16,2,,,,,,,,,,,,,,,,,,,,,,,,,,,,,,,,,,,,,,,,,,,,,,,,,,,,,,,,,,,,,,,,,,,,,,,,,,,,,,,,,,,,,,,,,,,,,,,,0,0,0,0,0,1,0,0,0,0,0,0,0,0,0,1,0,0,0,0,0,0,0,4,0,0,0,0,,,,,,,,,,,,,,,,,,,,,,,,,,,,,,,,,,,,,,,,,,,,,,,,,,,
3,Monorail,15,16,true,182,15,Meteor Shower,12,3,0.8,0.2,129,12,"Zombie Apocalypse | Red Light, Green Light",6,6,0.5,0.5,61,6,Lightning | Grounded,1,5,0.16666666666666666,0.8333333333333334,3,1,14,0.06666666666666667,5,"Meteor Shower | Zombie Apocalypse | Red Light, Green Light | Lightning | Grounded",false,excluding_recorder_when_alive,true,14,0,0,true,14,12,false,12,6,false,6,1,false,1,13,0.07142857142857142,exact_history_avg_deaths_v3,false,,5,4,2,2.7142857142857144,true,"Meteor Shower=5 | Zombie Apocalypse=3 | Red Light, Green Light=1 | Lightning=0 | Grounded=0 | Fall=3 | Chats=11",3,,,,,,,,,,,,,,,,,,,,,,,,,,,,,,,,,,,,,,,,,,,,,,,,,,,,,,,,,,,,,,,,,,,,,,,,,,,,,,,,,,,,,,,,,,,,,,,,0,0,0,0,0,0,0,0,0,0,0,0,0,5,0,0,1,0,0,0,0,0,0,0,0,0,3,0,,,,,,,,,,,,,,,,,,,,,,,,,,,,,,,,,,,,,,,,,,,,,,,,,,,
3,Library,15,16,true,184,15,"Lightning | Red Light, Green Light",7,8,0.4666666666666667,0.5333333333333333,115,7,TNT Rain | Bat Swarm,4,3,0.5714285714285714,0.42857142857142855,56,4,Zombie Apocalypse | Blackout,0,4,0.0,1.0,3,0,15,0.0,6,"Lightning | Red Light, Green Light | TNT Rain | Bat Swarm | Zombie Apocalypse | Blackout",false,excluding_recorder_when_alive,true,14,0,0,true,14,7,false,7,4,false,4,0,false,0,14,0.0,exact_history_avg_deaths_v3,false,,3,0,0,0.5714285714285714,true,"Lightning=0 | Red Light, Green Light=1 | TNT Rain=0 | Bat Swarm=0 | Zombie Apocalypse=3 | Blackout=0 | Fall=4 | Chats=16",4,,,,,,,,,,,,,,,,,,,,,,,,,,,,,,,,,,,,,,,,,,,,,,,,,,,,,,,,,,,,,,,,,,,,,,,,,,,,,,,,,,,,,,,,,,,,,,,,0,0,0,0,0,0,0,0,0,0,0,0,0,0,0,0,1,0,0,0,0,0,0,0,0,0,3,0,,,,,,,,,,,,,,,,,,,,,,,,,,,,,,,,,,,,,,,,,,,,,,,,,,,
3,Cruise Ship,15,16,true,177,15,Meteor Shower | Hot Potato,12,3,0.8,0.2,117,12,Withers | Purge,6,6,0.5,0.5,50,6,The Floor is Lava | Half Health,4,2,0.6666666666666666,0.3333333333333333,3,4,11,0.26666666666666666,6,Meteor Shower | Hot Potato | Withers | Purge | The Floor is Lava | Half Health,false,excluding_recorder_when_alive,true,14,0,0,true,14,11,true,11,6,false,6,4,false,4,10,0.2857142857142857,exact_history_avg_deaths_v3,false,,3,2,2,1.8571428571428572,true,Meteor Shower=2 | Hot Potato=0 | Withers=4 | Purge=1 | The Floor is Lava=0 | Half Health=0 | Fall=1 | Chats=19,1,,,,,,,,,,,,,,,,,,,,,,,,,,,,,,,,,,,,,,,,,,,,,,,,,,,,,,,,,,,,,,,,,,,,,,,,,,,,,,,,,,,,,,,,,,,,,,,,0,0,0,0,0,0,0,0,0,0,0,0,0,2,0,1,0,0,0,0,0,0,0,0,0,4,0,0,,,,,,,,,,,,,,,,,,,,,,,,,,,,,,,,,,,,,,,,,,,,,,,,,,,
3,Library,16,16,true,166,16,Flood | Blackout,13,3,0.8125,0.1875,106,13,TNT Rain | Disco,9,4,0.6923076923076923,0.3076923076923077,49,9,Withers | Half Health,6,3,0.6666666666666666,0.3333333333333333,3,6,10,0.375,6,Flood | Blackout | TNT Rain | Disco | Withers | Half Health,false,excluding_recorder_when_alive,true,15,0,0,true,15,12,true,12,8,true,8,6,false,6,9,0.4,exact_history_avg_deaths_v3,false,,7,3,4,2.4285714285714284,true,Flood=6 | Blackout=0 | TNT Rain=0 | Disco=3 | Withers=0 | Half Health=0 | Fall=0 | Void=0 | Misc=0 | Chats=17,0,0,0,,,,,,,,,,,,,,,,,,,,,,,,,,,,,,,,,,,,,,,,,,,,,,,,,,,,,,,,,,,,,,,,,,,,,,,,,,,,,,,,,,,,,,,,,,,,,,0,0,0,0,3,0,6,0,0,0,0,0,0,0,0,0,0,0,0,0,0,0,0,0,0,0,0,0,,,,,,,,,,,,,,,,,,,,,,,,,,,,,,,,,,,,,,,,,,,,,,,,,,,
3,Library,16,16,true,206,16,Tornado | Nuke,13,3,0.8125,0.1875,134,13,"Sinkhole | Red Light, Green Light",7,6,0.5384615384615384,0.46153846153846156,54,7,TNT Rain | Grounded,1,6,0.14285714285714285,0.8571428571428571,3,1,15,0.0625,6,"Tornado | Nuke | Sinkhole | Red Light, Green Light | TNT Rain | Grounded",false,excluding_recorder_when_alive,true,15,0,0,true,15,12,true,12,6,true,6,1,false,1,14,0.06666666666666667,exact_history_avg_deaths_v3,false,,4,6,2,4.0,true,"Tornado=0 | Nuke=0 | Sinkhole=1 | Red Light, Green Light=1 | TNT Rain=0 | Grounded=0 | Fall=2 | Void=3 | Misc=0 | Chats=21",2,3,0,,,,,,,,,,,,,,,,,,,,,,,,,,,,,,,,,,,,,,,,,,,,,,,,,,,,,,,,,,,,,,,,,,,,,,,,,,,,,,,,,,,,,,,,,,,,,,0,0,0,0,0,0,0,0,0,0,0,0,0,0,0,0,1,1,0,0,0,0,0,0,0,0,0,0,,,,,,,,,,,,,,,,,,,,,,,,,,,,,,,,,,,,,,,,,,,,,,,,,,,
3,Area 52,16,16,true,183,16,The Floor is Lava,10,6,0.625,0.375,118,10,Dragons | Hot Potato,6,4,0.6,0.4,56,6,Zombie Apocalypse | Half Health,2,4,0.3333333333333333,0.6666666666666666,3,2,14,0.125,5,The Floor is Lava | Dragons | Hot Potato | Zombie Apocalypse | Half Health,false,excluding_recorder_when_alive,true,15,0,0,true,15,9,true,9,5,true,5,2,false,2,13,0.13333333333333333,exact_history_avg_deaths_v3,false,,1,1,1,1.0,true,The Floor is Lava=6 | Dragons=1 | Hot Potato=0 | Zombie Apocalypse=1 | Half Health=0 | Fall=1 | Void=2 | Misc=0 | Chats=17,1,2,0,,,,,,,,,,,,,,,,,,,,,,,,,,,,,,,,,,,,,,,,,,,,,,,,,,,,,,,,,,,,,,,,,,,,,,,,,,,,,,,,,,,,,,,,,,,,,,0,0,0,0,0,1,0,0,0,0,0,0,0,0,0,0,0,0,0,0,0,6,0,0,0,0,1,0,,,,,,,,,,,,,,,,,,,,,,,,,,,,,,,,,,,,,,,,,,,,,,,,,,,
3,Melon Mall,16,16,true,174,16,The Floor is Lava | Hypixel Says,12,4,0.75,0.25,112,12,Withers,2,10,0.16666666666666666,0.8333333333333334,52,2,Meteor Shower | Anvil Rain,0,2,0.0,1.0,3,0,16,0.0,5,The Floor is Lava | Hypixel Says | Withers | Meteor Shower | Anvil Rain,false,excluding_recorder_when_alive,true,15,0,0,true,15,11,true,11,2,false,2,0,false,0,15,0.0,exact_history_avg_deaths_v3,false,,4,4,0,3.0,true,The Floor is Lava=5 | Hypixel Says=1 | Withers=4 | Meteor Shower=0 | Anvil Rain=0 | Fall=2 | Void=0 | Misc=0 | Chats=19,2,0,0,,,,,,,,,,,,,,,,,,,,,,,,,,,,,,,,,,,,,,,,,,,,,,,,,,,,,,,,,,,,,,,,,,,,,,,,,,,,,,,,,,,,,,,,,,,,,,0,0,0,0,0,0,0,0,0,0,0,1,0,0,0,0,0,0,0,0,0,5,0,0,0,4,0,0,,,,,,,,,,,,,,,,,,,,,,,,,,,,,,,,,,,,,,,,,,,,,,,,,,,
3,Paradise,16,16,true,196,16,The Floor is Lava,15,1,0.9375,0.0625,129,15,Sinkhole,12,3,0.8,0.2,62,12,Withers | Hypixel Says,7,5,0.5833333333333334,0.4166666666666667,3,7,9,0.4375,4,The Floor is Lava | Sinkhole | Withers | Hypixel Says,false,excluding_recorder_when_alive,true,15,0,0,true,15,14,true,14,11,true,11,6,true,6,9,0.4,exact_history_avg_deaths_v3,false,,1,8,8,3.142857142857143,true,The Floor is Lava=2 | Sinkhole=1 | Withers=1 | Hypixel Says=4 | Fall=0 | Void=1 | Misc=0 | Chats=19,0,1,0,,,,,,,,,,,,,,,,,,,,,,,,,,,,,,,,,,,,,,,,,,,,,,,,,,,,,,,,,,,,,,,,,,,,,,,,,,,,,,,,,,,,,,,,,,,,,,0,0,0,0,0,0,0,0,0,0,0,4,0,0,0,0,0,1,0,0,0,2,0,0,0,1,0,0,,,,,,,,,,,,,,,,,,,,,,,,,,,,,,,,,,,,,,,,,,,,,,,,,,,
3,Gondola,16,16,true,189,16,"Sinkhole | Red Light, Green Light",15,1,0.9375,0.0625,117,15,Meteor Shower | Hot Potato,13,2,0.8666666666666667,0.13333333333333333,61,13,Acid Rain | Blackout,8,5,0.6153846153846154,0.38461538461538464,3,8,8,0.5,6,"Sinkhole | Red Light, Green Light | Meteor Shower | Hot Potato | Acid Rain | Blackout",false,excluding_recorder_when_alive,true,15,0,0,true,15,14,true,14,12,true,12,8,false,8,7,0.5333333333333333,exact_history_avg_deaths_v3,false,,4,6,8,1.5714285714285714,true,"Sinkhole=0 | Red Light, Green Light=4 | Meteor Shower=1 | Hot Potato=0 | Acid Rain=0 | Blackout=0 | Fall=0 | Void=0 | Misc=0 | Chats=23",0,0,0,,,,,,,,,,,,,,,,,,,,,,,,,,,,,,,,,,,,,,,,,,,,,,,,,,,,,,,,,,,,,,,,,,,,,,,,,,,,,,,,,,,,,,,,,,,,,,0,0,0,0,0,0,0,0,0,0,0,0,0,1,0,0,4,0,0,0,0,0,0,0,0,0,0,0,,,,,,,,,,,,,,,,,,,,,,,,,,,,,,,,,,,,,,,,,,,,,,,,,,,
3,Area 52,16,16,true,205,16,Sinkhole | Anvil Rain,13,3,0.8125,0.1875,129,13,Tornado | Swappage,7,6,0.5384615384615384,0.46153846153846156,56,7,Dragons,6,1,0.8571428571428571,0.14285714285714285,3,6,10,0.375,5,Sinkhole | Anvil Rain | Tornado | Swappage | Dragons,false,excluding_recorder_when_alive,true,15,0,0,true,15,13,false,13,7,false,7,6,false,6,9,0.4,exact_history_avg_deaths_v3,false,,4,5,4,1.7142857142857142,true,Sinkhole=3 | Anvil Rain=0 | Tornado=0 | Swappage=0 | Dragons=0 | Fall=1 | Void=3 | Misc=0 | Chats=13,1,3,0,,,,,,,,,,,,,,,,,,,,,,,,,,,,,,,,,,,,,,,,,,,,,,,,,,,,,,,,,,,,,,,,,,,,,,,,,,,,,,,,,,,,,,,,,,,,,,0,0,0,0,0,0,0,0,0,0,0,0,0,0,0,0,0,3,0,0,0,0,0,0,0,0,0,0,,,,,,,,,,,,,,,,,,,,,,,,,,,,,,,,,,,,,,,,,,,,,,,,,,,
3,Arctic Lab,15,16,true,191,15,TNT Rain | Disco,10,5,0.6666666666666666,0.3333333333333333,111,10,Fragile Ground | Bat Swarm,4,6,0.4,0.6,58,4,Sinkhole | Hypixel Says,4,0,1.0,0.0,3,4,11,0.26666666666666666,6,TNT Rain | Disco | Fragile Ground | Bat Swarm | Sinkhole | Hypixel Says,false,excluding_recorder_when_alive,true,14,0,0,true,14,10,false,10,4,false,4,4,false,4,10,0.2857142857142857,exact_history_avg_deaths_v3,false,,3,0,0,6.142857142857143,true,TNT Rain=2 | Disco=15 | Fragile Ground=0 | Bat Swarm=0 | Sinkhole=0 | Hypixel Says=0 | Fall=6 | Void=1 | Misc=0 | Chats=11,6,1,0,,,,,,,,,,,,,,,,,,,,,,,,,,,,,,,,,,,,,,,,,,,,,,,,,,,,,,,,,,,,,,,,,,,,,,,,,,,,,,,,,,,,,,,,,,,,,,0,0,0,0,15,0,0,0,0,0,0,0,0,0,0,0,0,0,0,0,0,0,2,0,0,0,0,0,,,,,,,,,,,,,,,,,,,,,,,,,,,,,,,,,,,,,,,,,,,,,,,,,,,
3,Cruise Ship,16,16,true,192,16,Lightning | Werewolf,14,2,0.875,0.125,131,14,TNT Rain | Anvil Rain,13,1,0.9285714285714286,0.07142857142857142,51,13,The Floor is Lava | Hot Potato,7,6,0.5384615384615384,0.46153846153846156,3,7,9,0.4375,6,Lightning | Werewolf | TNT Rain | Anvil Rain | The Floor is Lava | Hot Potato,false,excluding_recorder_when_alive,true,15,0,1,true,14,12,true,12,11,true,11,7,false,7,8,0.4666666666666667,exact_history_avg_deaths_v3,false,,4,4,9,2.857142857142857,true,Lightning=0 | Werewolf=1 | TNT Rain=1 | Anvil Rain=0 | The Floor is Lava=1 | Hot Potato=2 | Fall=2 | Void=0 | Misc=0 | Chats=19,2,0,0,,,,,,,,,,,,,,,,,,,,,,,,,,,,,,,,,,,,,,,,,,,,,,,,,,,,,,,,,,,,,,,,,,,,,,,,,,,,,,,,,,,,,,,,,,,,,,0,0,0,0,0,0,0,0,0,0,2,0,0,0,0,0,0,0,0,0,0,1,1,0,1,0,0,0,,,,,,,,,,,,,,,,,,,,,,,,,,,,,,,,,,,,,,,,,,,,,,,,,,,
3,Spaceship,16,16,true,174,16,TNT Rain,15,1,0.9375,0.0625,109,15,Dragons | Nuke,12,3,0.8,0.2,57,12,Fragile Ground,8,4,0.6666666666666666,0.3333333333333333,3,8,8,0.5,4,TNT Rain | Dragons | Nuke | Fragile Ground,false,excluding_recorder_when_alive,true,15,0,0,true,15,14,true,14,11,true,11,8,false,8,7,0.5333333333333333,exact_history_avg_deaths_v3,false,,5,4,7,3.142857142857143,true,TNT Rain=0 | Dragons=0 | Nuke=0 | Fragile Ground=0 | Fall=1 | Void=6 | Misc=0 | Chats=13,1,6,0,,,,,,,,,,,,,,,,,,,,,,,,,,,,,,,,,,,,,,,,,,,,,,,,,,,,,,,,,,,,,,,,,,,,,,,,,,,,,,,,,,,,,,,,,,,,,,0,0,0,0,0,0,0,0,0,0,0,0,0,0,0,0,0,0,0,0,0,0,0,0,0,0,0,0,,,,,,,,,,,,,,,,,,,,,,,,,,,,,,,,,,,,,,,,,,,,,,,,,,,
3,Monorail,16,16,true,187,16,Meteor Shower | Anvil Rain,15,1,0.9375,0.0625,131,15,Fragile Ground | Disco,8,7,0.5333333333333333,0.4666666666666667,52,8,Stampede | Hypixel Says,2,6,0.25,0.75,3,2,14,0.125,6,Meteor Shower | Anvil Rain | Fragile Ground | Disco | Stampede | Hypixel Says,false,excluding_recorder_when_alive,true,15,0,0,true,15,14,true,14,8,false,8,2,false,2,13,0.13333333333333333,exact_history_avg_deaths_v3,false,,4,6,4,3.4285714285714284,true,Meteor Shower=1 | Anvil Rain=0 | Fragile Ground=0 | Disco=13 | Stampede=3 | Hypixel Says=3 | Fall=0 | Void=3 | Misc=0 | Chats=18,0,3,0,,,,,,,,,,,,,,,,,,,,,,,,,,,,,,,,,,,,,,,,,,,,,,,,,,,,,,,,,,,,,,,,,,,,,,,,,,,,,,,,,,,,,,,,,,,,,,0,0,0,0,13,0,0,0,0,0,0,3,0,1,0,0,0,0,0,3,0,0,0,0,0,0,0,0,,,,,,,,,,,,,,,,,,,,,,,,,,,,,,,,,,,,,,,,,,,,,,,,,,,
3,Spaceship,14,16,true,194,14,The Floor is Lava | Grounded,1,13,0.07142857142857142,0.9285714285714286,115,1,Zombie Apocalypse,1,0,1.0,0.0,60,1,Tornado | Nuke,0,1,0.0,1.0,3,0,14,0.0,5,The Floor is Lava | Grounded | Zombie Apocalypse | Tornado | Nuke,false,excluding_recorder_when_alive,true,13,0,0,true,13,1,false,1,1,false,1,0,false,0,13,0.0,exact_history_avg_deaths_v3,false,,0,0,0,0.0,true,The Floor is Lava=8 | Grounded=0 | Zombie Apocalypse=1 | Tornado=0 | Nuke=0 | Fall=1 | Void=0 | Misc=0 | Chats=13,1,0,0,,,,,,,,,,,,,,,,,,,,,,,,,,,,,,,,,,,,,,,,,,,,,,,,,,,,,,,,,,,,,,,,,,,,,,,,,,,,,,,,,,,,,,,,,,,,,,0,0,0,0,0,0,0,0,0,0,0,0,0,0,0,0,0,0,0,0,0,8,0,0,0,0,1,0,,,,,,,,,,,,,,,,,,,,,,,,,,,,,,,,,,,,,,,,,,,,,,,,,,,
3,Area 52,16,16,true,175,16,TNT Rain | Swappage,15,1,0.9375,0.0625,124,15,Flood | Anvil Rain,6,9,0.4,0.6,65,6,Zombie Apocalypse | Grounded,3,3,0.5,0.5,3,3,13,0.1875,6,TNT Rain | Swappage | Flood | Anvil Rain | Zombie Apocalypse | Grounded,false,excluding_recorder_when_alive,true,15,0,0,true,15,14,true,14,6,false,6,3,false,3,12,0.2,exact_history_avg_deaths_v3,false,,3,6,0,3.4285714285714284,true,TNT Rain=0 | Swappage=0 | Flood=5 | Anvil Rain=0 | Zombie Apocalypse=2 | Grounded=0 | Fall=1 | Void=3 | Misc=0 | Chats=14,1,3,0,,,,,,,,,,,,,,,,,,,,,,,,,,,,,,,,,,,,,,,,,,,,,,,,,,,,,,,,,,,,,,,,,,,,,,,,,,,,,,,,,,,,,,,,,,,,,,0,0,0,0,0,0,5,0,0,0,0,0,0,0,0,0,0,0,0,0,0,0,0,0,0,0,2,0,,,,,,,,,,,,,,,,,,,,,,,,,,,,,,,,,,,,,,,,,,,,,,,,,,,
3,Area 52,16,16,true,187,16,Flood | Disco,12,4,0.75,0.25,111,12,Stampede,11,1,0.9166666666666666,0.08333333333333333,53,11,TNT Rain | Nuke,4,7,0.36363636363636365,0.6363636363636364,3,4,12,0.25,5,Flood | Disco | Stampede | TNT Rain | Nuke,false,excluding_recorder_when_alive,true,15,0,0,true,15,11,true,11,10,true,10,4,false,4,11,0.26666666666666666,exact_history_avg_deaths_v3,false,,4,3,7,2.5714285714285716,true,Flood=5 | Disco=1 | Stampede=0 | TNT Rain=0 | Nuke=1 | Fall=2 | Void=1 | Misc=0 | Chats=25,2,1,0,,,,,,,,,,,,,,,,,,,,,,,,,,,,,,,,,,,,,,,,,,,,,,,,,,,,,,,,,,,,,,,,,,,,,,,,,,,,,,,,,,,,,,,,,,,,,,0,0,0,0,1,0,5,0,0,0,0,0,0,0,1,0,0,0,0,0,0,0,0,0,0,0,0,0,,,,,,,,,,,,,,,,,,,,,,,,,,,,,,,,,,,,,,,,,,,,,,,,,,,
3,Arctic Lab,16,16,true,187,16,TNT Rain,13,3,0.8125,0.1875,125,13,The Floor is Lava | Anvil Rain,3,10,0.23076923076923078,0.7692307692307693,51,3,Withers | Half Health,2,1,0.6666666666666666,0.3333333333333333,3,2,14,0.125,5,TNT Rain | The Floor is Lava | Anvil Rain | Withers | Half Health,false,excluding_recorder_when_alive,true,15,0,0,true,15,12,true,12,3,false,3,2,false,2,13,0.13333333333333333,exact_history_avg_deaths_v3,false,,6,0,1,2.142857142857143,true,TNT Rain=0 | The Floor is Lava=6 | Anvil Rain=1 | Withers=1 | Half Health=0 | Fall=2 | Void=0 | Misc=0 | Chats=17,2,0,0,,,,,,,,,,,,,,,,,,,,,,,,,,,,,,,,,,,,,,,,,,,,,,,,,,,,,,,,,,,,,,,,,,,,,,,,,,,,,,,,,,,,,,,,,,,,,,0,1,0,0,0,0,0,0,0,0,0,0,0,0,0,0,0,0,0,0,0,6,0,0,0,1,0,0,,,,,,,,,,,,,,,,,,,,,,,,,,,,,,,,,,,,,,,,,,,,,,,,,,,
3,Gondola,16,16,true,175,16,Lightning,13,3,0.8125,0.1875,109,13,Stampede | Swappage,11,2,0.8461538461538461,0.15384615384615385,54,11,TNT Rain | Bat Swarm,7,4,0.6363636363636364,0.36363636363636365,3,7,9,0.4375,5,Lightning | Stampede | Swappage | TNT Rain | Bat Swarm,false,excluding_recorder_when_alive,true,15,0,0,true,15,12,true,12,11,false,11,7,false,7,8,0.4666666666666667,exact_history_avg_deaths_v3,false,,5,4,7,1.4285714285714286,true,Lightning=1 | Stampede=1 | Swappage=0 | TNT Rain=0 | Bat Swarm=1 | Fall=2 | Void=1 | Misc=0 | Chats=15,2,1,0,,,,,,,,,,,,,,,,,,,,,,,,,,,,,,,,,,,,,,,,,,,,,,,,,,,,,,,,,,,,,,,,,,,,,,,,,,,,,,,,,,,,,,,,,,,,,,0,0,1,0,0,0,0,0,0,0,0,0,1,0,0,0,0,0,0,1,0,0,0,0,0,0,0,0,,,,,,,,,,,,,,,,,,,,,,,,,,,,,,,,,,,,,,,,,,,,,,,,,,,
3,Cruise Ship,16,16,true,205,16,Lightning | Grounded,16,0,1.0,0.0,129,16,Tornado | Half Health,14,2,0.875,0.125,66,14,Acid Rain,8,6,0.5714285714285714,0.42857142857142855,3,8,8,0.5,5,Lightning | Grounded | Tornado | Half Health | Acid Rain,false,excluding_recorder_when_alive,true,15,0,0,true,15,15,true,15,13,true,13,7,true,7,8,0.4666666666666667,exact_history_avg_deaths_v3,false,,6,7,10,2.4285714285714284,true,Lightning=0 | Grounded=0 | Tornado=0 | Half Health=0 | Acid Rain=5 | Fall=3 | Void=0 | Misc=0 | Chats=20,3,0,0,,,,,,,,,,,,,,,,,,,,,,,,,,,,,,,,,,,,,,,,,,,,,,,,,,,,,,,,,,,,,,,,,,,,,,,,,,,,,,,,,,,,,,,,,,,,,,5,0,0,0,0,0,0,0,0,0,0,0,0,0,0,0,0,0,0,0,0,0,0,0,0,0,0,0,,,,,,,,,,,,,,,,,,,,,,,,,,,,,,,,,,,,,,,,,,,,,,,,,,,
3,Oil Rig,15,16,true,175,15,Withers,14,1,0.9333333333333333,0.06666666666666667,123,14,Tornado | Blackout,9,5,0.6428571428571429,0.35714285714285715,53,9,Stampede | Anvil Rain,3,6,0.3333333333333333,0.6666666666666666,3,3,12,0.2,5,Withers | Tornado | Blackout | Stampede | Anvil Rain,false,excluding_recorder_when_alive,true,14,0,0,true,14,13,true,13,8,true,8,2,true,2,12,0.14285714285714285,exact_history_avg_deaths_v3,false,,4,5,4,2.5714285714285716,true,Withers=3 | Tornado=7 | Blackout=0 | Stampede=0 | Anvil Rain=0 | Fall=0 | Void=0 | Misc=0 | Chats=19,0,0,0,,,,,,,,,,,,,,,,,,,,,,,,,,,,,,,,,,,,,,,,,,,,,,,,,,,,,,,,,,,,,,,,,,,,,,,,,,,,,,,,,,,,,,,,,,,,,,0,0,0,0,0,0,0,0,0,0,0,0,0,0,0,0,0,0,0,0,0,0,0,7,0,3,0,0,,,,,,,,,,,,,,,,,,,,,,,,,,,,,,,,,,,,,,,,,,,,,,,,,,,
3,Spaceship,15,16,true,195,15,Tornado,11,4,0.7333333333333333,0.26666666666666666,132,11,Dragons | Nuke,6,5,0.5454545454545454,0.45454545454545453,78,6,The Floor is Lava | Anvil Rain,3,3,0.5,0.5,3,3,12,0.2,5,Tornado | Dragons | Nuke | The Floor is Lava | Anvil Rain,false,excluding_recorder_when_alive,true,14,0,0,true,14,10,true,10,5,true,5,2,true,2,12,0.14285714285714285,exact_history_avg_deaths_v3,false,,3,2,0,1.2857142857142858,true,Tornado=5 | Dragons=1 | Nuke=1 | The Floor is Lava=2 | Anvil Rain=0 | Fall=1 | Void=2 | Misc=0 | Chats=9,1,2,0,,,,,,,,,,,,,,,,,,,,,,,,,,,,,,,,,,,,,,,,,,,,,,,,,,,,,,,,,,,,,,,,,,,,,,,,,,,,,,,,,,,,,,,,,,,,,,0,0,0,0,0,1,0,0,0,0,0,0,0,0,1,0,0,0,0,0,0,2,0,5,0,0,0,0,,,,,,,,,,,,,,,,,,,,,,,,,,,,,,,,,,,,,,,,,,,,,,,,,,,
3,Oil Rig,16,16,true,173,16,Tornado,11,5,0.6875,0.3125,104,11,The Floor is Lava | Grounded,7,4,0.6363636363636364,0.36363636363636365,51,7,Sinkhole | Nuke,5,2,0.7142857142857143,0.2857142857142857,3,5,11,0.3125,5,Tornado | The Floor is Lava | Grounded | Sinkhole | Nuke,false,excluding_recorder_when_alive,true,15,0,0,true,15,10,true,10,6,true,6,5,false,5,10,0.3333333333333333,exact_history_avg_deaths_v3,false,,4,2,2,3.5714285714285716,true,Tornado=5 | The Floor is Lava=3 | Grounded=0 | Sinkhole=0 | Nuke=0 | Fall=2 | Void=0 | Misc=0 | Chats=19,2,0,0,,,,,,,,,,,,,,,,,,,,,,,,,,,,,,,,,,,,,,,,,,,,,,,,,,,,,,,,,,,,,,,,,,,,,,,,,,,,,,,,,,,,,,,,,,,,,,0,0,0,0,0,0,0,0,0,0,0,0,0,0,0,0,0,0,0,0,0,3,0,5,0,0,0,0,,,,,,,,,,,,,,,,,,,,,,,,,,,,,,,,,,,,,,,,,,,,,,,,,,,
3,Paradise,15,16,true,204,15,TNT Rain | Hot Potato,13,2,0.8666666666666667,0.13333333333333333,126,13,Withers | Half Health,11,2,0.8461538461538461,0.15384615384615385,74,11,Acid Rain | Grounded,4,7,0.36363636363636365,0.6363636363636364,3,4,11,0.26666666666666666,6,TNT Rain | Hot Potato | Withers | Half Health | Acid Rain | Grounded,false,excluding_recorder_when_alive,true,14,0,0,true,14,13,false,13,11,false,11,4,false,4,10,0.2857142857142857,exact_history_avg_deaths_v3,false,,3,5,5,1.0,true,TNT Rain=1 | Hot Potato=0 | Withers=2 | Half Health=0 | Acid Rain=4 | Grounded=0 | Fall=3 | Void=0 | Misc=0 | Chats=12,3,0,0,,,,,,,,,,,,,,,,,,,,,,,,,,,,,,,,,,,,,,,,,,,,,,,,,,,,,,,,,,,,,,,,,,,,,,,,,,,,,,,,,,,,,,,,,,,,,,4,0,0,0,0,0,0,0,0,0,0,0,0,0,0,0,0,0,0,0,0,0,1,0,0,2,0,0,,,,,,,,,,,,,,,,,,,,,,,,,,,,,,,,,,,,,,,,,,,,,,,,,,,
3,Library,16,16,true,182,16,The Floor is Lava | Nuke,8,8,0.5,0.5,120,8,Acid Rain | Swappage,7,1,0.875,0.125,51,7,Dragons | Bat Swarm,3,4,0.42857142857142855,0.5714285714285714,3,3,13,0.1875,6,The Floor is Lava | Nuke | Acid Rain | Swappage | Dragons | Bat Swarm,false,excluding_recorder_when_alive,true,15,0,0,true,15,7,true,7,6,true,6,3,false,3,12,0.2,exact_history_avg_deaths_v3,false,,4,1,1,1.8571428571428572,true,The Floor is Lava=7 | Nuke=1 | Acid Rain=0 | Swappage=0 | Dragons=0 | Bat Swarm=0 | Fall=1 | Void=2 | Misc=0 | Chats=17,1,2,0,,,,,,,,,,,,,,,,,,,,,,,,,,,,,,,,,,,,,,,,,,,,,,,,,,,,,,,,,,,,,,,,,,,,,,,,,,,,,,,,,,,,,,,,,,,,,,0,0,0,0,0,0,0,0,0,0,0,0,0,0,1,0,0,0,0,0,0,7,0,0,0,0,0,0,,,,,,,,,,,,,,,,,,,,,,,,,,,,,,,,,,,,,,,,,,,,,,,,,,,
3,Oil Rig,16,16,true,203,16,TNT Rain | Hot Potato,15,1,0.9375,0.0625,146,15,Fragile Ground | Bat Swarm,10,5,0.6666666666666666,0.3333333333333333,76,10,Flood,5,5,0.5,0.5,3,5,11,0.3125,5,TNT Rain | Hot Potato | Fragile Ground | Bat Swarm | Flood,false,excluding_recorder_when_alive,true,15,0,0,true,15,14,true,14,9,true,9,5,false,5,10,0.3333333333333333,exact_history_avg_deaths_v3,false,,5,4,4,0.8571428571428571,true,TNT Rain=1 | Hot Potato=0 | Fragile Ground=0 | Bat Swarm=5 | Flood=1 | Fall=3 | Void=1 | Misc=0 | Chats=19,3,1,0,,,,,,,,,,,,,,,,,,,,,,,,,,,,,,,,,,,,,,,,,,,,,,,,,,,,,,,,,,,,,,,,,,,,,,,,,,,,,,,,,,,,,,,,,,,,,,0,0,5,0,0,0,1,0,0,0,0,0,0,0,0,0,0,0,0,0,0,0,1,0,0,0,0,0,,,,,,,,,,,,,,,,,,,,,,,,,,,,,,,,,,,,,,,,,,,,,,,,,,,
3,Melon Mall,16,16,true,198,16,"Zombie Apocalypse | Red Light, Green Light",7,9,0.4375,0.5625,125,7,Meteor Shower | Bat Swarm,5,2,0.7142857142857143,0.2857142857142857,72,5,TNT Rain | Half Health,2,3,0.4,0.6,3,2,14,0.125,6,"Zombie Apocalypse | Red Light, Green Light | Meteor Shower | Bat Swarm | TNT Rain | Half Health",false,excluding_recorder_when_alive,true,15,0,0,true,15,6,true,6,4,true,4,2,false,2,13,0.13333333333333333,exact_history_avg_deaths_v3,false,,4,0,0,2.0,true,"Zombie Apocalypse=3 | Red Light, Green Light=7 | Meteor Shower=1 | Bat Swarm=0 | TNT Rain=0 | Half Health=0 | Fall=1 | Void=0 | Misc=0 | Chats=17",1,0,0,,,,,,,,,,,,,,,,,,,,,,,,,,,,,,,,,,,,,,,,,,,,,,,,,,,,,,,,,,,,,,,,,,,,,,,,,,,,,,,,,,,,,,,,,,,,,,0,0,0,0,0,0,0,0,0,0,0,0,0,1,0,0,7,0,0,0,0,0,0,0,0,0,3,0,,,,,,,,,,,,,,,,,,,,,,,,,,,,,,,,,,,,,,,,,,,,,,,,,,,
3,Library,16,16,true,203,16,Lightning | Hot Potato,14,2,0.875,0.125,135,14,TNT Rain | Swappage,9,5,0.6428571428571429,0.35714285714285715,63,9,Stampede | Bat Swarm,5,4,0.5555555555555556,0.4444444444444444,3,5,11,0.3125,6,Lightning | Hot Potato | TNT Rain | Swappage | Stampede | Bat Swarm,false,excluding_recorder_when_alive,true,15,0,0,true,15,13,true,13,8,true,8,5,false,5,10,0.3333333333333333,exact_history_avg_deaths_v3,false,,4,5,4,0.7142857142857143,true,Lightning=0 | Hot Potato=1 | TNT Rain=0 | Swappage=0 | Stampede=0 | Bat Swarm=1 | Fall=2 | Void=6 | Misc=0 | Chats=21,2,6,0,,,,,,,,,,,,,,,,,,,,,,,,,,,,,,,,,,,,,,,,,,,,,,,,,,,,,,,,,,,,,,,,,,,,,,,,,,,,,,,,,,,,,,,,,,,,,,0,0,1,0,0,0,0,0,0,0,1,0,0,0,0,0,0,0,0,0,0,0,0,0,0,0,0,0,,,,,,,,,,,,,,,,,,,,,,,,,,,,,,,,,,,,,,,,,,,,,,,,,,,
3,Library,16,16,true,178,16,TNT Rain | Hypixel Says,16,0,1.0,0.0,126,16,Meteor Shower | Werewolf,13,3,0.8125,0.1875,52,13,Sinkhole,10,3,0.7692307692307693,0.23076923076923078,3,10,6,0.625,5,TNT Rain | Hypixel Says | Meteor Shower | Werewolf | Sinkhole,false,excluding_recorder_when_alive,true,15,0,0,true,15,14,true,14,11,true,11,10,false,10,5,0.6666666666666666,exact_history_avg_deaths_v3,false,,4,6,7,6.428571428571429,true,TNT Rain=0 | Hypixel Says=1 | Meteor Shower=2 | Werewolf=0 | Sinkhole=0 | Fall=1 | Void=2 | Misc=0 | Chats=14,1,2,0,,,,,,,,,,,,,,,,,,,,,,,,,,,,,,,,,,,,,,,,,,,,,,,,,,,,,,,,,,,,,,,,,,,,,,,,,,,,,,,,,,,,,,,,,,,,,,0,0,0,0,0,0,0,0,0,0,0,1,0,2,0,0,0,0,0,0,0,0,0,0,0,0,0,0,,,,,,,,,,,,,,,,,,,,,,,,,,,,,,,,,,,,,,,,,,,,,,,,,,,
3,Spaceship,16,16,true,197,16,TNT Rain | Swappage,10,6,0.625,0.375,145,10,Zombie Apocalypse | Disco,2,8,0.2,0.8,66,2,Dragons | Grounded,1,1,0.5,0.5,3,1,15,0.0625,6,TNT Rain | Swappage | Zombie Apocalypse | Disco | Dragons | Grounded,false,excluding_recorder_when_alive,true,15,0,0,true,15,10,false,10,2,false,2,1,false,1,14,0.06666666666666667,exact_history_avg_deaths_v3,false,,5,2,0,1.8571428571428572,true,TNT Rain=0 | Swappage=0 | Zombie Apocalypse=6 | Disco=0 | Dragons=0 | Grounded=0 | Fall=1 | Void=2 | Misc=0 | Chats=9,1,2,0,,,,,,,,,,,,,,,,,,,,,,,,,,,,,,,,,,,,,,,,,,,,,,,,,,,,,,,,,,,,,,,,,,,,,,,,,,,,,,,,,,,,,,,,,,,,,,0,0,0,0,0,0,0,0,0,0,0,0,0,0,0,0,0,0,0,0,0,0,0,0,0,0,6,0,,,,,,,,,,,,,,,,,,,,,,,,,,,,,,,,,,,,,,,,,,,,,,,,,,,
3,Cruise Ship,16,16,true,201,16,Tornado,14,2,0.875,0.125,138,14,"Withers | Red Light, Green Light",5,9,0.35714285714285715,0.6428571428571429,70,5,TNT Rain | Half Health,2,3,0.4,0.6,3,2,14,0.125,5,"Tornado | Withers | Red Light, Green Light | TNT Rain | Half Health",false,excluding_recorder_when_alive,true,15,0,0,true,15,13,true,13,5,false,5,2,false,2,13,0.13333333333333333,exact_history_avg_deaths_v3,false,,3,4,3,1.2857142857142858,true,"Tornado=2 | Withers=4 | Red Light, Green Light=4 | TNT Rain=0 | Half Health=0 | Fall=2 | Void=0 | Misc=0 | Chats=13",2,0,0,,,,,,,,,,,,,,,,,,,,,,,,,,,,,,,,,,,,,,,,,,,,,,,,,,,,,,,,,,,,,,,,,,,,,,,,,,,,,,,,,,,,,,,,,,,,,,0,0,0,0,0,0,0,0,0,0,0,0,0,0,0,0,4,0,0,0,0,0,0,2,0,4,0,0,,,,,,,,,,,,,,,,,,,,,,,,,,,,,,,,,,,,,,,,,,,,,,,,,,,
3,Melon Mall,16,16,true,175,16,Stampede | Purge,12,4,0.75,0.25,119,12,Dragons | Hypixel Says,5,7,0.4166666666666667,0.5833333333333334,51,5,Lightning | Grounded,1,4,0.2,0.8,3,1,15,0.0625,6,Stampede | Purge | Dragons | Hypixel Says | Lightning | Grounded,false,excluding_recorder_when_alive,true,15,0,0,true,15,11,true,11,4,true,4,1,false,1,14,0.06666666666666667,exact_history_avg_deaths_v3,false,,4,3,0,1.7142857142857142,true,Stampede=5 | Purge=3 | Dragons=2 | Hypixel Says=3 | Lightning=0 | Grounded=0 | Fall=1 | Void=0 | Misc=0 | Chats=15,1,0,0,,,,,,,,,,,,,,,,,,,,,,,,,,,,,,,,,,,,,,,,,,,,,,,,,,,,,,,,,,,,,,,,,,,,,,,,,,,,,,,,,,,,,,,,,,,,,,0,0,0,0,0,2,0,0,0,0,0,3,0,0,0,3,0,0,0,5,0,0,0,0,0,0,0,0,,,,,,,,,,,,,,,,,,,,,,,,,,,,,,,,,,,,,,,,,,,,,,,,,,,
3,Monorail,15,16,true,173,15,Stampede | Swappage,10,5,0.6666666666666666,0.3333333333333333,108,10,Dragons | Disco,7,3,0.7,0.3,53,7,Acid Rain,2,5,0.2857142857142857,0.7142857142857143,3,2,13,0.13333333333333333,5,Stampede | Swappage | Dragons | Disco | Acid Rain,false,excluding_recorder_when_alive,true,14,0,0,true,14,9,true,9,6,true,6,2,false,2,12,0.14285714285714285,exact_history_avg_deaths_v3,false,,3,0,2,0.7142857142857143,true,Stampede=2 | Swappage=0 | Dragons=0 | Disco=9 | Acid Rain=3 | Fall=1 | Void=5 | Misc=0 | Chats=20,1,5,0,,,,,,,,,,,,,,,,,,,,,,,,,,,,,,,,,,,,,,,,,,,,,,,,,,,,,,,,,,,,,,,,,,,,,,,,,,,,,,,,,,,,,,,,,,,,,,3,0,0,0,9,0,0,0,0,0,0,0,0,0,0,0,0,0,0,2,0,0,0,0,0,0,0,0,,,,,,,,,,,,,,,,,,,,,,,,,,,,,,,,,,,,,,,,,,,,,,,,,,,
3,Arctic Lab,16,16,true,184,16,Stampede | Hot Potato,12,4,0.75,0.25,113,12,Withers | Hypixel Says,7,5,0.5833333333333334,0.4166666666666667,60,7,Meteor Shower | Half Health,2,5,0.2857142857142857,0.7142857142857143,3,2,14,0.125,6,Stampede | Hot Potato | Withers | Hypixel Says | Meteor Shower | Half Health,false,excluding_recorder_when_alive,true,15,0,0,true,15,12,false,12,7,false,7,2,false,2,13,0.13333333333333333,exact_history_avg_deaths_v3,false,,4,8,4,5.714285714285714,true,Stampede=2 | Hot Potato=3 | Withers=7 | Hypixel Says=0 | Meteor Shower=1 | Half Health=0 | Fall=1 | Void=1 | Misc=0 | Chats=8,1,1,0,,,,,,,,,,,,,,,,,,,,,,,,,,,,,,,,,,,,,,,,,,,,,,,,,,,,,,,,,,,,,,,,,,,,,,,,,,,,,,,,,,,,,,,,,,,,,,0,0,0,0,0,0,0,0,0,0,3,0,0,1,0,0,0,0,0,2,0,0,0,0,0,7,0,0,,,,,,,,,,,,,,,,,,,,,,,,,,,,,,,,,,,,,,,,,,,,,,,,,,,
3,Paradise,16,16,true,166,16,Sinkhole | Grounded,15,1,0.9375,0.0625,111,15,The Floor is Lava | Werewolf,10,5,0.6666666666666666,0.3333333333333333,54,10,Acid Rain | Bat Swarm,2,8,0.2,0.8,3,2,14,0.125,6,Sinkhole | Grounded | The Floor is Lava | Werewolf | Acid Rain | Bat Swarm,false,excluding_recorder_when_alive,true,15,0,0,true,15,13,true,13,9,false,9,1,false,1,14,0.06666666666666667,exact_history_avg_deaths_v3,false,,6,5,5,7.428571428571429,true,Sinkhole=0 | Grounded=0 | The Floor is Lava=2 | Werewolf=6 | Acid Rain=0 | Bat Swarm=2 | Fall=1 | Void=0 | Misc=0 | Chats=16,1,0,0,,,,,,,,,,,,,,,,,,,,,,,,,,,,,,,,,,,,,,,,,,,,,,,,,,,,,,,,,,,,,,,,,,,,,,,,,,,,,,,,,,,,,,,,,,,,,,0,0,2,0,0,0,0,0,0,0,0,0,0,0,0,0,0,0,0,0,0,2,0,0,6,0,0,0,,,,,,,,,,,,,,,,,,,,,,,,,,,,,,,,,,,,,,,,,,,,,,,,,,,
3,Gondola,16,16,true,200,16,Meteor Shower,15,1,0.9375,0.0625,131,15,Stampede,9,6,0.6,0.4,56,9,Flood,0,9,0.0,1.0,3,0,16,0.0,3,Meteor Shower | Stampede | Flood,false,excluding_recorder_when_alive,true,15,0,0,true,15,14,true,14,9,false,9,0,false,0,15,0.0,exact_history_avg_deaths_v3,false,,6,9,4,11.571428571428571,true,Meteor Shower=2 | Stampede=3 | Flood=5 | Fall=1 | Void=2 | Misc=0 | Chats=11,1,2,0,,,,,,,,,,,,,,,,,,,,,,,,,,,,,,,,,,,,,,,,,,,,,,,,,,,,,,,,,,,,,,,,,,,,,,,,,,,,,,,,,,,,,,,,,,,,,,0,0,0,0,0,0,5,0,0,0,0,0,0,2,0,0,0,0,0,3,0,0,0,0,0,0,0,0,,,,,,,,,,,,,,,,,,,,,,,,,,,,,,,,,,,,,,,,,,,,,,,,,,,
3,Gondola,16,16,true,214,16,Tornado,11,5,0.6875,0.3125,142,11,Dragons | Nuke,8,3,0.7272727272727273,0.2727272727272727,63,8,TNT Rain,7,1,0.875,0.125,3,7,9,0.4375,4,Tornado | Dragons | Nuke | TNT Rain,false,excluding_recorder_when_alive,true,15,0,0,true,15,10,true,10,8,false,8,7,false,7,8,0.4666666666666667,exact_history_avg_deaths_v3,false,,4,1,5,6.0,true,Tornado=1 | Dragons=0 | Nuke=1 | TNT Rain=0 | Fall=4 | Void=1 | Misc=0 | Chats=14,4,1,0,,,,,,,,,,,,,,,,,,,,,,,,,,,,,,,,,,,,,,,,,,,,,,,,,,,,,,,,,,,,,,,,,,,,,,,,,,,,,,,,,,,,,,,,,,,,,,0,0,0,0,0,0,0,0,0,0,0,0,0,0,1,0,0,0,0,0,0,0,0,1,0,0,0,0,,,,,,,,,,,,,,,,,,,,,,,,,,,,,,,,,,,,,,,,,,,,,,,,,,,
3,Area 52,16,16,true,197,16,"Meteor Shower | Red Light, Green Light",13,3,0.8125,0.1875,139,13,TNT Rain | Blackout,6,7,0.46153846153846156,0.5384615384615384,68,6,Dragons | Grounded,2,4,0.3333333333333333,0.6666666666666666,3,2,14,0.125,6,"Meteor Shower | Red Light, Green Light | TNT Rain | Blackout | Dragons | Grounded",false,excluding_recorder_when_alive,true,15,0,0,true,15,12,true,12,6,false,6,2,false,2,13,0.13333333333333333,exact_history_avg_deaths_v3,false,,4,4,5,3.142857142857143,true,"Meteor Shower=2 | Red Light, Green Light=5 | TNT Rain=1 | Blackout=0 | Dragons=0 | Grounded=0 | Fall=0 | Void=2 | Misc=0 | Chats=13",0,2,0,,,,,,,,,,,,,,,,,,,,,,,,,,,,,,,,,,,,,,,,,,,,,,,,,,,,,,,,,,,,,,,,,,,,,,,,,,,,,,,,,,,,,,,,,,,,,,0,0,0,0,0,0,0,0,0,0,0,0,0,2,0,0,5,0,0,0,0,0,1,0,0,0,0,0,,,,,,,,,,,,,,,,,,,,,,,,,,,,,,,,,,,,,,,,,,,,,,,,,,,
3,Oil Rig,16,16,true,173,16,Lightning | Disco,12,4,0.75,0.25,111,12,Withers,11,1,0.9166666666666666,0.08333333333333333,51,11,Meteor Shower | Anvil Rain,8,3,0.7272727272727273,0.2727272727272727,3,8,8,0.5,5,Lightning | Disco | Withers | Meteor Shower | Anvil Rain,false,excluding_recorder_when_alive,true,15,0,0,true,15,12,false,12,11,false,11,8,false,8,7,0.5333333333333333,exact_history_avg_deaths_v3,false,true,4,4,9,3.5714285714285716,true,Lightning=1 | Disco=1 | Withers=1 | Meteor Shower=2 | Anvil Rain=0 | Fall=1 | Void=1 | Misc=0 | Chats=9,1,1,0,,,,,,,,,,,,,,,,,,,,,,,,,,,,,,,,,,,,,,,,,,,,,,,,,,,,,,,,,,,,,,,,,,,,,,,,,,,,,,,,,,,,,,,,,,,,,,0,0,0,0,1,0,0,0,0,0,0,0,1,2,0,0,0,0,0,0,0,0,0,0,0,1,0,,,,,,,,,,,,,,,,,,,,,,,,,,,,,,,,,,,,,,,,,,,,,,,,,,,,
3,Cruise Ship,15,16,true,171,15,The Floor is Lava | Swappage,13,2,0.8666666666666667,0.13333333333333333,110,13,Lightning,8,5,0.6153846153846154,0.38461538461538464,52,8,Dragons | Hot Potato,5,3,0.625,0.375,3,5,10,0.3333333333333333,5,The Floor is Lava | Swappage | Lightning | Dragons | Hot Potato,false,excluding_recorder_when_alive,true,14,0,0,true,14,13,false,13,8,false,8,5,false,5,9,0.35714285714285715,exact_history_avg_deaths_v3,false,true,0,6,4,2.2857142857142856,true,The Floor is Lava=6 | Swappage=0 | Lightning=0 | Dragons=0 | Hot Potato=1 | Fall=1 | Void=0 | Misc=0 | Chats=7,1,0,0,,,,,,,,,,,,,,,,,,,,,,,,,,,,,,,,,,,,,,,,,,,,,,,,,,,,,,,,,,,,,,,,,,,,,,,,,,,,,,,,,,,,,,,,,,,,,,0,0,0,0,0,0,0,0,0,0,1,0,0,0,0,0,0,0,0,0,0,6,0,0,0,0,0,,,,,,,,,,,,,,,,,,,,,,,,,,,,,,,,,,,,,,,,,,,,,,,,,,,,
3,Paradise,16,16,true,161,16,Tornado | Purge,13,3,0.8125,0.1875,109,13,Dragons | Bat Swarm,6,7,0.46153846153846156,0.5384615384615384,49,6,Flood | Nuke,2,4,0.3333333333333333,0.6666666666666666,3,2,14,0.125,6,Tornado | Purge | Dragons | Bat Swarm | Flood | Nuke,false,excluding_recorder_when_alive,true,15,0,0,true,15,12,true,12,5,true,5,2,false,2,13,0.13333333333333333,disaster_chat_death_history_wave_specific_v2,false,true,,,,,true,Tornado=3 | Purge=3 | Dragons=2 | Bat Swarm=1 | Flood=1 | Nuke=0 | Fall=2 | Void=0 | Misc=0 | Chats=15,2,0,0,,,,,,,,,,,,,,,,,,,,,,,,,,,,,,,,,,,,,,,,,,,,,,,,,,,,,,,,,,,,,,,,,,,,,,,,,,,,,,,,,,,,,,,,,,,,,,0,0,1,0,0,2,1,0,0,0,0,0,0,0,0,3,0,0,0,0,0,0,0,3,0,0,0,,,,,,,,,,,,,,,,,,,,,,,,,,,,,,,,,,,,,,,,,,,,,,,,,,,,
3,Library,16,16,true,179,16,Zombie Apocalypse | Bat Swarm,7,9,0.4375,0.5625,103,7,Dragons | Disco,4,3,0.5714285714285714,0.42857142857142855,49,4,Lightning,1,3,0.25,0.75,3,1,15,0.0625,5,Zombie Apocalypse | Bat Swarm | Dragons | Disco | Lightning,false,excluding_recorder_when_alive,true,15,0,0,true,15,6,true,6,4,false,4,1,false,1,14,0.06666666666666667,disaster_chat_death_history_wave_specific_v2,false,true,,,,,true,Zombie Apocalypse=6 | Bat Swarm=1 | Dragons=1 | Disco=1 | Lightning=0 | Fall=2 | Void=1 | Misc=0 | Chats=13,2,1,0,,,,,,,,,,,,,,,,,,,,,,,,,,,,,,,,,,,,,,,,,,,,,,,,,,,,,,,,,,,,,,,,,,,,,,,,,,,,,,,,,,,,,,,,,,,,,,0,0,1,0,1,1,0,0,0,0,0,0,0,0,0,0,0,0,0,0,0,0,0,0,0,0,6,,,,,,,,,,,,,,,,,,,,,,,,,,,,,,,,,,,,,,,,,,,,,,,,,,,,
3,Arctic Lab,16,16,true,233,16,Tornado,11,5,0.6875,0.3125,156,11,Stampede | Anvil Rain,2,9,0.18181818181818182,0.8181818181818182,77,2,Flood | Half Health,0,2,0.0,1.0,3,0,16,0.0,5,Tornado | Stampede | Anvil Rain | Flood | Half Health,false,excluding_recorder_when_alive,true,15,0,0,true,15,11,false,11,2,false,2,0,false,0,15,0.0,disaster_chat_death_history_wave_specific_v2,false,true,,,,,true,Tornado=8 | Stampede=2 | Anvil Rain=1 | Flood=1 | Half Health=0 | Fall=3 | Void=0 | Misc=0 | Chats=17,3,0,0,,,,,,,,,,,,,,,,,,,,,,,,,,,,,,,,,,,,,,,,,,,,,,,,,,,,,,,,,,,,,,,,,,,,,,,,,,,,,,,,,,,,,,,,,,,,,,0,1,0,0,0,0,1,0,0,0,0,0,0,0,0,0,0,0,0,2,0,0,0,8,0,0,0,,,,,,,,,,,,,,,,,,,,,,,,,,,,,,,,,,,,,,,,,,,,,,,,,,,,
3,Library,16,16,true,215,16,The Floor is Lava | Blackout,7,9,0.4375,0.5625,146,7,Lightning,6,1,0.8571428571428571,0.14285714285714285,79,6,Withers | Swappage,3,3,0.5,0.5,3,3,13,0.1875,5,The Floor is Lava | Blackout | Lightning | Withers | Swappage,false,excluding_recorder_when_alive,true,15,0,0,true,15,7,false,7,6,false,6,3,false,3,12,0.2,disaster_chat_death_history_wave_specific_v2,false,true,,3,,0.0,true,The Floor is Lava=10 | Blackout=0 | Lightning=1 | Withers=0 | Swappage=0 | Fall=1 | Void=0 | Misc=0 | Chats=10,1,0,0,,,,,,,,,,,,,,,,,,,,,,,,,,,,,,,,,,,,,,,,,,,,,,,,,,,,,,,,,,,,,,,,,,,,,,,,,,,,,,,,,,,,,,,,,,,,,,0,0,0,0,0,0,0,0,0,0,0,0,1,0,0,0,0,0,0,0,0,10,0,0,0,0,0,,,,,,,,,,,,,,,,,,,,,,,,,,,,,,,,,,,,,,,,,,,,,,,,,,,,
3,Spaceship,15,16,true,182,15,Tornado | Half Health,13,2,0.8666666666666667,0.13333333333333333,124,13,Stampede | Blackout,4,9,0.3076923076923077,0.6923076923076923,66,4,Lightning | Grounded,0,4,0.0,1.0,3,0,15,0.0,6,Tornado | Half Health | Stampede | Blackout | Lightning | Grounded,false,excluding_recorder_when_alive,true,14,0,0,true,14,13,false,13,4,false,4,0,false,0,14,0.0,disaster_chat_death_history_wave_specific_v2,false,true,,,,,true,Tornado=3 | Half Health=0 | Stampede=4 | Blackout=0 | Lightning=1 | Grounded=0 | Fall=1 | Void=3 | Misc=1 | Chats=16,1,3,1,,,,,,,,,,,,,,,,,,,,,,,,,,,,,,,,,,,,,,,,,,,,,,,,,,,,,,,,,,,,,,,,,,,,,,,,,,,,,,,,,,,,,,,,,,,,,,0,0,0,0,0,0,0,0,0,0,0,0,1,0,0,0,0,0,0,4,0,0,0,3,0,0,0,,,,,,,,,,,,,,,,,,,,,,,,,,,,,,,,,,,,,,,,,,,,,,,,,,,,
3,Monorail,16,16,true,220,16,Sinkhole | Hypixel Says,14,2,0.875,0.125,157,14,Acid Rain | Blackout,11,3,0.7857142857142857,0.21428571428571427,79,11,Meteor Shower | Half Health,7,4,0.6363636363636364,0.36363636363636365,3,7,9,0.4375,6,Sinkhole | Hypixel Says | Acid Rain | Blackout | Meteor Shower | Half Health,false,excluding_recorder_when_alive,true,15,0,0,true,15,14,false,14,11,false,11,7,false,7,8,0.4666666666666667,disaster_chat_death_history_wave_specific_v2,false,true,,,,,true,Sinkhole=1 | Hypixel Says=0 | Acid Rain=4 | Blackout=0 | Meteor Shower=1 | Half Health=0 | Fall=1 | Void=0 | Misc=0 | Chats=11,1,0,0,,,,,,,,,,,,,,,,,,,,,,,,,,,,,,,,,,,,,,,,,,,,,,,,,,,,,,,,,,,,,,,,,,,,,,,,,,,,,,,,,,,,,,,,,,,,,,4,0,0,0,0,0,0,0,0,0,0,0,0,1,0,0,0,1,0,0,0,0,0,0,0,0,0,,,,,,,,,,,,,,,,,,,,,,,,,,,,,,,,,,,,,,,,,,,,,,,,,,,,
3,Castle,16,16,true,189,16,Zombie Apocalypse | Swappage,9,7,0.5625,0.4375,119,9,Withers | Nuke,2,7,0.2222222222222222,0.7777777777777778,59,2,Fragile Ground | Bat Swarm,2,0,1.0,0.0,3,2,14,0.125,6,Zombie Apocalypse | Swappage | Withers | Nuke | Fragile Ground | Bat Swarm,false,excluding_recorder_when_alive,true,15,0,0,true,15,8,true,8,2,false,2,2,false,2,13,0.13333333333333333,disaster_chat_death_history_wave_specific_v4,false,true,6,1,0,2.4285714285714284,true,Zombie Apocalypse=2 | Swappage=0 | Withers=3 | Nuke=1 | Fragile Ground=0 | Bat Swarm=0 | Fall=4 | Void=0 | Misc=0 | Chats=12,4,0,0,,,,,,,,,,,,,,,,,,,,,,,,,,,,,,,,,,,,,,,,,,,,,,,,,,,,,,,,,,,,,,,,,,,,,,,,,,,,,,,,,,,,,,,,,,,,,,0,0,0,0,0,0,0,0,0,0,0,0,0,0,1,0,0,0,0,0,0,0,0,0,0,3,2,,,,,,,,,,,,,,,,,,,,,,,,,,,,,,,,,,,,,,,,,,,,,,,,,,,,
3,Oil Rig,16,16,true,209,16,Lightning,15,1,0.9375,0.0625,129,15,Dragons | Werewolf,11,4,0.7333333333333333,0.26666666666666666,57,11,The Floor is Lava | Half Health,5,6,0.45454545454545453,0.5454545454545454,3,5,11,0.3125,5,Lightning | Dragons | Werewolf | The Floor is Lava | Half Health,false,excluding_recorder_when_alive,true,15,0,0,true,15,13,true,13,9,true,9,5,false,5,10,0.3333333333333333,disaster_chat_death_history_wave_specific_v5,false,true,7,9,7,3.4285714285714284,true,Lightning=0 | Dragons=1 | Werewolf=4 | The Floor is Lava=1 | Half Health=0 | Fall=1 | Void=1 | Misc=0 | Chats=15,1,1,0,,,,,,,,,,,,,,,,,,,,,,,,,,,,,,,,,,,,,,,,,,,,,,,,,,,,,,,,,,,,,,,,,,,,,,,,,,,,,,,,,,,,,,,,,,,,,,0,0,0,0,0,1,0,0,0,0,0,0,0,0,0,0,0,0,0,0,0,1,0,0,4,0,0,,,,,,,,,,,,,,,,,,,,,,,,,,,,,,,,,,,,,,,,,,,,,,,,,,,,
3,Cruise Ship,15,16,true,167,15,Sinkhole | Hot Potato,13,2,0.8666666666666667,0.13333333333333333,117,13,"Lightning | Red Light, Green Light",11,2,0.8461538461538461,0.15384615384615385,62,11,Dragons | Blackout,8,3,0.7272727272727273,0.2727272727272727,3,8,7,0.5333333333333333,6,"Sinkhole | Hot Potato | Lightning | Red Light, Green Light | Dragons | Blackout",false,excluding_recorder_when_alive,true,14,0,0,true,14,13,false,13,11,false,11,8,false,8,6,0.5714285714285714,disaster_chat_death_history_wave_specific_v5,false,true,5,8,9,1.1428571428571428,true,"Sinkhole=2 | Hot Potato=1 | Lightning=0 | Red Light, Green Light=0 | Dragons=1 | Blackout=0 | Fall=1 | Void=1 | Misc=0 | Chats=8",1,1,0,,,,,,,,,,,,,,,,,,,,,,,,,,,,,,,,,,,,,,,,,,,,,,,,,,,,,,,,,,,,,,,,,,,,,,,,,,,,,,,,,,,,,,,,,,,,,,0,0,0,0,0,1,0,0,0,0,1,0,0,0,0,0,0,2,0,0,0,0,0,0,0,0,0,,,,,,,,,,,,,,,,,,,,,,,,,,,,,,,,,,,,,,,,,,,,,,,,,,,,
3,Melon Mall,15,16,true,182,15,Flood,15,0,1.0,0.0,122,15,Meteor Shower | Half Health,14,1,0.9333333333333333,0.06666666666666667,50,14,Tornado | Blackout,9,5,0.6428571428571429,0.35714285714285715,3,9,6,0.6,5,Flood | Meteor Shower | Half Health | Tornado | Blackout,false,excluding_recorder_when_alive,true,14,0,0,true,14,14,true,14,13,true,13,9,false,9,5,0.6428571428571429,disaster_chat_death_history_wave_specific_v5,false,true,0,10,11,4.142857142857143,true,Flood=3 | Meteor Shower=0 | Half Health=0 | Tornado=1 | Blackout=0 | Fall=1 | Void=0 | Misc=0 | Chats=16,1,0,0,,,,,,,,,,,,,,,,,,,,,,,,,,,,,,,,,,,,,,,,,,,,,,,,,,,,,,,,,,,,,,,,,,,,,,,,,,,,,,,,,,,,,,,,,,,,,,0,0,0,0,0,0,3,0,0,0,0,0,0,0,0,0,0,0,0,0,0,0,0,1,0,0,0,,,,,,,,,,,,,,,,,,,,,,,,,,,,,,,,,,,,,,,,,,,,,,,,,,,,
3,Castle,16,16,true,175,16,Dragons | Bat Swarm,12,4,0.75,0.25,117,12,Tornado | Blackout,7,5,0.5833333333333334,0.4166666666666667,49,7,Stampede | Hypixel Says,3,4,0.42857142857142855,0.5714285714285714,3,3,13,0.1875,6,Dragons | Bat Swarm | Tornado | Blackout | Stampede | Hypixel Says,false,excluding_recorder_when_alive,true,15,0,0,true,15,12,false,12,7,false,7,3,false,3,12,0.2,exact_history_avg_deaths_v3,false,true,5,3,1,1.4285714285714286,true,Dragons=4 | Bat Swarm=0 | Tornado=2 | Blackout=0 | Stampede=0 | Hypixel Says=2 | Fall=3 | Void=1 | Misc=0 | Chats=10,3,1,0,,,,,,,,,,,,,,,,,,,,,,,,,,,,,,,,,,,,,,,,,,,,,,,,,,,,,,,,,,,,,,,,,,,,,,,,,,,,,,,,,,,,,,,,,,,,,,0,0,0,0,0,4,0,0,0,0,0,2,0,0,0,0,0,0,0,0,0,0,0,2,0,0,0,,,,,,,,,,,,,,,,,,,,,,,,,,,,,,,,,,,,,,,,,,,,,,,,,,,,
3,Castle,16,16,true,205,16,TNT Rain,16,0,1.0,0.0,127,16,Dragons,15,1,0.9375,0.0625,49,15,Fragile Ground | Purge,7,8,0.4666666666666667,0.5333333333333333,3,7,9,0.4375,4,TNT Rain | Dragons | Fragile Ground | Purge,false,excluding_recorder_when_alive,true,15,0,0,true,15,15,true,15,15,false,15,7,false,7,8,0.4666666666666667,exact_history_avg_deaths_v3,false,true,5,9,11,4.857142857142857,true,TNT Rain=0 | Dragons=1 | Fragile Ground=0 | Purge=5 | Fall=2 | Void=0 | Misc=0 | Chats=15,2,0,0,,,,,,,,,,,,,,,,,,,,,,,,,,,,,,,,,,,,,,,,,,,,,,,,,,,,,,,,,,,,,,,,,,,,,,,,,,,,,,,,,,,,,,,,,,,,,,0,0,0,0,0,1,0,0,0,0,0,0,0,0,0,5,0,0,0,0,0,0,0,0,0,0,0,,,,,,,,,,,,,,,,,,,,,,,,,,,,,,,,,,,,,,,,,,,,,,,,,,,,
3,Arctic Lab,15,16,true,208,15,The Floor is Lava | Bat Swarm,2,13,0.13333333333333333,0.8666666666666667,128,2,Zombie Apocalypse | Anvil Rain,1,1,0.5,0.5,77,1,Sinkhole | Grounded,1,0,1.0,0.0,3,1,14,0.06666666666666667,6,The Floor is Lava | Bat Swarm | Zombie Apocalypse | Anvil Rain | Sinkhole | Grounded,false,excluding_recorder_when_alive,true,14,0,0,true,14,2,false,2,1,false,1,1,false,1,13,0.07142857142857142,exact_history_avg_deaths_v3,false,true,3,0,0,1.1428571428571428,true,The Floor is Lava=8 | Bat Swarm=1 | Zombie Apocalypse=0 | Anvil Rain=1 | Sinkhole=0 | Grounded=0 | Fall=2 | Void=0 | Misc=0 | Chats=14,2,0,0,,,,,,,,,,,,,,,,,,,,,,,,,,,,,,,,,,,,,,,,,,,,,,,,,,,,,,,,,,,,,,,,,,,,,,,,,,,,,,,,,,,,,,,,,,,,,,0,1,1,0,0,0,0,0,0,0,0,0,0,0,0,0,0,0,0,0,0,8,0,0,0,0,0,,,,,,,,,,,,,,,,,,,,,,,,,,,,,,,,,,,,,,,,,,,,,,,,,,,,
4,Melon Mall,16,16,true,197,16,Withers | Blackout,12,4,0.75,0.25,120,12,Lightning | Purge,6,6,0.5,0.5,62,6,TNT Rain | Disco,4,2,0.6666666666666666,0.3333333333333333,3,4,12,0.25,6,Withers | Blackout | Lightning | Purge | TNT Rain | Disco,false,excluding_recorder_when_alive,true,15,0,0,true,15,12,false,12,6,false,6,4,false,4,11,0.26666666666666666,disaster_chat_death_history_wave_specific_v7,false,true,7,9,5,4.0,true,Withers=3 | Blackout=0 | Lightning=0 | Purge=3 | TNT Rain=0 | Disco=1 | Fall=2 | Void=1 | Misc=1 | Chats=12,2,1,1,0,0,1,1,1,0,1,0,0,,,,,,,,,,,,,,,,,,,,,,,,,,,,,,,,,,,,,,,,,,,,,,,,,,,,,,,,,,,,,,,,,,,,,,,,,,,,,,,,,,,,,0,0,0,0,1,0,0,0,0,0,0,0,0,0,0,3,0,0,0,0,0,0,0,0,0,3,0,,,,,,,,,,,,,,,,,,,,,,,,,,,,,,,,,,,,,,,,,,,,,,,,,,,,
4,Melon Mall,16,16,true,207,16,Dragons | Purge,10,6,0.625,0.375,128,10,Stampede | Half Health,6,4,0.6,0.4,76,6,The Floor is Lava,3,3,0.5,0.5,3,3,13,0.1875,5,Dragons | Purge | Stampede | Half Health | The Floor is Lava,false,excluding_recorder_when_alive,true,15,0,0,true,15,9,true,9,5,true,5,3,false,3,12,0.2,disaster_chat_death_history_wave_specific_v7,false,true,9,7,5,5.285714285714286,true,Dragons=3 | Purge=3 | Stampede=1 | Half Health=0 | The Floor is Lava=2 | Fall=3 | Void=1 | Misc=0 | Chats=21,3,1,0,2,1,0,1,0,0,0,0,0,,,,,,,,,,,,,,,,,,,,,,,,,,,,,,,,,,,,,,,,,,,,,,,,,,,,,,,,,,,,,,,,,,,,,,,,,,,,,,,,,,,,,0,0,0,0,0,3,0,0,0,0,0,0,0,0,0,3,0,0,0,1,0,2,0,0,0,0,0,,,,,,,,,,,,,,,,,,,,,,,,,,,,,,,,,,,,,,,,,,,,,,,,,,,,
4,Oil Rig,16,16,true,200,16,Zombie Apocalypse | Nuke,10,6,0.625,0.375,140,10,Fragile Ground | Disco,6,4,0.6,0.4,62,6,Flood,2,4,0.3333333333333333,0.6666666666666666,3,2,14,0.125,5,Zombie Apocalypse | Nuke | Fragile Ground | Disco | Flood,false,excluding_recorder_when_alive,true,15,0,0,true,15,10,false,10,6,false,6,2,false,2,13,0.13333333333333333,disaster_chat_death_history_wave_specific_v7,false,true,6,9,5,7.857142857142857,true,Zombie Apocalypse=5 | Nuke=0 | Fragile Ground=0 | Disco=2 | Flood=2 | Fall=2 | Void=2 | Misc=0 | Chats=8,2,2,0,1,2,0,1,0,0,0,0,0,,,,,,,,,,,,,,,,,,,,,,,,,,,,,,,,,,,,,,,,,,,,,,,,,,,,,,,,,,,,,,,,,,,,,,,,,,,,,,,,,,,,,0,0,0,0,2,0,2,0,0,0,0,0,0,0,0,0,0,0,0,0,0,0,0,0,0,0,5,,,,,,,,,,,,,,,,,,,,,,,,,,,,,,,,,,,,,,,,,,,,,,,,,,,,
4,Paradise,16,16,true,182,16,Flood,15,1,0.9375,0.0625,104,15,Stampede | Disco,11,4,0.7333333333333333,0.26666666666666666,51,11,Dragons | Grounded,6,5,0.5454545454545454,0.45454545454545453,3,6,10,0.375,5,Flood | Stampede | Disco | Dragons | Grounded,false,excluding_recorder_when_alive,true,15,0,0,true,15,14,true,14,10,true,10,6,false,6,9,0.4,disaster_chat_death_history_wave_specific_v7,false,true,3,6,4,1.7142857142857142,true,Flood=4 | Stampede=2 | Disco=3 | Dragons=0 | Grounded=0 | Fall=1 | Void=0 | Misc=0 | Chats=21,1,0,0,1,0,0,0,0,0,0,0,0,,,,,,,,,,,,,,,,,,,,,,,,,,,,,,,,,,,,,,,,,,,,,,,,,,,,,,,,,,,,,,,,,,,,,,,,,,,,,,,,,,,,,0,0,0,0,3,0,4,0,0,0,0,0,0,0,0,0,0,0,0,2,0,0,0,0,0,0,0,,,,,,,,,,,,,,,,,,,,,,,,,,,,,,,,,,,,,,,,,,,,,,,,,,,,
4,Melon Mall,14,16,true,184,14,Tornado,13,1,0.9285714285714286,0.07142857142857142,134,13,"Sinkhole | Red Light, Green Light",8,5,0.6153846153846154,0.38461538461538464,55,8,TNT Rain | Hot Potato,3,5,0.375,0.625,3,3,11,0.21428571428571427,5,"Tornado | Sinkhole | Red Light, Green Light | TNT Rain | Hot Potato",false,excluding_recorder_when_alive,true,13,0,0,true,13,12,true,12,7,true,7,3,false,3,10,0.23076923076923078,disaster_chat_death_history_wave_specific_v7,false,true,7,7,5,4.142857142857143,true,"Tornado=3 | Sinkhole=1 | Red Light, Green Light=3 | TNT Rain=0 | Hot Potato=1 | Fall=2 | Void=0 | Misc=0 | Chats=23",2,0,0,0,0,0,1,0,0,1,0,0,,,,,,,,,,,,,,,,,,,,,,,,,,,,,,,,,,,,,,,,,,,,,,,,,,,,,,,,,,,,,,,,,,,,,,,,,,,,,,,,,,,,,0,0,0,0,0,0,0,0,0,0,1,0,0,0,0,0,3,1,0,0,0,0,0,3,0,0,0,,,,,,,,,,,,,,,,,,,,,,,,,,,,,,,,,,,,,,,,,,,,,,,,,,,,
4,Gondola,15,16,true,217,15,Dragons | Grounded,15,0,1.0,0.0,138,15,Fragile Ground | Nuke,11,4,0.7333333333333333,0.26666666666666666,70,11,Lightning | Blackout,6,5,0.5454545454545454,0.45454545454545453,3,6,9,0.4,6,Dragons | Grounded | Fragile Ground | Nuke | Lightning | Blackout,false,excluding_recorder_when_alive,true,14,0,0,true,14,14,true,14,10,true,10,5,true,5,9,0.35714285714285715,disaster_chat_death_history_wave_specific_v7,false,true,7,8,10,7.142857142857143,true,Dragons=1 | Grounded=0 | Fragile Ground=0 | Nuke=1 | Lightning=0 | Blackout=0 | Fall=2 | Void=3 | Misc=2 | Chats=19,2,3,2,0,0,0,1,0,1,1,3,1,,,,,,,,,,,,,,,,,,,,,,,,,,,,,,,,,,,,,,,,,,,,,,,,,,,,,,,,,,,,,,,,,,,,,,,,,,,,,,,,,,,,,0,0,0,0,0,1,0,0,0,0,0,0,0,0,1,0,0,0,0,0,0,0,0,0,0,0,0,,,,,,,,,,,,,,,,,,,,,,,,,,,,,,,,,,,,,,,,,,,,,,,,,,,,
4,Melon Mall,16,16,true,198,16,Withers | Nuke,15,1,0.9375,0.0625,136,15,Acid Rain,12,3,0.8,0.2,57,12,Flood,4,8,0.3333333333333333,0.6666666666666666,3,4,12,0.25,4,Withers | Nuke | Acid Rain | Flood,false,excluding_recorder_when_alive,true,15,0,0,true,15,14,true,14,11,true,11,3,true,3,12,0.2,disaster_chat_death_history_wave_specific_v7,false,true,4,11,10,14.142857142857142,true,Withers=4 | Nuke=0 | Acid Rain=6 | Flood=1 | Fall=0 | Void=0 | Misc=1 | Chats=15,0,0,1,0,0,1,0,0,0,0,0,0,,,,,,,,,,,,,,,,,,,,,,,,,,,,,,,,,,,,,,,,,,,,,,,,,,,,,,,,,,,,,,,,,,,,,,,,,,,,,,,,,,,,,6,0,0,0,0,0,1,0,0,0,0,0,0,0,0,0,0,0,0,0,0,0,0,0,0,4,0,,,,,,,,,,,,,,,,,,,,,,,,,,,,,,,,,,,,,,,,,,,,,,,,,,,,
4,Oil Rig,16,16,true,221,16,TNT Rain | Disco,13,3,0.8125,0.1875,156,13,Stampede | Hot Potato,9,4,0.6923076923076923,0.3076923076923077,79,9,Withers | Nuke,6,3,0.6666666666666666,0.3333333333333333,3,6,10,0.375,6,TNT Rain | Disco | Stampede | Hot Potato | Withers | Nuke,false,excluding_recorder_when_alive,true,15,0,0,true,15,12,true,12,8,true,8,6,false,6,9,0.4,disaster_chat_death_history_wave_specific_v7,false,true,8,7,3,2.857142857142857,true,TNT Rain=1 | Disco=1 | Stampede=2 | Hot Potato=1 | Withers=1 | Nuke=0 | Fall=4 | Void=0 | Misc=0 | Chats=22,4,0,0,2,0,0,1,0,0,1,0,0,,,,,,,,,,,,,,,,,,,,,,,,,,,,,,,,,,,,,,,,,,,,,,,,,,,,,,,,,,,,,,,,,,,,,,,,,,,,,,,,,,,,,0,0,0,0,1,0,0,0,0,0,1,0,0,0,0,0,0,0,0,2,0,0,1,0,0,1,0,,,,,,,,,,,,,,,,,,,,,,,,,,,,,,,,,,,,,,,,,,,,,,,,,,,,
5,Area 52,16,16,true,198,16,"Tornado | Red Light, Green Light",7,9,0.4375,0.5625,118,7,Lightning,1,6,0.14285714285714285,0.8571428571428571,49,1,Sinkhole | Grounded,0,1,0.0,1.0,3,0,16,0.0,5,"Tornado | Red Light, Green Light | Lightning | Sinkhole | Grounded",false,excluding_recorder_when_alive,true,15,0,0,true,15,6,true,6,0,true,0,0,false,0,15,0.0,disaster_chat_death_history_wave_specific_v8,false,true,15,6,0,9.142857142857142,true,"Tornado=2 | Red Light, Green Light=8 | Lightning=1 | Sinkhole=0 | Grounded=0 | Fall=1 | Void=2 | Misc=1 | Chats=19",1,2,1,0,1,0,1,1,1,0,0,0,"Tornado | Red Light, Green Light",0,0,0,0,0,0,0,0,0,0,0,0,0,0,0,0,6,0,0,0,0,0,0,2,0,0,0,"Tornado | Red Light, Green Light | Lightning",0,0,0,0,0,0,0,0,0,0,0,0,1,0,0,0,2,0,0,0,0,0,0,0,0,0,0,"Tornado | Red Light, Green Light | Lightning | Sinkhole | Grounded",0,0,0,0,0,0,0,0,0,0,0,0,0,0,0,0,0,0,0,0,0,0,0,0,0,0,0,0,0,0,0,0,0,0,0,0,0,0,0,1,0,0,0,8,0,0,0,0,0,0,2,0,0,0,,,,,,,,,,,,,,,,,,,,,,,,,,,,,,,,,,,,,,,,,,,,,,,,,,,,
5,Oil Rig,16,16,true,198,16,Sinkhole | Swappage,11,5,0.6875,0.3125,136,11,Meteor Shower | Hot Potato,8,3,0.7272727272727273,0.2727272727272727,68,8,The Floor is Lava | Purge,4,4,0.5,0.5,3,4,12,0.25,6,Sinkhole | Swappage | Meteor Shower | Hot Potato | The Floor is Lava | Purge,false,excluding_recorder_when_alive,true,15,0,0,true,15,10,true,10,7,true,7,4,false,4,11,0.26666666666666666,disaster_chat_death_history_wave_specific_v8,false,true,15,10,7,10.142857142857142,true,Sinkhole=1 | Swappage=0 | Meteor Shower=1 | Hot Potato=1 | The Floor is Lava=0 | Purge=1 | Fall=4 | Void=3 | Misc=0 | Chats=16,4,3,0,3,2,0,0,0,0,1,1,0,Sinkhole | Swappage,0,0,0,0,0,0,0,0,0,0,0,0,0,0,0,0,0,0,0,0,0,0,0,0,0,0,0,Sinkhole | Swappage | Meteor Shower | Hot Potato,0,0,0,0,0,0,0,0,0,0,1,0,0,1,0,0,0,1,0,0,0,0,0,0,0,0,0,Sinkhole | Swappage | Meteor Shower | Hot Potato | The Floor is Lava | Purge,0,0,0,0,0,0,0,0,0,0,0,0,0,0,0,1,0,0,0,0,0,0,0,0,0,0,0,0,0,0,0,0,0,0,0,0,0,1,0,0,1,0,1,0,1,0,0,0,0,0,0,0,0,0,,,,,,,,,,,,,,,,,,,,,,,,,,,,,,,,,,,,,,,,,,,,,,,,,,,,
5,Library,14,16,true,218,14,Dragons | Half Health,12,2,0.8571428571428571,0.14285714285714285,142,12,Tornado | Anvil Rain,6,6,0.5,0.5,71,6,Zombie Apocalypse | Nuke,0,6,0.0,1.0,3,0,14,0.0,6,Dragons | Half Health | Tornado | Anvil Rain | Zombie Apocalypse | Nuke,false,excluding_recorder_when_alive,true,13,0,0,true,13,11,true,11,6,false,6,0,false,0,13,0.0,disaster_chat_death_history_wave_specific_v9,false,true,7,7,0,6.857142857142857,true,Dragons=4 | Half Health=0 | Tornado=3 | Anvil Rain=0 | Zombie Apocalypse=3 | Nuke=0 | Fall=2 | Void=1 | Misc=0 | Chats=23,2,1,0,0,0,0,1,0,0,1,1,0,Dragons | Half Health,0,0,0,0,0,2,0,0,0,0,0,0,0,0,0,0,0,0,0,0,0,0,0,0,0,0,0,Dragons | Half Health | Tornado | Anvil Rain,0,0,0,0,0,2,0,0,0,0,0,0,0,0,0,0,0,0,0,0,0,0,0,2,0,0,0,Dragons | Half Health | Tornado | Anvil Rain | Zombie Apocalypse | Nuke,0,0,0,0,0,0,0,0,0,0,0,0,0,0,0,0,0,0,0,0,0,0,0,1,0,0,3,0,0,0,0,0,4,0,0,0,0,0,0,0,0,0,0,0,0,0,0,0,0,0,3,0,0,3,,,,,,,,,,,,,,,,,,,,,,,,,,,,,,,,,,,,,,,,,,,,,,,,,,,,
5,Melon Mall,16,16,true,183,16,Tornado | Werewolf,15,1,0.9375,0.0625,124,15,Stampede,9,6,0.6,0.4,55,9,Dragons | Hypixel Says,7,2,0.7777777777777778,0.2222222222222222,3,7,9,0.4375,5,Tornado | Werewolf | Stampede | Dragons | Hypixel Says,false,excluding_recorder_when_alive,true,15,0,1,true,14,14,false,14,8,false,8,6,false,6,9,0.4,disaster_chat_death_history_wave_specific_v9,false,true,8,12,8,5.714285714285714,true,Tornado=4 | Werewolf=0 | Stampede=0 | Dragons=0 | Hypixel Says=0 | Fall=1 | Void=1 | Misc=2 | Chats=11,1,1,2,0,0,0,1,1,1,0,0,1,Tornado | Werewolf,0,0,0,0,0,0,0,0,0,0,0,0,0,0,0,0,0,0,0,0,0,0,0,0,0,0,0,Tornado | Werewolf | Stampede,0,0,0,0,0,0,0,0,0,0,0,0,0,0,0,0,0,0,0,0,0,0,0,3,0,0,0,Tornado | Werewolf | Stampede | Dragons | Hypixel Says,0,0,0,0,0,0,0,0,0,0,0,0,0,0,0,0,0,0,0,0,0,0,0,1,0,0,0,0,0,0,0,0,0,0,0,0,0,0,0,0,0,0,0,0,0,0,0,0,0,0,4,0,0,0,,,,,,,,,,,,,,,,,,,,,,,,,,,,,,,,,,,,,,,,,,,,,,,,,,,,
5,Area 52,14,16,true,192,14,Flood | Half Health,9,5,0.6428571428571429,0.35714285714285715,119,9,Meteor Shower | Anvil Rain,4,5,0.4444444444444444,0.5555555555555556,50,4,Stampede,1,3,0.25,0.75,3,1,13,0.07142857142857142,5,Flood | Half Health | Meteor Shower | Anvil Rain | Stampede,false,excluding_recorder_when_alive,true,13,0,0,true,13,9,false,9,4,false,4,1,false,1,12,0.07692307692307693,disaster_chat_death_history_wave_specific_v9,false,true,1,1,0,0.5714285714285714,true,Flood=5 | Half Health=0 | Meteor Shower=4 | Anvil Rain=1 | Stampede=0 | Fall=1 | Void=0 | Misc=1 | Chats=7,1,0,1,0,0,1,1,0,0,0,0,0,Flood | Half Health,0,0,0,0,0,0,3,0,0,0,0,0,0,0,0,0,0,0,0,0,0,0,0,0,0,0,0,Flood | Half Health | Meteor Shower | Anvil Rain,0,1,0,0,0,0,0,0,0,0,0,0,0,3,0,0,0,0,0,0,0,0,0,0,0,0,0,Flood | Half Health | Meteor Shower | Anvil Rain | Stampede,0,0,0,0,0,0,2,0,0,0,0,0,0,1,0,0,0,0,0,0,0,0,0,0,0,0,0,0,1,0,0,0,0,5,0,0,0,0,0,0,4,0,0,0,0,0,0,0,0,0,0,0,0,0,,,,,,,,,,,,,,,,,,,,,,,,,,,,,,,,,,,,,,,,,,,,,,,,,,,,
6,Area 52,15,16,true,182,15,Dragons | Purge,9,6,0.6,0.4,129,9,Fragile Ground | Half Health,3,6,0.3333333333333333,0.6666666666666666,54,3,Flood,1,2,0.3333333333333333,0.6666666666666666,3,1,14,0.06666666666666667,5,Dragons | Purge | Fragile Ground | Half Health | Flood,false,excluding_recorder_when_alive,true,14,0,0,true,14,9,false,9,3,false,3,1,false,1,13,0.07142857142857142,disaster_chat_death_history_wave_specific_v10,false,true,1,2,0,0.8571428571428571,true,Dragons=2 | Purge=1 | Fragile Ground=0 | Half Health=0 | Flood=1 | Fall=4 | Void=2 | Misc=3 | Chats=8,4,2,3,1,1,2,3,1,1,0,0,0,Dragons | Purge,0,0,0,0,0,0,0,0,0,0,0,0,0,0,0,1,0,0,0,0,0,0,0,0,0,0,0,Dragons | Purge | Fragile Ground | Half Health,0,0,0,0,0,1,0,0,0,0,0,0,0,0,0,0,0,0,0,0,0,0,0,0,0,0,0,Dragons | Purge | Fragile Ground | Half Health | Flood,0,0,0,0,0,1,1,0,0,0,0,0,0,0,0,0,0,0,0,0,0,0,0,0,0,0,0,0,0,0,0,0,2,1,0,0,0,0,0,0,0,0,1,0,0,0,0,0,0,0,0,0,0,0,,,,,,,,,,,,,,,,,,,,,,,,,,,,,,,,,,,,,,,,,,,,,,,,,,,,
6,Library,14,16,true,180,14,Meteor Shower | Werewolf,12,2,0.8571428571428571,0.14285714285714285,122,12,Acid Rain | Blackout,11,1,0.9166666666666666,0.08333333333333333,62,11,Lightning | Disco,5,6,0.45454545454545453,0.5454545454545454,3,5,9,0.35714285714285715,6,Meteor Shower | Werewolf | Acid Rain | Blackout | Lightning | Disco,false,excluding_recorder_when_alive,true,13,0,1,true,12,10,true,10,10,false,10,5,false,5,8,0.38461538461538464,disaster_chat_death_history_wave_specific_v10,false,true,5,2,3,2.2857142857142856,true,Meteor Shower=1 | Werewolf=3 | Acid Rain=1 | Blackout=0 | Lightning=0 | Disco=2 | Fall=2 | Void=0 | Misc=0 | Chats=12,2,0,0,1,0,0,0,0,0,1,0,0,Meteor Shower | Werewolf,0,0,0,0,0,0,0,0,0,0,0,0,0,0,0,0,0,0,0,0,0,0,0,0,2,0,0,Meteor Shower | Werewolf | Acid Rain | Blackout,0,0,0,0,0,0,0,0,0,0,0,0,0,0,0,0,0,0,0,0,0,0,0,0,0,0,0,Meteor Shower | Werewolf | Acid Rain | Blackout | Lightning | Disco,1,0,0,0,2,0,0,0,0,0,0,0,0,1,0,0,0,0,0,0,0,0,0,0,1,0,0,1,0,0,0,2,0,0,0,0,0,0,0,0,1,0,0,0,0,0,0,0,0,0,0,3,0,0,,,,,,,,,,,,,,,,,,,,,,,,,,,,,,,,,,,,,,,,,,,,,,,,,,,,
6,Cruise Ship,16,16,true,176,16,Stampede | Disco,14,2,0.875,0.125,114,14,Lightning,8,6,0.5714285714285714,0.42857142857142855,62,8,Withers | Grounded,3,5,0.375,0.625,3,3,13,0.1875,5,Stampede | Disco | Lightning | Withers | Grounded,false,excluding_recorder_when_alive,true,15,0,0,true,15,13,true,13,8,false,8,3,false,3,12,0.2,disaster_chat_death_history_wave_specific_v10,false,true,7,8,6,6.142857142857143,true,Stampede=3 | Disco=1 | Lightning=1 | Withers=4 | Grounded=0 | Fall=2 | Void=0 | Misc=1 | Chats=11,2,0,1,0,0,1,2,0,0,0,0,0,Stampede | Disco,0,0,0,0,1,0,0,0,0,0,0,0,0,0,0,0,0,0,0,0,0,0,0,0,0,0,0,Stampede | Disco | Lightning,0,0,0,0,0,0,0,0,0,0,0,0,0,0,0,0,0,0,0,3,0,0,0,0,0,0,0,Stampede | Disco | Lightning | Withers | Grounded,0,0,0,0,0,0,0,0,0,0,0,0,1,0,0,0,0,0,0,0,0,0,0,0,0,4,0,0,0,0,0,1,0,0,0,0,0,0,0,1,0,0,0,0,0,0,3,0,0,0,0,0,4,0,,,,,,,,,,,,,,,,,,,,,,,,,,,,,,,,,,,,,,,,,,,,,,,,,,,,
6,Oil Rig,15,16,true,179,15,The Floor is Lava | Blackout,9,6,0.6,0.4,112,9,Sinkhole | Half Health,8,1,0.8888888888888888,0.1111111111111111,58,8,Tornado,5,3,0.625,0.375,3,5,10,0.3333333333333333,5,The Floor is Lava | Blackout | Sinkhole | Half Health | Tornado,false,excluding_recorder_when_alive,true,14,0,0,true,14,8,true,8,7,true,7,5,false,5,9,0.35714285714285715,disaster_chat_death_history_wave_specific_v10,false,true,0,0,0,10.0,true,The Floor is Lava=4 | Blackout=0 | Sinkhole=1 | Half Health=0 | Tornado=0 | Fall=3 | Void=0 | Misc=1 | Chats=21,3,0,1,3,0,1,0,0,0,0,0,0,The Floor is Lava | Blackout,0,0,0,0,0,0,0,0,0,0,0,0,0,0,0,0,0,0,0,0,0,2,0,0,0,0,0,The Floor is Lava | Blackout | Sinkhole | Half Health,0,0,0,0,0,0,0,0,0,0,0,0,0,0,0,0,0,0,0,0,0,1,0,0,0,0,0,The Floor is Lava | Blackout | Sinkhole | Half Health | Tornado,0,0,0,0,0,0,0,0,0,0,0,0,0,0,0,0,0,1,0,0,0,1,0,0,0,0,0,0,0,0,0,0,0,0,0,0,0,0,0,0,0,0,0,0,1,0,0,0,4,0,0,0,0,0,,,,,,,,,,,,,,,,,,,,,,,,,,,,,,,,,,,,,,,,,,,,,,,,,,,,
6,Spaceship,15,16,true,220,15,Stampede | Grounded,10,5,0.6666666666666666,0.3333333333333333,143,10,Sinkhole | Anvil Rain,3,7,0.3,0.7,64,3,Lightning | Blackout,0,3,0.0,1.0,3,0,15,0.0,6,Stampede | Grounded | Sinkhole | Anvil Rain | Lightning | Blackout,false,excluding_recorder_when_alive,true,14,0,0,true,14,9,true,9,3,false,3,0,false,0,14,0.0,disaster_chat_death_history_wave_specific_v10,false,true,4,1,0,1.2857142857142858,true,Stampede=1 | Grounded=0 | Sinkhole=4 | Anvil Rain=0 | Lightning=1 | Blackout=0 | Fall=0 | Void=8 | Misc=0 | Chats=14,0,8,0,0,5,0,0,3,0,0,0,0,Stampede | Grounded,0,0,0,0,0,0,0,0,0,0,0,0,0,0,0,0,0,0,0,0,0,0,0,0,0,0,0,Stampede | Grounded | Sinkhole | Anvil Rain,0,0,0,0,0,0,0,0,0,0,0,0,0,0,0,0,0,3,0,0,0,0,0,0,0,0,0,Stampede | Grounded | Sinkhole | Anvil Rain | Lightning | Blackout,0,0,0,0,0,0,0,0,0,0,0,0,1,0,0,0,0,1,0,1,0,0,0,0,0,0,0,0,0,0,0,0,0,0,0,0,0,0,0,1,0,0,0,0,4,0,1,0,0,0,0,0,0,0,,,,,,,,,,,,,,,,,,,,,,,,,,,,,,,,,,,,,,,,,,,,,,,,,,,,
6,Oil Rig,16,16,true,166,16,TNT Rain,14,2,0.875,0.125,111,14,Fragile Ground | Nuke,12,2,0.8571428571428571,0.14285714285714285,49,12,Acid Rain | Hypixel Says,10,2,0.8333333333333334,0.16666666666666666,3,10,6,0.625,5,TNT Rain | Fragile Ground | Nuke | Acid Rain | Hypixel Says,false,excluding_recorder_when_alive,true,15,0,0,true,15,13,true,13,11,true,11,9,true,9,6,0.6,disaster_chat_death_history_wave_specific_v12,false,true,6,8,9,0.8571428571428571,true,TNT Rain=1 | Fragile Ground=0 | Nuke=2 | Acid Rain=1 | Hypixel Says=1 | Fall=0 | Void=0 | Misc=1 | Chats=14,0,0,1,0,0,1,0,0,0,0,0,0,TNT Rain,0,0,0,0,0,0,0,0,0,0,0,0,0,0,0,0,0,0,0,0,0,0,1,0,0,0,0,TNT Rain | Fragile Ground | Nuke,0,0,0,0,0,0,0,0,0,0,0,0,0,0,2,0,0,0,0,0,0,0,0,0,0,0,0,TNT Rain | Fragile Ground | Nuke | Acid Rain | Hypixel Says,1,0,0,0,0,0,0,0,0,0,0,1,0,0,0,0,0,0,0,0,0,0,0,0,0,0,0,1,0,0,0,0,0,0,0,0,0,0,1,0,0,2,0,0,0,0,0,0,0,1,0,0,0,0,,,,,,,,,,,,,,,,,,,,,,,,,,,,,,,,,,,,,,,,,,,,,,,,,,,,
6,Gondola,14,16,true,179,14,TNT Rain | Nuke,13,1,0.9285714285714286,0.07142857142857142,114,13,Withers | Anvil Rain,13,0,1.0,0.0,61,13,Fragile Ground | Half Health,7,6,0.5384615384615384,0.46153846153846156,3,7,7,0.5,6,TNT Rain | Nuke | Withers | Anvil Rain | Fragile Ground | Half Health,false,excluding_recorder_when_alive,true,13,0,0,true,13,12,true,12,12,true,12,6,true,6,7,0.46153846153846156,disaster_chat_death_history_wave_specific_v12,false,true,3,5,7,1.4285714285714286,true,TNT Rain=0 | Nuke=1 | Withers=5 | Anvil Rain=0 | Fragile Ground=0 | Half Health=0 | Fall=0 | Void=0 | Misc=1 | Chats=17,0,0,1,0,0,0,0,0,0,0,0,1,TNT Rain | Nuke,0,0,0,0,0,0,0,0,0,0,0,0,0,0,1,0,0,0,0,0,0,0,0,0,0,0,0,TNT Rain | Nuke | Withers | Anvil Rain,0,0,0,0,0,0,0,0,0,0,0,0,0,0,0,0,0,0,0,0,0,0,0,0,0,0,0,TNT Rain | Nuke | Withers | Anvil Rain | Fragile Ground | Half Health,0,0,0,0,0,0,0,0,0,0,0,0,0,0,0,0,0,0,0,0,0,0,0,0,0,5,0,0,0,0,0,0,0,0,0,0,0,0,0,0,0,1,0,0,0,0,0,0,0,0,0,0,5,0,,,,,,,,,,,,,,,,,,,,,,,,,,,,,,,,,,,,,,,,,,,,,,,,,,,,
6,Monorail,14,16,true,193,14,Sinkhole | Nuke,11,3,0.7857142857142857,0.21428571428571427,118,11,Tornado | Purge,8,3,0.7272727272727273,0.2727272727272727,59,8,Acid Rain,5,3,0.625,0.375,3,5,9,0.35714285714285715,5,Sinkhole | Nuke | Tornado | Purge | Acid Rain,false,excluding_recorder_when_alive,true,13,0,0,true,13,10,true,10,7,true,7,5,false,5,8,0.38461538461538464,disaster_chat_death_history_wave_specific_v12,false,true,3,1,4,2.857142857142857,true,Sinkhole=2 | Nuke=0 | Tornado=1 | Purge=0 | Acid Rain=1 | Fall=2 | Void=2 | Misc=0 | Chats=14,2,2,0,1,1,0,0,1,0,1,0,0,Sinkhole | Nuke,0,0,0,0,0,0,0,0,0,0,0,0,0,0,0,0,0,1,0,0,0,0,0,0,0,0,0,Sinkhole | Nuke | Tornado | Purge,0,0,0,0,0,0,0,0,0,0,0,0,0,0,0,0,0,1,0,0,0,0,0,1,0,0,0,Sinkhole | Nuke | Tornado | Purge | Acid Rain,1,0,0,0,0,0,0,0,0,0,0,0,0,0,0,0,0,0,0,0,0,0,0,0,0,0,0,1,0,0,0,0,0,0,0,0,0,0,0,0,0,0,0,0,2,0,0,0,0,0,1,0,0,0,,,,,,,,,,,,,,,,,,,,,,,,,,,,,,,,,,,,,,,,,,,,,,,,,,,,
6,Paradise,16,16,true,198,16,The Floor is Lava | Swappage,5,11,0.3125,0.6875,141,5,Meteor Shower,3,2,0.6,0.4,67,3,Dragons | Half Health,3,0,1.0,0.0,3,3,13,0.1875,5,The Floor is Lava | Swappage | Meteor Shower | Dragons | Half Health,false,excluding_recorder_when_alive,true,15,0,0,true,15,5,false,5,3,false,3,3,false,3,12,0.2,disaster_chat_death_history_wave_specific_v12,false,true,4,0,1,2.4285714285714284,true,The Floor is Lava=8 | Swappage=0 | Meteor Shower=1 | Dragons=0 | Half Health=0 | Fall=2 | Void=0 | Misc=1 | Chats=11,2,0,1,2,0,1,0,0,0,0,0,0,The Floor is Lava | Swappage,0,0,0,0,0,0,0,0,0,0,0,0,0,0,0,0,0,0,0,0,0,7,0,0,0,0,0,The Floor is Lava | Swappage | Meteor Shower,0,0,0,0,0,0,0,0,0,0,0,0,0,1,0,0,0,0,0,0,0,1,0,0,0,0,0,The Floor is Lava | Swappage | Meteor Shower | Dragons | Half Health,0,0,0,0,0,0,0,0,0,0,0,0,0,0,0,0,0,0,0,0,0,0,0,0,0,0,0,0,0,0,0,0,0,0,0,0,0,0,0,0,1,0,0,0,0,0,0,0,8,0,0,0,0,0,,,,,,,,,,,,,,,,,,,,,,,,,,,,,,,,,,,,,,,,,,,,,,,,,,,,
6,Spaceship,16,16,true,186,16,The Floor is Lava,9,7,0.5625,0.4375,135,9,Sinkhole,3,6,0.3333333333333333,0.6666666666666666,57,3,Lightning | Nuke,2,1,0.6666666666666666,0.3333333333333333,3,2,14,0.125,4,The Floor is Lava | Sinkhole | Lightning | Nuke,false,excluding_recorder_when_alive,true,15,0,0,true,15,8,true,8,2,true,2,2,false,2,13,0.13333333333333333,disaster_chat_death_history_wave_specific_v12,false,true,2,2,0,1.1428571428571428,true,The Floor is Lava=11 | Sinkhole=0 | Lightning=0 | Nuke=0 | Fall=0 | Void=2 | Misc=0 | Chats=13,0,2,0,0,1,0,0,1,0,0,0,0,The Floor is Lava,0,0,0,0,0,0,0,0,0,0,0,0,0,0,0,0,0,0,0,0,0,6,0,0,0,0,0,The Floor is Lava | Sinkhole,0,0,0,0,0,0,0,0,0,0,0,0,0,0,0,0,0,0,0,0,0,5,0,0,0,0,0,The Floor is Lava | Sinkhole | Lightning | Nuke,0,0,0,0,0,0,0,0,0,0,0,0,0,0,0,0,0,0,0,0,0,0,0,0,0,0,0,0,0,0,0,0,0,0,0,0,0,0,0,0,0,0,0,0,0,0,0,0,11,0,0,0,0,0,,,,,,,,,,,,,,,,,,,,,,,,,,,,,,,,,,,,,,,,,,,,,,,,,,,,
6,Cruise Ship,16,16,true,203,16,Meteor Shower | Swappage,16,0,1.0,0.0,129,16,"Lightning | Red Light, Green Light",7,9,0.4375,0.5625,64,7,Dragons | Hypixel Says,2,5,0.2857142857142857,0.7142857142857143,3,2,14,0.125,6,"Meteor Shower | Swappage | Lightning | Red Light, Green Light | Dragons | Hypixel Says",false,excluding_recorder_when_alive,true,15,0,0,true,15,15,true,15,7,false,7,2,false,2,13,0.13333333333333333,disaster_chat_death_history_wave_specific_v12,false,true,7,7,5,6.571428571428571,true,"Meteor Shower=4 | Swappage=0 | Lightning=0 | Red Light, Green Light=8 | Dragons=0 | Hypixel Says=0 | Fall=0 | Void=0 | Misc=1 | Chats=14",0,0,1,0,0,0,0,0,1,0,0,0,Meteor Shower | Swappage,0,0,0,0,0,0,0,0,0,0,0,0,0,0,0,0,0,0,0,0,0,0,0,0,0,0,0,"Meteor Shower | Swappage | Lightning | Red Light, Green Light",0,0,0,0,0,0,0,0,0,0,0,0,0,3,0,0,4,0,0,0,0,0,0,0,0,0,0,"Meteor Shower | Swappage | Lightning | Red Light, Green Light | Dragons | Hypixel Says",0,0,0,0,0,0,0,0,0,0,0,0,0,1,0,0,4,0,0,0,0,0,0,0,0,0,0,0,0,0,0,0,0,0,0,0,0,0,0,0,4,0,0,8,0,0,0,0,0,0,0,0,0,0,,,,,,,,,,,,,,,,,,,,,,,,,,,,,,,,,,,,,,,,,,,,,,,,,,,,
6,Arctic Lab,16,16,true,205,16,Stampede | Anvil Rain,11,5,0.6875,0.3125,133,11,The Floor is Lava | Blackout,3,8,0.2727272727272727,0.7272727272727273,74,3,Sinkhole,2,1,0.6666666666666666,0.3333333333333333,3,2,14,0.125,5,Stampede | Anvil Rain | The Floor is Lava | Blackout | Sinkhole,false,excluding_recorder_when_alive,true,15,0,0,true,15,10,true,10,3,false,3,2,false,2,13,0.13333333333333333,disaster_chat_death_history_wave_specific_v12,false,true,6,2,2,1.0,true,Stampede=4 | Anvil Rain=2 | The Floor is Lava=5 | Blackout=0 | Sinkhole=0 | Fall=0 | Void=0 | Misc=2 | Chats=10,0,0,2,0,0,1,0,0,0,0,0,1,Stampede | Anvil Rain,0,1,0,0,0,0,0,0,0,0,0,0,0,0,0,0,0,0,0,3,0,0,0,0,0,0,0,Stampede | Anvil Rain | The Floor is Lava | Blackout,0,1,0,0,0,0,0,0,0,0,0,0,0,0,0,0,0,0,0,1,0,5,0,0,0,0,0,Stampede | Anvil Rain | The Floor is Lava | Blackout | Sinkhole,0,0,0,0,0,0,0,0,0,0,0,0,0,0,0,0,0,0,0,0,0,0,0,0,0,0,0,0,2,0,0,0,0,0,0,0,0,0,0,0,0,0,0,0,0,0,4,0,5,0,0,0,0,0,,,,,,,,,,,,,,,,,,,,,,,,,,,,,,,,,,,,,,,,,,,,,,,,,,,,
6,Paradise,14,16,true,191,14,Flood | Disco,14,0,1.0,0.0,132,14,Acid Rain,12,2,0.8571428571428571,0.14285714285714285,65,12,TNT Rain,7,5,0.5833333333333334,0.4166666666666667,3,7,7,0.5,4,Flood | Disco | Acid Rain | TNT Rain,false,excluding_recorder_when_alive,true,13,0,0,true,13,13,true,13,11,true,11,7,false,7,6,0.5384615384615384,disaster_chat_death_history_wave_specific_v12,false,true,0,9,7,2.857142857142857,true,Flood=4 | Disco=0 | Acid Rain=1 | TNT Rain=0 | Fall=1 | Void=0 | Misc=0 | Chats=12,1,0,0,0,0,0,1,0,0,0,0,0,Flood | Disco,0,0,0,0,0,0,0,0,0,0,0,0,0,0,0,0,0,0,0,0,0,0,0,0,0,0,0,Flood | Disco | Acid Rain,1,0,0,0,0,0,0,0,0,0,0,0,0,0,0,0,0,0,0,0,0,0,0,0,0,0,0,Flood | Disco | Acid Rain | TNT Rain,0,0,0,0,0,0,4,0,0,0,0,0,0,0,0,0,0,0,0,0,0,0,0,0,0,0,0,1,0,0,0,0,0,4,0,0,0,0,0,0,0,0,0,0,0,0,0,0,0,0,0,0,0,0,,,,,,,,,,,,,,,,,,,,,,,,,,,,,,,,,,,,,,,,,,,,,,,,,,,,
6,Paradise,15,16,true,190,15,Meteor Shower | Purge,12,3,0.8,0.2,139,12,The Floor is Lava | Half Health,1,11,0.08333333333333333,0.9166666666666666,71,1,Lightning | Grounded,1,0,1.0,0.0,3,1,14,0.06666666666666667,6,Meteor Shower | Purge | The Floor is Lava | Half Health | Lightning | Grounded,false,excluding_recorder_when_alive,true,14,0,0,true,14,11,true,11,1,false,1,1,false,1,13,0.07142857142857142,disaster_chat_death_history_wave_specific_v12,false,true,4,2,0,1.4285714285714286,true,Meteor Shower=8 | Purge=0 | The Floor is Lava=4 | Half Health=0 | Lightning=0 | Grounded=0 | Fall=0 | Void=1 | Misc=0 | Chats=19,0,1,0,0,1,0,0,0,0,0,0,0,Meteor Shower | Purge,0,0,0,0,0,0,0,0,0,0,0,0,0,2,0,0,0,0,0,0,0,0,0,0,0,0,0,Meteor Shower | Purge | The Floor is Lava | Half Health,0,0,0,0,0,0,0,0,0,0,0,0,0,6,0,0,0,0,0,0,0,4,0,0,0,0,0,Meteor Shower | Purge | The Floor is Lava | Half Health | Lightning | Grounded,0,0,0,0,0,0,0,0,0,0,0,0,0,0,0,0,0,0,0,0,0,0,0,0,0,0,0,0,0,0,0,0,0,0,0,0,0,0,0,0,8,0,0,0,0,0,0,0,4,0,0,0,0,0,,,,,,,,,,,,,,,,,,,,,,,,,,,,,,,,,,,,,,,,,,,,,,,,,,,,
6,Arctic Lab,16,16,true,195,16,Dragons | Werewolf,13,3,0.8125,0.1875,122,13,Tornado | Disco,9,4,0.6923076923076923,0.3076923076923077,72,9,Meteor Shower | Purge,3,6,0.3333333333333333,0.6666666666666666,3,3,13,0.1875,6,Dragons | Werewolf | Tornado | Disco | Meteor Shower | Purge,false,excluding_recorder_when_alive,true,15,0,1,true,14,12,false,12,8,false,8,2,false,2,13,0.13333333333333333,disaster_chat_death_history_wave_specific_v12,false,true,3,5,5,3.5714285714285716,true,Dragons=2 | Werewolf=0 | Tornado=3 | Disco=0 | Meteor Shower=3 | Purge=1 | Fall=2 | Void=0 | Misc=1 | Chats=25,2,0,1,0,0,1,0,0,0,2,0,0,Dragons | Werewolf,0,0,0,0,0,1,0,0,0,0,0,0,0,0,0,0,0,0,0,0,0,0,0,0,0,0,0,Dragons | Werewolf | Tornado | Disco,0,0,0,0,0,1,0,0,0,0,0,0,0,0,0,0,0,0,0,0,0,0,0,3,0,0,0,Dragons | Werewolf | Tornado | Disco | Meteor Shower | Purge,0,0,0,0,0,0,0,0,0,0,0,0,0,3,0,1,0,0,0,0,0,0,0,0,0,0,0,0,0,0,0,0,2,0,0,0,0,0,0,0,3,0,1,0,0,0,0,0,0,0,3,0,0,0,,,,,,,,,,,,,,,,,,,,,,,,,,,,,,,,,,,,,,,,,,,,,,,,,,,,
6,Monorail,15,16,true,202,15,"Lightning | Red Light, Green Light",13,2,0.8666666666666667,0.13333333333333333,151,13,Dragons | Grounded,11,2,0.8461538461538461,0.15384615384615385,71,11,Sinkhole | Half Health,8,3,0.7272727272727273,0.2727272727272727,3,8,7,0.5333333333333333,6,"Lightning | Red Light, Green Light | Dragons | Grounded | Sinkhole | Half Health",false,excluding_recorder_when_alive,true,14,0,0,true,14,13,false,13,11,false,11,8,false,8,6,0.5714285714285714,disaster_chat_death_history_wave_specific_v12,false,true,0,4,8,4.428571428571429,true,"Lightning=1 | Red Light, Green Light=2 | Dragons=1 | Grounded=0 | Sinkhole=0 | Half Health=0 | Fall=2 | Void=0 | Misc=0 | Chats=17",2,0,0,0,0,0,1,0,0,1,0,0,"Lightning | Red Light, Green Light",0,0,0,0,0,0,0,0,0,0,0,0,0,0,0,0,1,0,0,0,0,0,0,0,0,0,0,"Lightning | Red Light, Green Light | Dragons | Grounded",0,0,0,0,0,0,0,0,0,0,0,0,1,0,0,0,0,0,0,0,0,0,0,0,0,0,0,"Lightning | Red Light, Green Light | Dragons | Grounded | Sinkhole | Half Health",0,0,0,0,0,1,0,0,0,0,0,0,0,0,0,0,1,0,0,0,0,0,0,0,0,0,0,0,0,0,0,0,1,0,0,0,0,0,0,1,0,0,0,2,0,0,0,0,0,0,0,0,0,0,,,,,,,,,,,,,,,,,,,,,,,,,,,,,,,,,,,,,,,,,,,,,,,,,,,,
6,Cruise Ship,16,16,true,201,16,Sinkhole | Grounded,16,0,1.0,0.0,125,16,Dragons,15,1,0.9375,0.0625,66,15,Acid Rain,8,7,0.5333333333333333,0.4666666666666667,3,8,8,0.5,4,Sinkhole | Grounded | Dragons | Acid Rain,false,excluding_recorder_when_alive,true,15,0,0,true,15,15,true,15,14,true,14,8,false,8,7,0.5333333333333333,disaster_chat_death_history_wave_specific_v12,false,true,6,9,12,4.571428571428571,true,Sinkhole=0 | Grounded=0 | Dragons=3 | Acid Rain=3 | Fall=0 | Void=0 | Misc=1 | Chats=13,0,0,1,0,0,0,0,0,1,0,0,0,Sinkhole | Grounded,0,0,0,0,0,0,0,0,0,0,0,0,0,0,0,0,0,0,0,0,0,0,0,0,0,0,0,Sinkhole | Grounded | Dragons,0,0,0,0,0,0,0,0,0,0,0,0,0,0,0,0,0,0,0,0,0,0,0,0,0,0,0,Sinkhole | Grounded | Dragons | Acid Rain,3,0,0,0,0,3,0,0,0,0,0,0,0,0,0,0,0,0,0,0,0,0,0,0,0,0,0,3,0,0,0,0,3,0,0,0,0,0,0,0,0,0,0,0,0,0,0,0,0,0,0,0,0,0,,,,,,,,,,,,,,,,,,,,,,,,,,,,,,,,,,,,,,,,,,,,,,,,,,,,
6,Oil Rig,12,16,true,177,12,Withers | Werewolf,10,2,0.8333333333333334,0.16666666666666666,122,10,Flood,5,5,0.5,0.5,53,5,Fragile Ground,4,1,0.8,0.2,3,4,8,0.3333333333333333,4,Withers | Werewolf | Flood | Fragile Ground,false,excluding_recorder_when_alive,true,11,0,1,true,10,9,true,9,5,false,5,4,false,4,7,0.36363636363636365,disaster_chat_death_history_wave_specific_v12,false,true,1,5,0,4.857142857142857,true,Withers=3 | Werewolf=1 | Flood=0 | Fragile Ground=0 | Fall=2 | Void=0 | Misc=0 | Chats=13,2,0,0,0,0,0,1,0,0,1,0,0,Withers | Werewolf,0,0,0,0,0,0,0,0,0,0,0,0,0,0,0,0,0,0,0,0,0,0,0,0,1,0,0,Withers | Werewolf | Flood,0,0,0,0,0,0,0,0,0,0,0,0,0,0,0,0,0,0,0,0,0,0,0,0,0,3,0,Withers | Werewolf | Flood | Fragile Ground,0,0,0,0,0,0,0,0,0,0,0,0,0,0,0,0,0,0,0,0,0,0,0,0,0,0,0,0,0,0,0,0,0,0,0,0,0,0,0,0,0,0,0,0,0,0,0,0,0,0,0,1,3,0,,,,,,,,,,,,,,,,,,,,,,,,,,,,,,,,,,,,,,,,,,,,,,,,,,,,
6,Spaceship,16,16,true,193,16,Lightning | Hypixel Says,15,1,0.9375,0.0625,114,15,Dragons | Nuke,10,5,0.6666666666666666,0.3333333333333333,58,10,The Floor is Lava | Grounded,3,7,0.3,0.7,3,3,13,0.1875,6,Lightning | Hypixel Says | Dragons | Nuke | The Floor is Lava | Grounded,false,excluding_recorder_when_alive,true,15,0,0,true,15,14,true,14,10,false,10,3,false,3,12,0.2,disaster_chat_death_history_wave_specific_v12,false,true,7,8,8,9.571428571428571,true,Lightning=1 | Hypixel Says=1 | Dragons=1 | Nuke=0 | The Floor is Lava=7 | Grounded=0 | Fall=1 | Void=1 | Misc=0 | Chats=13,1,1,0,0,0,0,1,1,0,0,0,0,Lightning | Hypixel Says,0,0,0,0,0,0,0,0,0,0,0,1,0,0,0,0,0,0,0,0,0,0,0,0,0,0,0,Lightning | Hypixel Says | Dragons | Nuke,0,0,0,0,0,1,0,0,0,0,0,0,1,0,0,0,0,0,0,0,0,0,0,0,0,0,0,Lightning | Hypixel Says | Dragons | Nuke | The Floor is Lava | Grounded,0,0,0,0,0,0,0,0,0,0,0,0,0,0,0,0,0,0,0,0,0,7,0,0,0,0,0,0,0,0,0,0,1,0,0,0,0,0,1,1,0,0,0,0,0,0,0,0,7,0,0,0,0,0,,,,,,,,,,,,,,,,,,,,,,,,,,,,,,,,,,,,,,,,,,,,,,,,,,,,
6,Area 52,15,16,true,188,15,Flood | Nuke,13,2,0.8666666666666667,0.13333333333333333,131,13,Fragile Ground | Bat Swarm,6,7,0.46153846153846156,0.5384615384615384,54,6,Lightning | Hypixel Says,2,4,0.3333333333333333,0.6666666666666666,3,2,13,0.13333333333333333,6,Flood | Nuke | Fragile Ground | Bat Swarm | Lightning | Hypixel Says,false,excluding_recorder_when_alive,true,14,0,0,true,14,12,true,12,6,false,6,2,false,2,12,0.14285714285714285,disaster_chat_death_history_wave_specific_v12,false,true,3,7,3,3.5714285714285716,true,Flood=7 | Nuke=0 | Fragile Ground=0 | Bat Swarm=0 | Lightning=0 | Hypixel Says=0 | Fall=2 | Void=2 | Misc=1 | Chats=15,2,2,1,0,1,1,1,1,0,1,0,0,Flood | Nuke,0,0,0,0,0,0,0,0,0,0,0,0,0,0,0,0,0,0,0,0,0,0,0,0,0,0,0,Flood | Nuke | Fragile Ground | Bat Swarm,0,0,0,0,0,0,4,0,0,0,0,0,0,0,0,0,0,0,0,0,0,0,0,0,0,0,0,Flood | Nuke | Fragile Ground | Bat Swarm | Lightning | Hypixel Says,0,0,0,0,0,0,3,0,0,0,0,0,0,0,0,0,0,0,0,0,0,0,0,0,0,0,0,0,0,0,0,0,0,7,0,0,0,0,0,0,0,0,0,0,0,0,0,0,0,0,0,0,0,0,,,,,,,,,,,,,,,,,,,,,,,,,,,,,,,,,,,,,,,,,,,,,,,,,,,,
6,Castle,13,16,true,197,13,Lightning,10,3,0.7692307692307693,0.23076923076923078,140,10,Sinkhole | Blackout,5,5,0.5,0.5,73,5,Acid Rain | Hot Potato,1,4,0.2,0.8,3,1,12,0.07692307692307693,5,Lightning | Sinkhole | Blackout | Acid Rain | Hot Potato,false,excluding_recorder_when_alive,true,12,0,0,true,12,10,false,10,5,false,5,1,false,1,11,0.08333333333333333,disaster_chat_death_history_wave_specific_v12,false,true,3,4,3,2.5714285714285716,true,Lightning=1 | Sinkhole=1 | Blackout=0 | Acid Rain=2 | Hot Potato=0 | Fall=4 | Void=1 | Misc=2 | Chats=11,4,1,2,1,0,1,3,0,1,0,1,0,Lightning,0,0,0,0,0,0,0,0,0,0,0,0,0,0,0,0,0,0,0,0,0,0,0,0,0,0,0,Lightning | Sinkhole | Blackout,0,0,0,0,0,0,0,0,0,0,0,0,0,0,0,0,0,1,0,0,0,0,0,0,0,0,0,Lightning | Sinkhole | Blackout | Acid Rain | Hot Potato,2,0,0,0,0,0,0,0,0,0,0,0,1,0,0,0,0,0,0,0,0,0,0,0,0,0,0,2,0,0,0,0,0,0,0,0,0,0,0,1,0,0,0,0,1,0,0,0,0,0,0,0,0,0,,,,,,,,,,,,,,,,,,,,,,,,,,,,,,,,,,,,,,,,,,,,,,,,,,,,
6,Spaceship,15,16,true,220,15,Zombie Apocalypse | Hypixel Says,6,9,0.4,0.6,147,6,TNT Rain | Hot Potato,5,1,0.8333333333333334,0.16666666666666666,75,5,Meteor Shower,3,2,0.6,0.4,3,3,12,0.2,5,Zombie Apocalypse | Hypixel Says | TNT Rain | Hot Potato | Meteor Shower,false,excluding_recorder_when_alive,true,14,0,0,true,14,6,false,6,5,false,5,3,false,3,11,0.21428571428571427,disaster_chat_death_history_wave_specific_v12,false,true,4,1,0,3.0,true,Zombie Apocalypse=1 | Hypixel Says=1 | TNT Rain=0 | Hot Potato=1 | Meteor Shower=2 | Fall=1 | Void=4 | Misc=1 | Chats=8,1,4,1,1,4,1,0,0,0,0,0,0,Zombie Apocalypse | Hypixel Says,0,0,0,0,0,0,0,0,0,0,0,1,0,0,0,0,0,0,0,0,0,0,0,0,0,0,1,Zombie Apocalypse | Hypixel Says | TNT Rain | Hot Potato,0,0,0,0,0,0,0,0,0,0,1,0,0,0,0,0,0,0,0,0,0,0,0,0,0,0,0,Zombie Apocalypse | Hypixel Says | TNT Rain | Hot Potato | Meteor Shower,0,0,0,0,0,0,0,0,0,0,0,0,0,2,0,0,0,0,0,0,0,0,0,0,0,0,0,0,0,0,0,0,0,0,0,0,0,1,1,0,2,0,0,0,0,0,0,0,0,0,0,0,0,1,,,,,,,,,,,,,,,,,,,,,,,,,,,,,,,,,,,,,,,,,,,,,,,,,,,,
6,Melon Mall,16,16,true,175,16,Withers | Swappage,16,0,1.0,0.0,123,16,TNT Rain | Blackout,10,6,0.625,0.375,60,10,"Sinkhole | Red Light, Green Light",5,5,0.5,0.5,3,5,11,0.3125,6,"Withers | Swappage | TNT Rain | Blackout | Sinkhole | Red Light, Green Light",false,excluding_recorder_when_alive,true,15,0,0,true,15,15,true,15,9,true,9,5,false,5,10,0.3333333333333333,disaster_chat_death_history_wave_specific_v12,false,true,6,9,3,3.2857142857142856,true,"Withers=5 | Swappage=0 | TNT Rain=0 | Blackout=0 | Sinkhole=0 | Red Light, Green Light=0 | Fall=2 | Void=0 | Misc=3 | Chats=14",2,0,3,0,0,0,1,0,3,1,0,0,Withers | Swappage,0,0,0,0,0,0,0,0,0,0,0,0,0,0,0,0,0,0,0,0,0,0,0,0,0,0,0,Withers | Swappage | TNT Rain | Blackout,0,0,0,0,0,0,0,0,0,0,0,0,0,0,0,0,0,0,0,0,0,0,0,0,0,2,0,"Withers | Swappage | TNT Rain | Blackout | Sinkhole | Red Light, Green Light",0,0,0,0,0,0,0,0,0,0,0,0,0,0,0,0,0,0,0,0,0,0,0,0,0,3,0,0,0,0,0,0,0,0,0,0,0,0,0,0,0,0,0,0,0,0,0,0,0,0,0,0,5,0,,,,,,,,,,,,,,,,,,,,,,,,,,,,,,,,,,,,,,,,,,,,,,,,,,,,
6,Melon Mall,16,16,true,187,16,Sinkhole | Grounded,15,1,0.9375,0.0625,112,15,Dragons | Blackout,12,3,0.8,0.2,52,12,Fragile Ground,10,2,0.8333333333333334,0.16666666666666666,3,10,6,0.625,5,Sinkhole | Grounded | Dragons | Blackout | Fragile Ground,false,excluding_recorder_when_alive,true,15,0,0,true,15,14,true,14,11,true,11,10,false,10,5,0.6666666666666666,disaster_chat_death_history_wave_specific_v12,false,true,6,8,10,1.5714285714285714,true,Sinkhole=2 | Grounded=0 | Dragons=1 | Blackout=0 | Fragile Ground=0 | Fall=0 | Void=0 | Misc=2 | Chats=13,0,0,2,0,0,1,0,0,1,0,0,0,Sinkhole | Grounded,0,0,0,0,0,0,0,0,0,0,0,0,0,0,0,0,0,0,0,0,0,0,0,0,0,0,0,Sinkhole | Grounded | Dragons | Blackout,0,0,0,0,0,1,0,0,0,0,0,0,0,0,0,0,0,1,0,0,0,0,0,0,0,0,0,Sinkhole | Grounded | Dragons | Blackout | Fragile Ground,0,0,0,0,0,0,0,0,0,0,0,0,0,0,0,0,0,1,0,0,0,0,0,0,0,0,0,0,0,0,0,0,1,0,0,0,0,0,0,0,0,0,0,0,2,0,0,0,0,0,0,0,0,0,,,,,,,,,,,,,,,,,,,,,,,,,,,,,,,,,,,,,,,,,,,,,,,,,,,,
6,Gondola,16,16,true,207,16,Withers | Grounded,10,6,0.625,0.375,134,10,Meteor Shower | Blackout,8,2,0.8,0.2,57,8,Tornado,1,7,0.125,0.875,3,1,15,0.0625,5,Withers | Grounded | Meteor Shower | Blackout | Tornado,false,excluding_recorder_when_alive,true,15,0,0,true,15,9,true,9,7,true,7,1,false,1,14,0.06666666666666667,disaster_chat_death_history_wave_specific_v12,false,true,6,1,2,2.0,true,Withers=9 | Grounded=0 | Meteor Shower=1 | Blackout=0 | Tornado=2 | Fall=2 | Void=0 | Misc=0 | Chats=15,2,0,0,2,0,0,0,0,0,0,0,0,Withers | Grounded,0,0,0,0,0,0,0,0,0,0,0,0,0,0,0,0,0,0,0,0,0,0,0,0,0,4,0,Withers | Grounded | Meteor Shower | Blackout,0,0,0,0,0,0,0,0,0,0,0,0,0,0,0,0,0,0,0,0,0,0,0,0,0,2,0,Withers | Grounded | Meteor Shower | Blackout | Tornado,0,0,0,0,0,0,0,0,0,0,0,0,0,1,0,0,0,0,0,0,0,0,0,2,0,3,0,0,0,0,0,0,0,0,0,0,0,0,0,0,1,0,0,0,0,0,0,0,0,0,2,0,9,0,,,,,,,,,,,,,,,,,,,,,,,,,,,,,,,,,,,,,,,,,,,,,,,,,,,,
6,Castle,16,16,true,165,16,Sinkhole | Bat Swarm,15,1,0.9375,0.0625,109,15,Withers | Blackout,11,4,0.7333333333333333,0.26666666666666666,52,11,Lightning | Hypixel Says,11,0,1.0,0.0,3,11,5,0.6875,6,Sinkhole | Bat Swarm | Withers | Blackout | Lightning | Hypixel Says,false,excluding_recorder_when_alive,true,15,0,0,true,15,14,true,14,10,true,10,11,false,11,4,0.7333333333333333,disaster_chat_death_history_wave_specific_v13,false,true,6,7,6,9.142857142857142,true,Sinkhole=0 | Bat Swarm=0 | Withers=2 | Blackout=0 | Lightning=0 | Hypixel Says=0 | Fall=2 | Void=1 | Misc=0 | Chats=21,2,1,0,1,0,0,1,1,0,0,0,0,Sinkhole | Bat Swarm,0,0,0,0,0,0,0,0,0,0,0,0,0,0,0,0,0,0,0,0,0,0,0,0,0,0,0,Sinkhole | Bat Swarm | Withers | Blackout,0,0,0,0,0,0,0,0,0,0,0,0,0,0,0,0,0,0,0,0,0,0,0,0,0,2,0,Sinkhole | Bat Swarm | Withers | Blackout | Lightning | Hypixel Says,0,0,0,0,0,0,0,0,0,0,0,0,0,0,0,0,0,0,0,0,0,0,0,0,0,0,0,0,0,0,0,0,0,0,0,0,0,0,0,0,0,0,0,0,0,0,0,0,0,0,0,0,2,0,,,,,,,,,,,,,,,,,,,,,,,,,,,,,,,,,,,,,,,,,,,,,,,,,,,,
6,Melon Mall,16,16,true,194,16,Meteor Shower,16,0,1.0,0.0,119,16,The Floor is Lava | Nuke,5,11,0.3125,0.6875,60,5,Sinkhole | Blackout,3,2,0.6,0.4,3,3,13,0.1875,5,Meteor Shower | The Floor is Lava | Nuke | Sinkhole | Blackout,false,excluding_recorder_when_alive,true,15,0,0,true,15,15,true,15,5,false,5,3,false,3,12,0.2,disaster_chat_death_history_wave_specific_v13,false,true,6,5,2,1.7142857142857142,true,Meteor Shower=5 | The Floor is Lava=4 | Nuke=2 | Sinkhole=1 | Blackout=0 | Fall=0 | Void=0 | Misc=0 | Chats=12,0,0,0,0,0,0,0,0,0,0,0,0,Meteor Shower,0,0,0,0,0,0,0,0,0,0,0,0,0,0,0,0,0,0,0,0,0,0,0,0,0,0,0,Meteor Shower | The Floor is Lava | Nuke,0,0,0,0,0,0,0,0,0,0,0,0,0,4,2,0,0,0,0,0,0,4,0,0,0,0,0,Meteor Shower | The Floor is Lava | Nuke | Sinkhole | Blackout,0,0,0,0,0,0,0,0,0,0,0,0,0,1,0,0,0,1,0,0,0,0,0,0,0,0,0,0,0,0,0,0,0,0,0,0,0,0,0,0,5,2,0,0,1,0,0,0,4,0,0,0,0,0,,,,,,,,,,,,,,,,,,,,,,,,,,,,,,,,,,,,,,,,,,,,,,,,,,,,
6,Area 52,16,16,true,210,16,Tornado | Purge,11,5,0.6875,0.3125,149,11,Acid Rain,5,6,0.45454545454545453,0.5454545454545454,73,5,Stampede | Half Health,1,4,0.2,0.8,3,1,15,0.0625,5,Tornado | Purge | Acid Rain | Stampede | Half Health,false,excluding_recorder_when_alive,true,15,0,0,true,15,10,true,10,4,true,4,0,true,0,15,0.0,disaster_chat_death_history_wave_specific_v13,false,true,5,3,1,3.142857142857143,true,Tornado=5 | Purge=3 | Acid Rain=1 | Stampede=1 | Half Health=0 | Fall=2 | Void=1 | Misc=2 | Chats=17,2,1,2,0,1,1,1,0,0,1,0,1,Tornado | Purge,0,0,0,0,0,0,0,0,0,0,0,0,0,0,0,2,0,0,0,0,0,0,0,1,0,0,0,Tornado | Purge | Acid Rain,1,0,0,0,0,0,0,0,0,0,0,0,0,0,0,1,0,0,0,0,0,0,0,3,0,0,0,Tornado | Purge | Acid Rain | Stampede | Half Health,0,0,0,0,0,0,0,0,0,0,0,0,0,0,0,0,0,0,0,1,0,0,0,1,0,0,0,1,0,0,0,0,0,0,0,0,0,0,0,0,0,0,3,0,0,0,1,0,0,0,5,0,0,0,,,,,,,,,,,,,,,,,,,,,,,,,,,,,,,,,,,,,,,,,,,,,,,,,,,,
6,Area 52,16,16,true,206,16,Tornado | Grounded,12,4,0.75,0.25,136,12,Meteor Shower | Hypixel Says,2,10,0.16666666666666666,0.8333333333333334,67,2,"Sinkhole | Red Light, Green Light",0,2,0.0,1.0,3,0,16,0.0,6,"Tornado | Grounded | Meteor Shower | Hypixel Says | Sinkhole | Red Light, Green Light",false,excluding_recorder_when_alive,true,15,0,0,true,15,11,true,11,1,true,1,0,false,0,15,0.0,disaster_chat_death_history_wave_specific_v13,false,true,5,2,0,2.0,true,"Tornado=5 | Grounded=0 | Meteor Shower=2 | Hypixel Says=1 | Sinkhole=0 | Red Light, Green Light=1 | Fall=2 | Void=0 | Misc=4 | Chats=25",2,0,4,0,0,2,2,0,2,0,0,0,Tornado | Grounded,0,0,0,0,0,0,0,0,0,0,0,0,0,0,0,0,0,0,0,0,0,0,0,2,0,0,0,Tornado | Grounded | Meteor Shower | Hypixel Says,0,0,0,0,0,0,0,0,0,0,0,1,0,2,0,0,0,0,0,0,0,0,0,3,0,0,0,"Tornado | Grounded | Meteor Shower | Hypixel Says | Sinkhole | Red Light, Green Light",0,0,0,0,0,0,0,0,0,0,0,0,0,0,0,0,1,0,0,0,0,0,0,0,0,0,0,0,0,0,0,0,0,0,0,0,0,0,1,0,2,0,0,1,0,0,0,0,0,0,5,0,0,0,,,,,,,,,,,,,,,,,,,,,,,,,,,,,,,,,,,,,,,,,,,,,,,,,,,,
6,Spaceship,15,16,true,197,15,Stampede,8,7,0.5333333333333333,0.4666666666666667,122,8,Sinkhole | Anvil Rain,3,5,0.375,0.625,54,3,Dragons | Nuke,2,1,0.6666666666666666,0.3333333333333333,3,2,13,0.13333333333333333,5,Stampede | Sinkhole | Anvil Rain | Dragons | Nuke,false,excluding_recorder_when_alive,true,14,0,0,true,14,7,true,7,2,true,2,1,true,1,13,0.07142857142857142,disaster_chat_death_history_wave_specific_v13,false,true,4,1,0,1.1428571428571428,true,Stampede=5 | Sinkhole=1 | Anvil Rain=0 | Dragons=1 | Nuke=0 | Fall=2 | Void=2 | Misc=2 | Chats=37,2,2,2,1,2,2,1,0,0,0,0,0,Stampede,0,0,0,0,0,0,0,0,0,0,0,0,0,0,0,0,0,0,0,2,0,0,0,0,0,0,0,Stampede | Sinkhole | Anvil Rain,0,0,0,0,0,0,0,0,0,0,0,0,0,0,0,0,0,1,0,3,0,0,0,0,0,0,0,Stampede | Sinkhole | Anvil Rain | Dragons | Nuke,0,0,0,0,0,1,0,0,0,0,0,0,0,0,0,0,0,0,0,0,0,0,0,0,0,0,0,0,0,0,0,0,1,0,0,0,0,0,0,0,0,0,0,0,1,0,5,0,0,0,0,0,0,0,,,,,,,,,,,,,,,,,,,,,,,,,,,,,,,,,,,,,,,,,,,,,,,,,,,,
6,Melon Mall,14,16,true,172,14,Sinkhole,13,1,0.9285714285714286,0.07142857142857142,118,13,Meteor Shower | Blackout,13,0,1.0,0.0,63,13,Withers,12,1,0.9230769230769231,0.07692307692307693,3,12,2,0.8571428571428571,4,Sinkhole | Meteor Shower | Blackout | Withers,false,excluding_recorder_when_alive,true,13,0,0,true,13,13,false,13,13,false,13,12,false,12,1,0.9230769230769231,disaster_chat_death_history_wave_specific_v13,false,true,4,6,9,9.0,true,Sinkhole=0 | Meteor Shower=0 | Blackout=0 | Withers=0 | Fall=1 | Void=0 | Misc=0 | Chats=8,1,0,0,0,0,0,0,0,0,1,0,0,Sinkhole,0,0,0,0,0,0,0,0,0,0,0,0,0,0,0,0,0,0,0,0,0,0,0,0,0,0,0,Sinkhole | Meteor Shower | Blackout,0,0,0,0,0,0,0,0,0,0,0,0,0,0,0,0,0,0,0,0,0,0,0,0,0,0,0,Sinkhole | Meteor Shower | Blackout | Withers,0,0,0,0,0,0,0,0,0,0,0,0,0,0,0,0,0,0,0,0,0,0,0,0,0,0,0,0,0,0,0,0,0,0,0,0,0,0,0,0,0,0,0,0,0,0,0,0,0,0,0,0,0,0,,,,,,,,,,,,,,,,,,,,,,,,,,,,,,,,,,,,,,,,,,,,,,,,,,,,
6,Melon Mall,15,16,true,202,15,Sinkhole | Purge,11,4,0.7333333333333333,0.26666666666666666,131,11,"Tornado | Red Light, Green Light",6,5,0.5454545454545454,0.45454545454545453,61,6,Stampede,2,4,0.3333333333333333,0.6666666666666666,3,2,13,0.13333333333333333,5,"Sinkhole | Purge | Tornado | Red Light, Green Light | Stampede",false,excluding_recorder_when_alive,true,14,0,0,true,14,11,false,11,6,false,6,2,false,2,12,0.14285714285714285,disaster_chat_death_history_wave_specific_v13,false,true,4,2,3,0.8571428571428571,true,"Sinkhole=0 | Purge=1 | Tornado=2 | Red Light, Green Light=4 | Stampede=0 | Fall=4 | Void=0 | Misc=1 | Chats=7",4,0,1,1,0,1,3,0,0,0,0,0,Sinkhole | Purge,0,0,0,0,0,0,0,0,0,0,0,0,0,0,0,1,0,0,0,0,0,0,0,0,0,0,0,"Sinkhole | Purge | Tornado | Red Light, Green Light",0,0,0,0,0,0,0,0,0,0,0,0,0,0,0,0,2,0,0,0,0,0,0,0,0,0,0,"Sinkhole | Purge | Tornado | Red Light, Green Light | Stampede",0,0,0,0,0,0,0,0,0,0,0,0,0,0,0,0,2,0,0,0,0,0,0,2,0,0,0,0,0,0,0,0,0,0,0,0,0,0,0,0,0,0,1,4,0,0,0,0,0,0,2,0,0,0,,,,,,,,,,,,,,,,,,,,,,,,,,,,,,,,,,,,,,,,,,,,,,,,,,,,
6,Area 52,16,16,true,207,16,The Floor is Lava,6,10,0.375,0.625,130,6,Zombie Apocalypse | Half Health,3,3,0.5,0.5,71,3,TNT Rain | Anvil Rain,3,0,1.0,0.0,3,3,13,0.1875,5,The Floor is Lava | Zombie Apocalypse | Half Health | TNT Rain | Anvil Rain,false,excluding_recorder_when_alive,true,15,0,0,true,15,6,false,6,3,false,3,3,false,3,12,0.2,disaster_chat_death_history_wave_specific_v13,false,true,1,0,0,3.7142857142857144,true,The Floor is Lava=8 | Zombie Apocalypse=0 | Half Health=0 | TNT Rain=0 | Anvil Rain=0 | Fall=4 | Void=0 | Misc=0 | Chats=14,4,0,0,1,0,0,3,0,0,0,0,0,The Floor is Lava,0,0,0,0,0,0,0,0,0,0,0,0,0,0,0,0,0,0,0,0,0,8,0,0,0,0,0,The Floor is Lava | Zombie Apocalypse | Half Health,0,0,0,0,0,0,0,0,0,0,0,0,0,0,0,0,0,0,0,0,0,0,0,0,0,0,0,The Floor is Lava | Zombie Apocalypse | Half Health | TNT Rain | Anvil Rain,0,0,0,0,0,0,0,0,0,0,0,0,0,0,0,0,0,0,0,0,0,0,0,0,0,0,0,0,0,0,0,0,0,0,0,0,0,0,0,0,0,0,0,0,0,0,0,0,8,0,0,0,0,0,,,,,,,,,,,,,,,,,,,,,,,,,,,,,,,,,,,,,,,,,,,,,,,,,,,,
6,Cruise Ship,16,16,true,214,16,The Floor is Lava,13,3,0.8125,0.1875,143,13,Meteor Shower,12,1,0.9230769230769231,0.07692307692307693,69,12,TNT Rain | Half Health,10,2,0.8333333333333334,0.16666666666666666,3,10,6,0.625,4,The Floor is Lava | Meteor Shower | TNT Rain | Half Health,false,excluding_recorder_when_alive,true,15,0,0,true,15,13,false,13,12,false,12,10,false,10,5,0.6666666666666666,disaster_chat_death_history_wave_specific_v13,false,true,1,4,10,7.371310003787938,true,The Floor is Lava=3 | Meteor Shower=1 | TNT Rain=0 | Half Health=0 | Fall=0 | Void=1 | Misc=0 | Chats=8,0,1,0,0,0,0,0,0,0,0,1,0,The Floor is Lava,0,0,0,0,0,0,0,0,0,0,0,0,0,0,0,0,0,0,0,0,0,2,0,0,0,0,0,The Floor is Lava | Meteor Shower,0,0,0,0,0,0,0,0,0,0,0,0,0,0,0,0,0,0,0,0,0,1,0,0,0,0,0,The Floor is Lava | Meteor Shower | TNT Rain | Half Health,0,0,0,0,0,0,0,0,0,0,0,0,0,1,0,0,0,0,0,0,0,0,0,0,0,0,0,0,0,0,0,0,0,0,0,0,0,0,0,0,1,0,0,0,0,0,0,0,3,0,0,0,0,0,,,,,,,,,,,,,,,,,,,,,,,,,,,,,,,,,,,,,,,,,,,,,,,,,,,,
6,Castle,16,16,true,197,16,Lightning,13,3,0.8125,0.1875,132,13,The Floor is Lava,3,10,0.23076923076923078,0.7692307692307693,77,3,Withers | Anvil Rain,1,2,0.3333333333333333,0.6666666666666666,3,1,15,0.0625,4,Lightning | The Floor is Lava | Withers | Anvil Rain,false,excluding_recorder_when_alive,true,15,0,0,true,15,12,true,12,3,false,3,1,false,1,14,0.06666666666666667,disaster_chat_death_history_wave_specific_v13,false,true,6,5,0,4.112637362637362,true,Lightning=0 | The Floor is Lava=9 | Withers=1 | Anvil Rain=0 | Fall=2 | Void=0 | Misc=2 | Chats=11,2,0,2,1,0,2,1,0,0,0,0,0,Lightning,0,0,0,0,0,0,0,0,0,0,0,0,0,0,0,0,0,0,0,0,0,0,0,0,0,0,0,Lightning | The Floor is Lava,0,0,0,0,0,0,0,0,0,0,0,0,0,0,0,0,0,0,0,0,0,8,0,0,0,0,0,Lightning | The Floor is Lava | Withers | Anvil Rain,0,0,0,0,0,0,0,0,0,0,0,0,0,0,0,0,0,0,0,0,0,1,0,0,0,1,0,0,0,0,0,0,0,0,0,0,0,0,0,0,0,0,0,0,0,0,0,0,9,0,0,0,1,0,,,,,,,,,,,,,,,,,,,,,,,,,,,,,,,,,,,,,,,,,,,,,,,,,,,,
6,Paradise,16,16,true,182,16,Flood | Grounded,15,1,0.9375,0.0625,129,15,Tornado,14,1,0.9333333333333333,0.06666666666666667,52,14,Dragons,12,2,0.8571428571428571,0.14285714285714285,3,12,4,0.75,4,Flood | Grounded | Tornado | Dragons,false,excluding_recorder_when_alive,true,15,0,0,true,15,14,true,14,13,true,13,11,true,11,4,0.7333333333333333,disaster_chat_death_history_wave_specific_v13,false,true,5,7,9,4.93073593073593,true,Flood=1 | Grounded=0 | Tornado=1 | Dragons=1 | Fall=0 | Void=0 | Misc=1 | Chats=22,0,0,1,0,0,1,0,0,0,0,0,0,Flood | Grounded,0,0,0,0,0,0,0,0,0,0,0,0,0,0,0,0,0,0,0,0,0,0,0,0,0,0,0,Flood | Grounded | Tornado,0,0,0,0,0,0,1,0,0,0,0,0,0,0,0,0,0,0,0,0,0,0,0,0,0,0,0,Flood | Grounded | Tornado | Dragons,0,0,0,0,0,1,0,0,0,0,0,0,0,0,0,0,0,0,0,0,0,0,0,1,0,0,0,0,0,0,0,0,1,1,0,0,0,0,0,0,0,0,0,0,0,0,0,0,0,0,1,0,0,0,,,,,,,,,,,,,,,,,,,,,,,,,,,,,,,,,,,,,,,,,,,,,,,,,,,,
6,Monorail,16,16,true,189,16,Sinkhole,15,1,0.9375,0.0625,112,15,Lightning | Bat Swarm,10,5,0.6666666666666666,0.3333333333333333,51,10,Zombie Apocalypse | Purge,4,6,0.4,0.6,3,4,12,0.25,5,Sinkhole | Lightning | Bat Swarm | Zombie Apocalypse | Purge,false,excluding_recorder_when_alive,true,15,0,0,true,15,14,true,14,10,false,10,4,false,4,11,0.26666666666666666,disaster_chat_death_history_wave_specific_v13,false,true,6,9,8,6.570950867615876,true,Sinkhole=0 | Lightning=0 | Bat Swarm=1 | Zombie Apocalypse=4 | Purge=0 | Fall=2 | Void=4 | Misc=0 | Chats=14,2,4,0,0,1,0,1,2,0,1,1,0,Sinkhole,0,0,0,0,0,0,0,0,0,0,0,0,0,0,0,0,0,0,0,0,0,0,0,0,0,0,0,Sinkhole | Lightning | Bat Swarm,0,0,1,0,0,0,0,0,0,0,0,0,0,0,0,0,0,0,0,0,0,0,0,0,0,0,0,Sinkhole | Lightning | Bat Swarm | Zombie Apocalypse | Purge,0,0,0,0,0,0,0,0,0,0,0,0,0,0,0,0,0,0,0,0,0,0,0,0,0,0,4,0,0,1,0,0,0,0,0,0,0,0,0,0,0,0,0,0,0,0,0,0,0,0,0,0,0,4,,,,,,,,,,,,,,,,,,,,,,,,,,,,,,,,,,,,,,,,,,,,,,,,,,,,
6,Monorail,16,16,true,196,16,Sinkhole | Bat Swarm,13,3,0.8125,0.1875,117,13,Fragile Ground | Swappage,11,2,0.8461538461538461,0.15384615384615385,66,11,Meteor Shower | Purge,4,7,0.36363636363636365,0.6363636363636364,3,4,12,0.25,6,Sinkhole | Bat Swarm | Fragile Ground | Swappage | Meteor Shower | Purge,false,excluding_recorder_when_alive,true,15,0,0,true,15,12,true,12,10,true,10,4,false,4,11,0.26666666666666666,disaster_chat_death_history_wave_specific_v13,false,true,6,7,8,5.597920350326364,true,Sinkhole=1 | Bat Swarm=0 | Fragile Ground=0 | Swappage=0 | Meteor Shower=3 | Purge=1 | Fall=3 | Void=3 | Misc=0 | Chats=14,3,3,0,1,2,0,1,1,0,1,0,0,Sinkhole | Bat Swarm,0,0,0,0,0,0,0,0,0,0,0,0,0,0,0,0,0,0,0,0,0,0,0,0,0,0,0,Sinkhole | Bat Swarm | Fragile Ground | Swappage,0,0,0,0,0,0,0,0,0,0,0,0,0,0,0,0,0,0,0,0,0,0,0,0,0,0,0,Sinkhole | Bat Swarm | Fragile Ground | Swappage | Meteor Shower | Purge,0,0,0,0,0,0,0,0,0,0,0,0,0,3,0,1,0,1,0,0,0,0,0,0,0,0,0,0,0,0,0,0,0,0,0,0,0,0,0,0,3,0,1,0,1,0,0,0,0,0,0,0,0,0,,,,,,,,,,,,,,,,,,,,,,,,,,,,,,,,,,,,,,,,,,,,,,,,,,,,
6,Castle,16,16,true,201,16,Sinkhole | Hot Potato,15,1,0.9375,0.0625,148,15,Tornado | Blackout,11,4,0.7333333333333333,0.26666666666666666,73,11,TNT Rain | Half Health,7,4,0.6363636363636364,0.36363636363636365,3,7,9,0.4375,6,Sinkhole | Hot Potato | Tornado | Blackout | TNT Rain | Half Health,false,excluding_recorder_when_alive,true,15,0,0,true,15,14,true,14,11,false,11,7,false,7,8,0.4666666666666667,disaster_chat_death_history_wave_specific_v13,false,true,6,7,9,1.867740189803898,true,Sinkhole=2 | Hot Potato=1 | Tornado=4 | Blackout=0 | TNT Rain=0 | Half Health=0 | Fall=0 | Void=1 | Misc=0 | Chats=18,0,1,0,0,0,0,0,0,0,0,1,0,Sinkhole | Hot Potato,0,0,0,0,0,0,0,0,0,0,1,0,0,0,0,0,0,0,0,0,0,0,0,0,0,0,0,Sinkhole | Hot Potato | Tornado | Blackout,0,0,0,0,0,0,0,0,0,0,0,0,0,0,0,0,0,1,0,0,0,0,0,2,0,0,0,Sinkhole | Hot Potato | Tornado | Blackout | TNT Rain | Half Health,0,0,0,0,0,0,0,0,0,0,0,0,0,0,0,0,0,1,0,0,0,0,0,2,0,0,0,0,0,0,0,0,0,0,0,0,0,1,0,0,0,0,0,0,2,0,0,0,0,0,4,0,0,0,,,,,,,,,,,,,,,,,,,,,,,,,,,,,,,,,,,,,,,,,,,,,,,,,,,,
6,Spaceship,16,16,true,172,16,Withers | Swappage,10,6,0.625,0.375,116,10,Zombie Apocalypse | Nuke,4,6,0.4,0.6,52,4,Sinkhole | Half Health,1,3,0.25,0.75,3,1,15,0.0625,6,Withers | Swappage | Zombie Apocalypse | Nuke | Sinkhole | Half Health,false,excluding_recorder_when_alive,true,15,0,0,true,15,10,false,10,4,false,4,1,false,1,14,0.06666666666666667,disaster_chat_death_history_wave_specific_v13,false,true,5,3,0,2.3182484182484187,true,Withers=1 | Swappage=0 | Zombie Apocalypse=2 | Nuke=2 | Sinkhole=0 | Half Health=0 | Fall=4 | Void=5 | Misc=0 | Chats=12,4,5,0,1,4,0,0,1,0,3,0,0,Withers | Swappage,0,0,0,0,0,0,0,0,0,0,0,0,0,0,0,0,0,0,0,0,0,0,0,0,0,0,0,Withers | Swappage | Zombie Apocalypse | Nuke,0,0,0,0,0,0,0,0,0,0,0,0,0,0,2,0,0,0,0,0,0,0,0,0,0,1,2,Withers | Swappage | Zombie Apocalypse | Nuke | Sinkhole | Half Health,0,0,0,0,0,0,0,0,0,0,0,0,0,0,0,0,0,0,0,0,0,0,0,0,0,0,0,0,0,0,0,0,0,0,0,0,0,0,0,0,0,2,0,0,0,0,0,0,0,0,0,0,1,2,,,,,,,,,,,,,,,,,,,,,,,,,,,,,,,,,,,,,,,,,,,,,,,,,,,,
6,Oil Rig,16,16,true,171,16,Withers,13,3,0.8125,0.1875,120,13,Lightning | Hypixel Says,10,3,0.7692307692307693,0.23076923076923078,54,10,The Floor is Lava | Hot Potato,6,4,0.6,0.4,3,6,10,0.375,5,Withers | Lightning | Hypixel Says | The Floor is Lava | Hot Potato,false,excluding_recorder_when_alive,true,15,0,0,true,15,13,false,13,10,false,10,6,false,6,9,0.4,disaster_chat_death_history_wave_specific_v13,false,true,5,6,6,0.44726024200417747,true,Withers=3 | Lightning=0 | Hypixel Says=1 | The Floor is Lava=3 | Hot Potato=0 | Fall=2 | Void=0 | Misc=0 | Chats=14,2,0,0,0,0,0,1,0,0,1,0,0,Withers,0,0,0,0,0,0,0,0,0,0,0,0,0,0,0,0,0,0,0,0,0,0,0,0,0,2,0,Withers | Lightning | Hypixel Says,0,0,0,0,0,0,0,0,0,0,0,1,0,0,0,0,0,0,0,0,0,0,0,0,0,1,0,Withers | Lightning | Hypixel Says | The Floor is Lava | Hot Potato,0,0,0,0,0,0,0,0,0,0,0,0,0,0,0,0,0,0,0,0,0,3,0,0,0,0,0,0,0,0,0,0,0,0,0,0,0,0,1,0,0,0,0,0,0,0,0,0,3,0,0,0,3,0,,,,,,,,,,,,,,,,,,,,,,,,,,,,,,,,,,,,,,,,,,,,,,,,,,,,
6,Library,16,16,true,210,16,Meteor Shower,15,1,0.9375,0.0625,130,15,Fragile Ground | Blackout,10,5,0.6666666666666666,0.3333333333333333,57,10,Sinkhole | Hot Potato,6,4,0.6,0.4,3,6,10,0.375,5,Meteor Shower | Fragile Ground | Blackout | Sinkhole | Hot Potato,false,excluding_recorder_when_alive,true,15,0,0,true,15,14,true,14,10,false,10,6,false,6,9,0.4,disaster_chat_death_history_wave_specific_v13,false,true,6,8,8,1.79201957462827,true,Meteor Shower=3 | Fragile Ground=0 | Blackout=0 | Sinkhole=0 | Hot Potato=0 | Fall=2 | Void=4 | Misc=0 | Chats=19,2,4,0,0,0,0,0,3,0,2,1,0,Meteor Shower,0,0,0,0,0,0,0,0,0,0,0,0,0,1,0,0,0,0,0,0,0,0,0,0,0,0,0,Meteor Shower | Fragile Ground | Blackout,0,0,0,0,0,0,0,0,0,0,0,0,0,1,0,0,0,0,0,0,0,0,0,0,0,0,0,Meteor Shower | Fragile Ground | Blackout | Sinkhole | Hot Potato,0,0,0,0,0,0,0,0,0,0,0,0,0,1,0,0,0,0,0,0,0,0,0,0,0,0,0,0,0,0,0,0,0,0,0,0,0,0,0,0,3,0,0,0,0,0,0,0,0,0,0,0,0,0,,,,,,,,,,,,,,,,,,,,,,,,,,,,,,,,,,,,,,,,,,,,,,,,,,,,
6,Area 52,16,16,true,179,16,Flood | Nuke,15,1,0.9375,0.0625,129,15,"Zombie Apocalypse | Red Light, Green Light",6,9,0.4,0.6,72,6,Tornado | Hot Potato,0,6,0.0,1.0,3,0,16,0.0,6,"Flood | Nuke | Zombie Apocalypse | Red Light, Green Light | Tornado | Hot Potato",false,excluding_recorder_when_alive,true,15,0,0,true,15,15,false,15,6,false,6,0,false,0,15,0.0,disaster_chat_death_history_wave_specific_v13,false,true,5,6,0,5.946181528704325,true,"Flood=3 | Nuke=0 | Zombie Apocalypse=3 | Red Light, Green Light=5 | Tornado=1 | Hot Potato=0 | Fall=2 | Void=0 | Misc=1 | Chats=14",2,0,1,0,0,0,1,0,1,1,0,0,Flood | Nuke,0,0,0,0,0,0,0,0,0,0,0,0,0,0,0,0,0,0,0,0,0,0,0,0,0,0,0,"Flood | Nuke | Zombie Apocalypse | Red Light, Green Light",0,0,0,0,0,0,2,0,0,0,0,0,0,0,0,0,4,0,0,0,0,0,0,0,0,0,1,"Flood | Nuke | Zombie Apocalypse | Red Light, Green Light | Tornado | Hot Potato",0,0,0,0,0,0,1,0,0,0,0,0,0,0,0,0,1,0,0,0,0,0,0,1,0,0,2,0,0,0,0,0,0,3,0,0,0,0,0,0,0,0,0,5,0,0,0,0,0,0,1,0,0,3,,,,,,,,,,,,,,,,,,,,,,,,,,,,,,,,,,,,,,,,,,,,,,,,,,,,
6,Paradise,16,16,true,163,16,Withers | Hypixel Says,14,2,0.875,0.125,112,14,Acid Rain | Swappage,11,3,0.7857142857142857,0.21428571428571427,60,11,Fragile Ground | Anvil Rain,8,3,0.7272727272727273,0.2727272727272727,3,8,8,0.5,6,Withers | Hypixel Says | Acid Rain | Swappage | Fragile Ground | Anvil Rain,false,excluding_recorder_when_alive,true,15,0,0,true,15,13,true,13,10,true,10,8,false,8,7,0.5333333333333333,disaster_chat_death_history_wave_specific_v13,false,true,4,6,6,2.555839002267574,true,Withers=4 | Hypixel Says=0 | Acid Rain=1 | Swappage=0 | Fragile Ground=0 | Anvil Rain=0 | Fall=2 | Void=0 | Misc=0 | Chats=20,2,0,0,1,0,0,1,0,0,0,0,0,Withers | Hypixel Says,0,0,0,0,0,0,0,0,0,0,0,0,0,0,0,0,0,0,0,0,0,0,0,0,0,1,0,Withers | Hypixel Says | Acid Rain | Swappage,1,0,0,0,0,0,0,0,0,0,0,0,0,0,0,0,0,0,0,0,0,0,0,0,0,1,0,Withers | Hypixel Says | Acid Rain | Swappage | Fragile Ground | Anvil Rain,0,0,0,0,0,0,0,0,0,0,0,0,0,0,0,0,0,0,0,0,0,0,0,0,0,2,0,1,0,0,0,0,0,0,0,0,0,0,0,0,0,0,0,0,0,0,0,0,0,0,0,0,4,0,,,,,,,,,,,,,,,,,,,,,,,,,,,,,,,,,,,,,,,,,,,,,,,,,,,,
6,Library,14,16,true,178,14,Flood | Grounded,12,2,0.8571428571428571,0.14285714285714285,126,12,Dragons | Swappage,9,3,0.75,0.25,51,9,Fragile Ground | Hypixel Says,2,7,0.2222222222222222,0.7777777777777778,3,2,12,0.14285714285714285,6,Flood | Grounded | Dragons | Swappage | Fragile Ground | Hypixel Says,false,excluding_recorder_when_alive,true,13,0,0,true,13,11,true,11,8,true,8,2,false,2,11,0.15384615384615385,disaster_chat_death_history_wave_specific_v13,false,true,4,5,5,3.515145005370569,true,Flood=3 | Grounded=0 | Dragons=3 | Swappage=0 | Fragile Ground=0 | Hypixel Says=0 | Fall=4 | Void=1 | Misc=0 | Chats=14,4,1,0,2,0,0,0,1,0,2,0,0,Flood | Grounded,0,0,0,0,0,0,0,0,0,0,0,0,0,0,0,0,0,0,0,0,0,0,0,0,0,0,0,Flood | Grounded | Dragons | Swappage,0,0,0,0,0,0,2,0,0,0,0,0,0,0,0,0,0,0,0,0,0,0,0,0,0,0,0,Flood | Grounded | Dragons | Swappage | Fragile Ground | Hypixel Says,0,0,0,0,0,3,1,0,0,0,0,0,0,0,0,0,0,0,0,0,0,0,0,0,0,0,0,0,0,0,0,0,3,3,0,0,0,0,0,0,0,0,0,0,0,0,0,0,0,0,0,0,0,0,,,,,,,,,,,,,,,,,,,,,,,,,,,,,,,,,,,,,,,,,,,,,,,,,,,,
6,Paradise,16,16,true,193,16,Lightning | Hot Potato,15,1,0.9375,0.0625,131,15,Fragile Ground | Hypixel Says,14,1,0.9333333333333333,0.06666666666666667,72,14,Zombie Apocalypse | Grounded,1,13,0.07142857142857142,0.9285714285714286,3,1,15,0.0625,6,Lightning | Hot Potato | Fragile Ground | Hypixel Says | Zombie Apocalypse | Grounded,false,excluding_recorder_when_alive,true,15,0,0,true,15,14,true,14,13,true,13,1,false,1,14,0.06666666666666667,disaster_chat_death_history_wave_specific_v13,false,true,5,8,10,17.388096730855352,true,Lightning=0 | Hot Potato=1 | Fragile Ground=0 | Hypixel Says=1 | Zombie Apocalypse=9 | Grounded=0 | Fall=2 | Void=1 | Misc=0 | Chats=13,2,1,0,0,0,0,0,0,0,2,1,0,Lightning | Hot Potato,0,0,0,0,0,0,0,0,0,0,1,0,0,0,0,0,0,0,0,0,0,0,0,0,0,0,0,Lightning | Hot Potato | Fragile Ground | Hypixel Says,0,0,0,0,0,0,0,0,0,0,0,1,0,0,0,0,0,0,0,0,0,0,0,0,0,0,0,Lightning | Hot Potato | Fragile Ground | Hypixel Says | Zombie Apocalypse | Grounded,0,0,0,0,0,0,0,0,0,0,0,0,0,0,0,0,0,0,0,0,0,0,0,0,0,0,9,0,0,0,0,0,0,0,0,0,0,1,1,0,0,0,0,0,0,0,0,0,0,0,0,0,0,9,,,,,,,,,,,,,,,,,,,,,,,,,,,,,,,,,,,,,,,,,,,,,,,,,,,,
6,Melon Mall,16,16,true,239,16,Dragons,16,0,1.0,0.0,159,16,Fragile Ground,13,3,0.8125,0.1875,79,13,Sinkhole | Purge,7,6,0.5384615384615384,0.46153846153846156,3,7,9,0.4375,4,Dragons | Fragile Ground | Sinkhole | Purge,false,excluding_recorder_when_alive,true,15,0,0,true,15,15,true,15,12,true,12,7,false,7,8,0.4666666666666667,disaster_chat_death_history_wave_specific_v13,false,true,5,10,10,3.3772693704203527,true,Dragons=1 | Fragile Ground=0 | Sinkhole=0 | Purge=2 | Fall=3 | Void=1 | Misc=1 | Chats=16,3,1,1,0,0,0,2,0,0,1,1,1,Dragons,0,0,0,0,0,0,0,0,0,0,0,0,0,0,0,0,0,0,0,0,0,0,0,0,0,0,0,Dragons | Fragile Ground,0,0,0,0,0,1,0,0,0,0,0,0,0,0,0,0,0,0,0,0,0,0,0,0,0,0,0,Dragons | Fragile Ground | Sinkhole | Purge,0,0,0,0,0,0,0,0,0,0,0,0,0,0,0,2,0,0,0,0,0,0,0,0,0,0,0,0,0,0,0,0,1,0,0,0,0,0,0,0,0,0,2,0,0,0,0,0,0,0,0,0,0,0,,,,,,,,,,,,,,,,,,,,,,,,,,,,,,,,,,,,,,,,,,,,,,,,,,,,
6,Area 52,13,16,true,176,13,Zombie Apocalypse | Hypixel Says,11,2,0.8461538461538461,0.15384615384615385,106,11,Tornado | Anvil Rain,8,3,0.7272727272727273,0.2727272727272727,49,8,TNT Rain | Blackout,2,6,0.25,0.75,3,2,11,0.15384615384615385,6,Zombie Apocalypse | Hypixel Says | Tornado | Anvil Rain | TNT Rain | Blackout,false,excluding_recorder_when_alive,true,12,0,0,true,12,11,false,11,8,false,8,2,false,2,10,0.16666666666666666,disaster_chat_death_history_wave_specific_v13,false,true,1,3,4,1.3676085818942953,true,Zombie Apocalypse=3 | Hypixel Says=1 | Tornado=4 | Anvil Rain=1 | TNT Rain=0 | Blackout=0 | Fall=0 | Void=1 | Misc=0 | Chats=10,0,1,0,0,0,0,0,1,0,0,0,0,Zombie Apocalypse | Hypixel Says,0,0,0,0,0,0,0,0,0,0,0,1,0,0,0,0,0,0,0,0,0,0,0,0,0,0,0,Zombie Apocalypse | Hypixel Says | Tornado | Anvil Rain,0,1,0,0,0,0,0,0,0,0,0,0,0,0,0,0,0,0,0,0,0,0,0,1,0,0,0,Zombie Apocalypse | Hypixel Says | Tornado | Anvil Rain | TNT Rain | Blackout,0,0,0,0,0,0,0,0,0,0,0,0,0,0,0,0,0,0,0,0,0,0,0,3,0,0,3,0,1,0,0,0,0,0,0,0,0,0,1,0,0,0,0,0,0,0,0,0,0,0,4,0,0,3,,,,,,,,,,,,,,,,,,,,,,,,,,,,,,,,,,,,,,,,,,,,,,,,,,,,
6,Area 52,14,16,true,171,14,Zombie Apocalypse | Blackout,4,10,0.2857142857142857,0.7142857142857143,116,4,Withers | Bat Swarm,3,1,0.75,0.25,61,3,Meteor Shower | Nuke,1,2,0.3333333333333333,0.6666666666666666,3,1,13,0.07142857142857142,6,Zombie Apocalypse | Blackout | Withers | Bat Swarm | Meteor Shower | Nuke,false,excluding_recorder_when_alive,true,13,0,0,true,13,4,false,4,3,false,3,1,false,1,12,0.07692307692307693,disaster_chat_death_history_wave_specific_v13,false,true,4,0,0,1.313463832795723,true,Zombie Apocalypse=8 | Blackout=0 | Withers=1 | Bat Swarm=1 | Meteor Shower=0 | Nuke=0 | Fall=1 | Void=1 | Misc=0 | Chats=15,1,1,0,1,1,0,0,0,0,0,0,0,Zombie Apocalypse | Blackout,0,0,0,0,0,0,0,0,0,0,0,0,0,0,0,0,0,0,0,0,0,0,0,0,0,0,7,Zombie Apocalypse | Blackout | Withers | Bat Swarm,0,0,0,0,0,0,0,0,0,0,0,0,0,0,0,0,0,0,0,0,0,0,0,0,0,0,1,Zombie Apocalypse | Blackout | Withers | Bat Swarm | Meteor Shower | Nuke,0,0,1,0,0,0,0,0,0,0,0,0,0,0,0,0,0,0,0,0,0,0,0,0,0,1,0,0,0,1,0,0,0,0,0,0,0,0,0,0,0,0,0,0,0,0,0,0,0,0,0,0,1,8,,,,,,,,,,,,,,,,,,,,,,,,,,,,,,,,,,,,,,,,,,,,,,,,,,,,
6,Area 52,16,16,true,183,16,Meteor Shower | Hypixel Says,15,1,0.9375,0.0625,120,15,Zombie Apocalypse,9,6,0.6,0.4,53,9,Stampede | Anvil Rain,4,5,0.4444444444444444,0.5555555555555556,3,4,12,0.25,5,Meteor Shower | Hypixel Says | Zombie Apocalypse | Stampede | Anvil Rain,false,excluding_recorder_when_alive,true,15,0,0,true,15,14,true,14,8,true,8,4,false,4,11,0.26666666666666666,disaster_chat_death_history_wave_specific_v13,false,true,5,7,4,1.2125757499029397,true,Meteor Shower=3 | Hypixel Says=0 | Zombie Apocalypse=3 | Stampede=1 | Anvil Rain=1 | Fall=1 | Void=1 | Misc=1 | Chats=21,1,1,1,1,0,0,0,1,0,0,0,1,Meteor Shower | Hypixel Says,0,0,0,0,0,0,0,0,0,0,0,0,0,0,0,0,0,0,0,0,0,0,0,0,0,0,0,Meteor Shower | Hypixel Says | Zombie Apocalypse,0,0,0,0,0,0,0,0,0,0,0,0,0,3,0,0,0,0,0,0,0,0,0,0,0,0,2,Meteor Shower | Hypixel Says | Zombie Apocalypse | Stampede | Anvil Rain,0,1,0,0,0,0,0,0,0,0,0,0,0,0,0,0,0,0,0,1,0,0,0,0,0,0,1,0,1,0,0,0,0,0,0,0,0,0,0,0,3,0,0,0,0,0,1,0,0,0,0,0,0,3,,,,,,,,,,,,,,,,,,,,,,,,,,,,,,,,,,,,,,,,,,,,,,,,,,,,
6,Castle,16,16,true,198,16,Sinkhole | Disco,14,2,0.875,0.125,144,14,Lightning,13,1,0.9285714285714286,0.07142857142857142,70,13,Acid Rain | Swappage,11,2,0.8461538461538461,0.15384615384615385,3,11,5,0.6875,5,Sinkhole | Disco | Lightning | Acid Rain | Swappage,false,excluding_recorder_when_alive,true,15,0,0,true,15,14,false,14,13,false,13,11,false,11,4,0.7333333333333333,disaster_chat_death_history_wave_specific_v13,false,true,6,8,10,3.0398989898989908,true,Sinkhole=1 | Disco=0 | Lightning=0 | Acid Rain=1 | Swappage=0 | Fall=1 | Void=0 | Misc=1 | Chats=15,1,0,1,0,0,1,1,0,0,0,0,0,Sinkhole | Disco,0,0,0,0,0,0,0,0,0,0,0,0,0,0,0,0,0,0,0,0,0,0,0,0,0,0,0,Sinkhole | Disco | Lightning,0,0,0,0,0,0,0,0,0,0,0,0,0,0,0,0,0,0,0,0,0,0,0,0,0,0,0,Sinkhole | Disco | Lightning | Acid Rain | Swappage,1,0,0,0,0,0,0,0,0,0,0,0,0,0,0,0,0,1,0,0,0,0,0,0,0,0,0,1,0,0,0,0,0,0,0,0,0,0,0,0,0,0,0,0,1,0,0,0,0,0,0,0,0,0,,,,,,,,,,,,,,,,,,,,,,,,,,,,,,,,,,,,,,,,,,,,,,,,,,,,
6,Cruise Ship,15,16,true,198,15,Dragons | Hypixel Says,14,1,0.9333333333333333,0.06666666666666667,134,14,Stampede,10,4,0.7142857142857143,0.2857142857142857,79,10,Flood | Grounded,2,8,0.2,0.8,3,2,13,0.13333333333333333,5,Dragons | Hypixel Says | Stampede | Flood | Grounded,false,excluding_recorder_when_alive,true,14,0,0,true,14,13,true,13,10,false,10,2,false,2,12,0.14285714285714285,disaster_chat_death_history_wave_specific_v13,false,true,4,6,7,7.199723639455783,true,Dragons=2 | Hypixel Says=0 | Stampede=1 | Flood=7 | Grounded=0 | Fall=1 | Void=0 | Misc=1 | Chats=18,1,0,1,0,0,0,1,0,1,0,0,0,Dragons | Hypixel Says,0,0,0,0,0,1,0,0,0,0,0,0,0,0,0,0,0,0,0,0,0,0,0,0,0,0,0,Dragons | Hypixel Says | Stampede,0,0,0,0,0,1,0,0,0,0,0,0,0,0,0,0,0,0,0,0,0,0,0,0,0,0,0,Dragons | Hypixel Says | Stampede | Flood | Grounded,0,0,0,0,0,0,7,0,0,0,0,0,0,0,0,0,0,0,0,1,0,0,0,0,0,0,0,0,0,0,0,0,2,7,0,0,0,0,0,0,0,0,0,0,0,0,1,0,0,0,0,0,0,0,,,,,,,,,,,,,,,,,,,,,,,,,,,,,,,,,,,,,,,,,,,,,,,,,,,,
6,Gondola,15,16,true,177,15,The Floor is Lava | Swappage,8,7,0.5333333333333333,0.4666666666666667,126,8,Dragons | Nuke,6,2,0.75,0.25,65,6,Meteor Shower | Hypixel Says,5,1,0.8333333333333334,0.16666666666666666,3,5,10,0.3333333333333333,6,The Floor is Lava | Swappage | Dragons | Nuke | Meteor Shower | Hypixel Says,false,excluding_recorder_when_alive,true,14,0,0,true,14,8,false,8,6,false,6,5,false,5,9,0.35714285714285715,disaster_chat_death_history_wave_specific_v13,false,true,0,0,3,5.776053255310221,true,The Floor is Lava=6 | Swappage=0 | Dragons=0 | Nuke=0 | Meteor Shower=0 | Hypixel Says=1 | Fall=0 | Void=1 | Misc=1 | Chats=10,0,1,1,0,0,1,0,1,0,0,0,0,The Floor is Lava | Swappage,0,0,0,0,0,0,0,0,0,0,0,0,0,0,0,0,0,0,0,0,0,5,0,0,0,0,0,The Floor is Lava | Swappage | Dragons | Nuke,0,0,0,0,0,0,0,0,0,0,0,0,0,0,0,0,0,0,0,0,0,1,0,0,0,0,0,The Floor is Lava | Swappage | Dragons | Nuke | Meteor Shower | Hypixel Says,0,0,0,0,0,0,0,0,0,0,0,1,0,0,0,0,0,0,0,0,0,0,0,0,0,0,0,0,0,0,0,0,0,0,0,0,0,0,1,0,0,0,0,0,0,0,0,0,6,0,0,0,0,0,,,,,,,,,,,,,,,,,,,,,,,,,,,,,,,,,,,,,,,,,,,,,,,,,,,,
6,Cruise Ship,16,16,true,192,16,"Dragons | Red Light, Green Light",12,4,0.75,0.25,117,12,Acid Rain,6,6,0.5,0.5,59,6,Flood | Bat Swarm,0,6,0.0,1.0,3,0,16,0.0,5,"Dragons | Red Light, Green Light | Acid Rain | Flood | Bat Swarm",false,excluding_recorder_when_alive,true,15,0,0,true,15,11,true,11,6,false,6,0,false,0,15,0.0,disaster_chat_death_history_wave_specific_v13,false,true,2,2,0,1.1490599165476014,true,"Dragons=0 | Red Light, Green Light=4 | Acid Rain=1 | Flood=4 | Bat Swarm=1 | Fall=3 | Void=0 | Misc=2 | Chats=20",3,0,2,1,0,2,2,0,0,0,0,0,"Dragons | Red Light, Green Light",0,0,0,0,0,0,0,0,0,0,0,0,0,0,0,0,1,0,0,0,0,0,0,0,0,0,0,"Dragons | Red Light, Green Light | Acid Rain",1,0,0,0,0,0,0,0,0,0,0,0,0,0,0,0,2,0,0,0,0,0,0,0,0,0,0,"Dragons | Red Light, Green Light | Acid Rain | Flood | Bat Swarm",0,0,1,0,0,0,4,0,0,0,0,0,0,0,0,0,1,0,0,0,0,0,0,0,0,0,0,1,0,1,0,0,0,4,0,0,0,0,0,0,0,0,0,4,0,0,0,0,0,0,0,0,0,0,,,,,,,,,,,,,,,,,,,,,,,,,,,,,,,,,,,,,,,,,,,,,,,,,,,,
6,Area 52,15,16,true,207,15,Tornado,14,1,0.9333333333333333,0.06666666666666667,142,14,Stampede | Bat Swarm,1,13,0.07142857142857142,0.9285714285714286,74,1,"Zombie Apocalypse | Red Light, Green Light",0,1,0.0,1.0,3,0,15,0.0,5,"Tornado | Stampede | Bat Swarm | Zombie Apocalypse | Red Light, Green Light",false,excluding_recorder_when_alive,true,14,0,0,true,14,13,true,13,1,false,1,0,false,0,14,0.0,disaster_chat_death_history_wave_specific_v13,false,true,4,5,0,4.258518381020278,true,"Tornado=5 | Stampede=2 | Bat Swarm=1 | Zombie Apocalypse=0 | Red Light, Green Light=1 | Fall=1 | Void=2 | Misc=2 | Chats=14",1,2,2,0,0,0,1,2,2,0,0,0,Tornado,0,0,0,0,0,0,0,0,0,0,0,0,0,0,0,0,0,0,0,0,0,0,0,1,0,0,0,Tornado | Stampede | Bat Swarm,0,0,1,0,0,0,0,0,0,0,0,0,0,0,0,0,0,0,0,2,0,0,0,4,0,0,0,"Tornado | Stampede | Bat Swarm | Zombie Apocalypse | Red Light, Green Light",0,0,0,0,0,0,0,0,0,0,0,0,0,0,0,0,1,0,0,0,0,0,0,0,0,0,0,0,0,1,0,0,0,0,0,0,0,0,0,0,0,0,0,1,0,0,2,0,0,0,5,0,0,0,,,,,,,,,,,,,,,,,,,,,,,,,,,,,,,,,,,,,,,,,,,,,,,,,,,,
6,Library,16,16,true,207,16,"Zombie Apocalypse | Red Light, Green Light",8,8,0.5,0.5,153,8,TNT Rain | Hypixel Says,3,5,0.375,0.625,73,3,Lightning | Grounded,0,3,0.0,1.0,3,0,16,0.0,6,"Zombie Apocalypse | Red Light, Green Light | TNT Rain | Hypixel Says | Lightning | Grounded",false,excluding_recorder_when_alive,true,15,0,0,true,15,8,false,8,3,false,3,0,false,0,15,0.0,disaster_chat_death_history_wave_specific_v13,false,true,1,0,0,0.10938375350140055,true,"Zombie Apocalypse=1 | Red Light, Green Light=8 | TNT Rain=0 | Hypixel Says=1 | Lightning=1 | Grounded=0 | Fall=4 | Void=0 | Misc=0 | Chats=14",4,0,0,2,0,0,0,0,0,2,0,0,"Zombie Apocalypse | Red Light, Green Light",0,0,0,0,0,0,0,0,0,0,0,0,0,0,0,0,4,0,0,0,0,0,0,0,0,0,1,"Zombie Apocalypse | Red Light, Green Light | TNT Rain | Hypixel Says",0,0,0,0,0,0,0,0,0,0,0,1,0,0,0,0,4,0,0,0,0,0,0,0,0,0,0,"Zombie Apocalypse | Red Light, Green Light | TNT Rain | Hypixel Says | Lightning | Grounded",0,0,0,0,0,0,0,0,0,0,0,0,1,0,0,0,0,0,0,0,0,0,0,0,0,0,0,0,0,0,0,0,0,0,0,0,0,0,1,1,0,0,0,8,0,0,0,0,0,0,0,0,0,1,,,,,,,,,,,,,,,,,,,,,,,,,,,,,,,,,,,,,,,,,,,,,,,,,,,,
6,Monorail,16,16,true,192,16,Tornado | Bat Swarm,14,2,0.875,0.125,128,14,"Acid Rain | Red Light, Green Light",9,5,0.6428571428571429,0.35714285714285715,65,9,Lightning | Nuke,2,7,0.2222222222222222,0.7777777777777778,3,2,14,0.125,6,"Tornado | Bat Swarm | Acid Rain | Red Light, Green Light | Lightning | Nuke",false,excluding_recorder_when_alive,true,15,0,0,true,15,13,true,13,9,false,9,2,false,2,13,0.13333333333333333,disaster_chat_death_history_wave_specific_v13,false,true,5,3,5,2.840317557291389,true,"Tornado=4 | Bat Swarm=1 | Acid Rain=1 | Red Light, Green Light=6 | Lightning=0 | Nuke=0 | Fall=0 | Void=0 | Misc=1 | Chats=14",0,0,1,0,0,0,0,0,0,0,0,1,Tornado | Bat Swarm,0,0,0,0,0,0,0,0,0,0,0,0,0,0,0,0,0,0,0,0,0,0,0,2,0,0,0,"Tornado | Bat Swarm | Acid Rain | Red Light, Green Light",0,0,0,0,0,0,0,0,0,0,0,0,0,0,0,0,2,0,0,0,0,0,0,2,0,0,0,"Tornado | Bat Swarm | Acid Rain | Red Light, Green Light | Lightning | Nuke",1,0,1,0,0,0,0,0,0,0,0,0,0,0,0,0,4,0,0,0,0,0,0,0,0,0,0,1,0,1,0,0,0,0,0,0,0,0,0,0,0,0,0,6,0,0,0,0,0,0,4,0,0,0,,,,,,,,,,,,,,,,,,,,,,,,,,,,,,,,,,,,,,,,,,,,,,,,,,,,
6,Area 52,16,16,true,206,16,Flood | Swappage,11,5,0.6875,0.3125,143,11,Dragons,9,2,0.8181818181818182,0.18181818181818182,63,9,TNT Rain | Bat Swarm,3,6,0.3333333333333333,0.6666666666666666,3,3,13,0.1875,5,Flood | Swappage | Dragons | TNT Rain | Bat Swarm,false,excluding_recorder_when_alive,true,15,0,0,true,15,10,true,10,8,true,8,3,false,3,12,0.2,disaster_chat_death_history_wave_specific_v13,false,true,6,3,4,1.1029482760846279,true,Flood=6 | Swappage=0 | Dragons=2 | TNT Rain=1 | Bat Swarm=0 | Fall=0 | Void=3 | Misc=0 | Chats=14,0,3,0,0,3,0,0,0,0,0,0,0,Flood | Swappage,0,0,0,0,0,0,2,0,0,0,0,0,0,0,0,0,0,0,0,0,0,0,0,0,0,0,0,Flood | Swappage | Dragons,0,0,0,0,0,1,1,0,0,0,0,0,0,0,0,0,0,0,0,0,0,0,0,0,0,0,0,Flood | Swappage | Dragons | TNT Rain | Bat Swarm,0,0,0,0,0,1,3,0,0,0,0,0,0,0,0,0,0,0,0,0,0,0,1,0,0,0,0,0,0,0,0,0,2,6,0,0,0,0,0,0,0,0,0,0,0,0,0,0,0,1,0,0,0,0,,,,,,,,,,,,,,,,,,,,,,,,,,,,,,,,,,,,,,,,,,,,,,,,,,,,
6,Spaceship,15,16,true,199,15,Tornado | Blackout,11,4,0.7333333333333333,0.26666666666666666,125,11,Acid Rain | Nuke,8,3,0.7272727272727273,0.2727272727272727,75,8,Dragons,4,4,0.5,0.5,3,4,11,0.26666666666666666,5,Tornado | Blackout | Acid Rain | Nuke | Dragons,false,excluding_recorder_when_alive,true,14,0,0,true,14,10,true,10,8,false,8,4,false,4,10,0.2857142857142857,disaster_chat_death_history_wave_specific_v13,false,true,4,2,5,1.0864788017705522,true,Tornado=1 | Blackout=0 | Acid Rain=3 | Nuke=0 | Dragons=0 | Fall=3 | Void=2 | Misc=1 | Chats=12,3,2,1,1,2,1,0,0,0,2,0,0,Tornado | Blackout,0,0,0,0,0,0,0,0,0,0,0,0,0,0,0,0,0,0,0,0,0,0,0,0,0,0,0,Tornado | Blackout | Acid Rain | Nuke,1,0,0,0,0,0,0,0,0,0,0,0,0,0,0,0,0,0,0,0,0,0,0,1,0,0,0,Tornado | Blackout | Acid Rain | Nuke | Dragons,2,0,0,0,0,0,0,0,0,0,0,0,0,0,0,0,0,0,0,0,0,0,0,0,0,0,0,3,0,0,0,0,0,0,0,0,0,0,0,0,0,0,0,0,0,0,0,0,0,0,1,0,0,0,,,,,,,,,,,,,,,,,,,,,,,,,,,,,,,,,,,,,,,,,,,,,,,,,,,,
6,Library,13,16,true,204,13,Withers | Disco,13,0,1.0,0.0,150,13,Zombie Apocalypse,8,5,0.6153846153846154,0.38461538461538464,78,8,Flood | Hot Potato,1,7,0.125,0.875,3,1,12,0.07692307692307693,5,Withers | Disco | Zombie Apocalypse | Flood | Hot Potato,false,excluding_recorder_when_alive,true,12,0,0,true,12,12,true,12,7,true,7,1,false,1,11,0.08333333333333333,disaster_chat_death_history_wave_specific_v13,false,true,2,5,0,2.7756493506493505,true,Withers=5 | Disco=0 | Zombie Apocalypse=2 | Flood=1 | Hot Potato=1 | Fall=2 | Void=0 | Misc=0 | Chats=17,2,0,0,0,0,0,2,0,0,0,0,0,Withers | Disco,0,0,0,0,0,0,0,0,0,0,0,0,0,0,0,0,0,0,0,0,0,0,0,0,0,0,0,Withers | Disco | Zombie Apocalypse,0,0,0,0,0,0,0,0,0,0,0,0,0,0,0,0,0,0,0,0,0,0,0,0,0,2,1,Withers | Disco | Zombie Apocalypse | Flood | Hot Potato,0,0,0,0,0,0,1,0,0,0,1,0,0,0,0,0,0,0,0,0,0,0,0,0,0,3,1,0,0,0,0,0,0,1,0,0,0,1,0,0,0,0,0,0,0,0,0,0,0,0,0,0,5,2,,,,,,,,,,,,,,,,,,,,,,,,,,,,,,,,,,,,,,,,,,,,,,,,,,,,
6,Cruise Ship,15,16,true,164,15,Meteor Shower | Hot Potato,14,1,0.9333333333333333,0.06666666666666667,103,14,Tornado | Blackout,12,2,0.8571428571428571,0.14285714285714285,50,12,Withers,8,4,0.6666666666666666,0.3333333333333333,3,8,7,0.5333333333333333,5,Meteor Shower | Hot Potato | Tornado | Blackout | Withers,false,excluding_recorder_when_alive,true,14,0,0,true,14,13,true,13,11,true,11,7,true,7,7,0.5,disaster_chat_death_history_wave_specific_v13,false,true,3,4,7,1.9910432314829702,true,Meteor Shower=2 | Hot Potato=1 | Tornado=3 | Blackout=0 | Withers=0 | Fall=1 | Void=0 | Misc=0 | Chats=12,1,0,0,0,0,0,0,0,0,1,0,0,Meteor Shower | Hot Potato,0,0,0,0,0,0,0,0,0,0,1,0,0,0,0,0,0,0,0,0,0,0,0,0,0,0,0,Meteor Shower | Hot Potato | Tornado | Blackout,0,0,0,0,0,0,0,0,0,0,0,0,0,2,0,0,0,0,0,0,0,0,0,0,0,0,0,Meteor Shower | Hot Potato | Tornado | Blackout | Withers,0,0,0,0,0,0,0,0,0,0,0,0,0,0,0,0,0,0,0,0,0,0,0,3,0,0,0,0,0,0,0,0,0,0,0,0,0,1,0,0,2,0,0,0,0,0,0,0,0,0,3,0,0,0,,,,,,,,,,,,,,,,,,,,,,,,,,,,,,,,,,,,,,,,,,,,,,,,,,,,
6,Spaceship,13,16,true,194,13,Meteor Shower | Hypixel Says,10,3,0.7692307692307693,0.23076923076923078,124,10,TNT Rain,9,1,0.9,0.1,72,9,Withers | Nuke,4,5,0.4444444444444444,0.5555555555555556,3,4,9,0.3076923076923077,5,Meteor Shower | Hypixel Says | TNT Rain | Withers | Nuke,false,excluding_recorder_when_alive,true,12,0,0,true,12,9,true,9,8,true,8,4,false,4,8,0.3333333333333333,disaster_chat_death_history_wave_specific_v13,false,true,2,2,5,1.2441718236499306,true,Meteor Shower=7 | Hypixel Says=0 | TNT Rain=0 | Withers=0 | Nuke=0 | Fall=0 | Void=1 | Misc=0 | Chats=17,0,1,0,0,1,0,0,0,0,0,0,0,Meteor Shower | Hypixel Says,0,0,0,0,0,0,0,0,0,0,0,0,0,2,0,0,0,0,0,0,0,0,0,0,0,0,0,Meteor Shower | Hypixel Says | TNT Rain,0,0,0,0,0,0,0,0,0,0,0,0,0,1,0,0,0,0,0,0,0,0,0,0,0,0,0,Meteor Shower | Hypixel Says | TNT Rain | Withers | Nuke,0,0,0,0,0,0,0,0,0,0,0,0,0,4,0,0,0,0,0,0,0,0,0,0,0,0,0,0,0,0,0,0,0,0,0,0,0,0,0,0,7,0,0,0,0,0,0,0,0,0,0,0,0,0,,,,,,,,,,,,,,,,,,,,,,,,,,,,,,,,,,,,,,,,,,,,,,,,,,,,
6,Gondola,16,16,true,163,16,Tornado | Anvil Rain,13,3,0.8125,0.1875,112,13,Lightning | Werewolf,11,2,0.8461538461538461,0.15384615384615385,59,11,Meteor Shower | Grounded,7,4,0.6363636363636364,0.36363636363636365,3,7,9,0.4375,6,Tornado | Anvil Rain | Lightning | Werewolf | Meteor Shower | Grounded,false,excluding_recorder_when_alive,true,15,0,0,true,15,12,false,12,10,false,10,7,false,7,8,0.4666666666666667,disaster_chat_death_history_wave_specific_v13,false,true,4,5,7,1.3414601373887654,true,Tornado=1 | Anvil Rain=1 | Lightning=0 | Werewolf=1 | Meteor Shower=2 | Grounded=0 | Fall=3 | Void=0 | Misc=2 | Chats=14,3,0,2,0,0,2,2,0,0,1,0,0,Tornado | Anvil Rain,0,0,0,0,0,0,0,0,0,0,0,0,0,0,0,0,0,0,0,0,0,0,0,1,0,0,0,Tornado | Anvil Rain | Lightning | Werewolf,0,0,0,0,0,0,0,0,0,0,0,0,0,0,0,0,0,0,0,0,0,0,0,0,1,0,0,Tornado | Anvil Rain | Lightning | Werewolf | Meteor Shower | Grounded,0,1,0,0,0,0,0,0,0,0,0,0,0,2,0,0,0,0,0,0,0,0,0,0,0,0,0,0,1,0,0,0,0,0,0,0,0,0,0,0,2,0,0,0,0,0,0,0,0,0,1,1,0,0,,,,,,,,,,,,,,,,,,,,,,,,,,,,,,,,,,,,,,,,,,,,,,,,,,,,
6,Arctic Lab,16,16,true,199,16,Withers,16,0,1.0,0.0,136,16,TNT Rain | Anvil Rain,13,3,0.8125,0.1875,61,13,Lightning | Purge,6,7,0.46153846153846156,0.5384615384615384,3,6,10,0.375,5,Withers | TNT Rain | Anvil Rain | Lightning | Purge,false,excluding_recorder_when_alive,true,15,0,0,true,15,15,true,15,13,false,13,6,false,6,9,0.4,disaster_chat_death_history_wave_specific_v13,false,true,5,8,10,4.702653693056169,true,Withers=2 | TNT Rain=1 | Anvil Rain=0 | Lightning=1 | Purge=5 | Fall=1 | Void=0 | Misc=0 | Chats=14,1,0,0,0,0,0,1,0,0,0,0,0,Withers,0,0,0,0,0,0,0,0,0,0,0,0,0,0,0,0,0,0,0,0,0,0,0,0,0,0,0,Withers | TNT Rain | Anvil Rain,0,0,0,0,0,0,0,0,0,0,0,0,0,0,0,0,0,0,0,0,0,0,0,0,0,1,0,Withers | TNT Rain | Anvil Rain | Lightning | Purge,0,0,0,0,0,0,0,0,0,0,0,0,1,0,0,5,0,0,0,0,0,0,1,0,0,1,0,0,0,0,0,0,0,0,0,0,0,0,0,1,0,0,5,0,0,0,0,0,0,1,0,0,2,0,,,,,,,,,,,,,,,,,,,,,,,,,,,,,,,,,,,,,,,,,,,,,,,,,,,,
6,Monorail,16,16,true,194,16,Lightning,15,1,0.9375,0.0625,135,15,Zombie Apocalypse,10,5,0.6666666666666666,0.3333333333333333,56,10,Meteor Shower | Nuke,5,5,0.5,0.5,3,5,11,0.3125,4,Lightning | Zombie Apocalypse | Meteor Shower | Nuke,false,excluding_recorder_when_alive,true,15,0,0,true,15,14,true,14,10,false,10,5,false,5,10,0.3333333333333333,disaster_chat_death_history_wave_specific_v13,false,true,6,8,6,2.1405395846389625,true,Lightning=1 | Zombie Apocalypse=4 | Meteor Shower=1 | Nuke=0 | Fall=2 | Void=0 | Misc=2 | Chats=18,2,0,2,0,0,1,1,0,1,1,0,0,Lightning,0,0,0,0,0,0,0,0,0,0,0,0,0,0,0,0,0,0,0,0,0,0,0,0,0,0,0,Lightning | Zombie Apocalypse,0,0,0,0,0,0,0,0,0,0,0,0,0,0,0,0,0,0,0,0,0,0,0,0,0,0,2,Lightning | Zombie Apocalypse | Meteor Shower | Nuke,0,0,0,0,0,0,0,0,0,0,0,0,1,1,0,0,0,0,0,0,0,0,0,0,0,0,2,0,0,0,0,0,0,0,0,0,0,0,0,1,1,0,0,0,0,0,0,0,0,0,0,0,0,4,,,,,,,,,,,,,,,,,,,,,,,,,,,,,,,,,,,,,,,,,,,,,,,,,,,,
6,Melon Mall,16,16,true,197,16,Withers | Anvil Rain,15,1,0.9375,0.0625,133,15,Tornado | Purge,12,3,0.8,0.2,70,12,Fragile Ground | Nuke,6,6,0.5,0.5,3,6,10,0.375,6,Withers | Anvil Rain | Tornado | Purge | Fragile Ground | Nuke,false,excluding_recorder_when_alive,true,15,0,0,true,15,14,true,14,12,false,12,6,false,6,9,0.4,disaster_chat_death_history_wave_specific_v13,false,true,5,6,8,1.3521274464883486,true,Withers=0 | Anvil Rain=0 | Tornado=2 | Purge=3 | Fragile Ground=0 | Nuke=1 | Fall=3 | Void=0 | Misc=0 | Chats=19,3,0,0,1,0,0,0,0,0,2,0,0,Withers | Anvil Rain,0,0,0,0,0,0,0,0,0,0,0,0,0,0,0,0,0,0,0,0,0,0,0,0,0,0,0,Withers | Anvil Rain | Tornado | Purge,0,0,0,0,0,0,0,0,0,0,0,0,0,0,0,1,0,0,0,0,0,0,0,1,0,0,0,Withers | Anvil Rain | Tornado | Purge | Fragile Ground | Nuke,0,0,0,0,0,0,0,0,0,0,0,0,0,0,1,2,0,0,0,0,0,0,0,1,0,0,0,0,0,0,0,0,0,0,0,0,0,0,0,0,0,1,3,0,0,0,0,0,0,0,2,0,0,0,,,,,,,,,,,,,,,,,,,,,,,,,,,,,,,,,,,,,,,,,,,,,,,,,,,,
6,Oil Rig,16,16,true,208,16,TNT Rain | Hypixel Says,12,4,0.75,0.25,133,12,Sinkhole | Hot Potato,9,3,0.75,0.25,59,9,Lightning | Half Health,5,4,0.5555555555555556,0.4444444444444444,3,5,11,0.3125,6,TNT Rain | Hypixel Says | Sinkhole | Hot Potato | Lightning | Half Health,false,excluding_recorder_when_alive,true,15,0,0,true,15,11,true,11,9,false,9,5,false,5,10,0.3333333333333333,disaster_chat_death_history_wave_specific_v13,false,true,5,5,7,1.5998497315394904,true,TNT Rain=4 | Hypixel Says=1 | Sinkhole=0 | Hot Potato=0 | Lightning=0 | Half Health=0 | Fall=4 | Void=0 | Misc=1 | Chats=16,4,0,1,1,0,1,1,0,0,2,0,0,TNT Rain | Hypixel Says,0,0,0,0,0,0,0,0,0,0,0,1,0,0,0,0,0,0,0,0,0,0,1,0,0,0,0,TNT Rain | Hypixel Says | Sinkhole | Hot Potato,0,0,0,0,0,0,0,0,0,0,0,0,0,0,0,0,0,0,0,0,0,0,1,0,0,0,0,TNT Rain | Hypixel Says | Sinkhole | Hot Potato | Lightning | Half Health,0,0,0,0,0,0,0,0,0,0,0,0,0,0,0,0,0,0,0,0,0,0,2,0,0,0,0,0,0,0,0,0,0,0,0,0,0,0,1,0,0,0,0,0,0,0,0,0,0,4,0,0,0,0,,,,,,,,,,,,,,,,,,,,,,,,,,,,,,,,,,,,,,,,,,,,,,,,,,,,
6,Library,16,16,true,211,16,Tornado | Werewolf,9,7,0.5625,0.4375,140,9,Zombie Apocalypse | Swappage,4,5,0.4444444444444444,0.5555555555555556,79,4,Lightning | Hypixel Says,2,2,0.5,0.5,3,2,14,0.125,6,Tornado | Werewolf | Zombie Apocalypse | Swappage | Lightning | Hypixel Says,false,excluding_recorder_when_alive,true,15,0,1,true,14,8,false,8,3,false,3,1,false,1,14,0.06666666666666667,disaster_chat_death_history_wave_specific_v13,false,true,3,0,0,1.0532446311858077,true,Tornado=1 | Werewolf=5 | Zombie Apocalypse=2 | Swappage=0 | Lightning=0 | Hypixel Says=0 | Fall=2 | Void=3 | Misc=0 | Chats=11,2,3,0,1,0,0,1,1,0,0,2,0,Tornado | Werewolf,0,0,0,0,0,0,0,0,0,0,0,0,0,0,0,0,0,0,0,0,0,0,0,1,4,0,0,Tornado | Werewolf | Zombie Apocalypse | Swappage,0,0,0,0,0,0,0,0,0,0,0,0,0,0,0,0,0,0,0,0,0,0,0,0,1,0,2,Tornado | Werewolf | Zombie Apocalypse | Swappage | Lightning | Hypixel Says,0,0,0,0,0,0,0,0,0,0,0,0,0,0,0,0,0,0,0,0,0,0,0,0,0,0,0,0,0,0,0,0,0,0,0,0,0,0,0,0,0,0,0,0,0,0,0,0,0,0,1,5,0,2,,,,,,,,,,,,,,,,,,,,,,,,,,,,,,,,,,,,,,,,,,,,,,,,,,,,
6,Oil Rig,16,16,true,217,16,Zombie Apocalypse,13,3,0.8125,0.1875,151,13,Dragons,11,2,0.8461538461538461,0.15384615384615385,75,11,Sinkhole,9,2,0.8181818181818182,0.18181818181818182,3,9,7,0.5625,3,Zombie Apocalypse | Dragons | Sinkhole,false,excluding_recorder_when_alive,true,15,0,0,true,15,12,true,12,10,true,10,8,true,8,7,0.5333333333333333,disaster_chat_death_history_wave_specific_v13,false,true,4,5,7,2.7069488741562755,true,Zombie Apocalypse=2 | Dragons=1 | Sinkhole=0 | Fall=2 | Void=1 | Misc=1 | Chats=13,2,1,1,0,0,1,1,0,0,1,1,0,Zombie Apocalypse,0,0,0,0,0,0,0,0,0,0,0,0,0,0,0,0,0,0,0,0,0,0,0,0,0,0,2,Zombie Apocalypse | Dragons,0,0,0,0,0,1,0,0,0,0,0,0,0,0,0,0,0,0,0,0,0,0,0,0,0,0,0,Zombie Apocalypse | Dragons | Sinkhole,0,0,0,0,0,0,0,0,0,0,0,0,0,0,0,0,0,0,0,0,0,0,0,0,0,0,0,0,0,0,0,0,1,0,0,0,0,0,0,0,0,0,0,0,0,0,0,0,0,0,0,0,0,2,,,,,,,,,,,,,,,,,,,,,,,,,,,,,,,,,,,,,,,,,,,,,,,,,,,,
6,Spaceship,16,16,true,183,16,Dragons | Blackout,15,1,0.9375,0.0625,128,15,Lightning | Bat Swarm,13,2,0.8666666666666667,0.13333333333333333,73,13,Zombie Apocalypse | Nuke,3,10,0.23076923076923078,0.7692307692307693,3,3,13,0.1875,6,Dragons | Blackout | Lightning | Bat Swarm | Zombie Apocalypse | Nuke,false,excluding_recorder_when_alive,true,15,0,0,true,15,14,true,14,13,false,13,3,false,3,12,0.2,disaster_chat_death_history_wave_specific_v13,false,true,5,8,9,12.043642905838027,true,Dragons=0 | Blackout=0 | Lightning=0 | Bat Swarm=4 | Zombie Apocalypse=3 | Nuke=0 | Fall=2 | Void=2 | Misc=1 | Chats=23,2,2,1,0,1,0,0,0,0,2,1,1,Dragons | Blackout,0,0,0,0,0,0,0,0,0,0,0,0,0,0,0,0,0,0,0,0,0,0,0,0,0,0,0,Dragons | Blackout | Lightning | Bat Swarm,0,0,1,0,0,0,0,0,0,0,0,0,0,0,0,0,0,0,0,0,0,0,0,0,0,0,0,Dragons | Blackout | Lightning | Bat Swarm | Zombie Apocalypse | Nuke,0,0,3,0,0,0,0,0,0,0,0,0,0,0,0,0,0,0,0,0,0,0,0,0,0,0,3,0,0,4,0,0,0,0,0,0,0,0,0,0,0,0,0,0,0,0,0,0,0,0,0,0,0,3,,,,,,,,,,,,,,,,,,,,,,,,,,,,,,,,,,,,,,,,,,,,,,,,,,,,
6,Arctic Lab,16,16,true,198,16,Stampede | Grounded,15,1,0.9375,0.0625,122,15,The Floor is Lava | Hypixel Says,3,12,0.2,0.8,65,3,Withers | Nuke,1,2,0.3333333333333333,0.6666666666666666,3,1,15,0.0625,6,Stampede | Grounded | The Floor is Lava | Hypixel Says | Withers | Nuke,false,excluding_recorder_when_alive,true,15,0,0,true,15,14,true,14,3,false,3,1,false,1,14,0.06666666666666667,disaster_chat_death_history_wave_specific_v13,false,true,5,4,0,3.0437595279075498,true,Stampede=1 | Grounded=0 | The Floor is Lava=9 | Hypixel Says=0 | Withers=0 | Nuke=1 | Fall=1 | Void=1 | Misc=1 | Chats=12,1,1,1,0,0,1,1,1,0,0,0,0,Stampede | Grounded,0,0,0,0,0,0,0,0,0,0,0,0,0,0,0,0,0,0,0,0,0,0,0,0,0,0,0,Stampede | Grounded | The Floor is Lava | Hypixel Says,0,0,0,0,0,0,0,0,0,0,0,0,0,0,0,0,0,0,0,0,0,9,0,0,0,0,0,Stampede | Grounded | The Floor is Lava | Hypixel Says | Withers | Nuke,0,0,0,0,0,0,0,0,0,0,0,0,0,0,1,0,0,0,0,1,0,0,0,0,0,0,0,0,0,0,0,0,0,0,0,0,0,0,0,0,0,1,0,0,0,0,1,0,9,0,0,0,0,0,,,,,,,,,,,,,,,,,,,,,,,,,,,,,,,,,,,,,,,,,,,,,,,,,,,,
6,Area 52,16,16,true,188,16,Tornado,14,2,0.875,0.125,124,14,Fragile Ground | Werewolf,12,2,0.8571428571428571,0.14285714285714285,61,12,Flood | Purge,4,8,0.3333333333333333,0.6666666666666666,3,4,12,0.25,5,Tornado | Fragile Ground | Werewolf | Flood | Purge,false,excluding_recorder_when_alive,true,15,0,0,true,15,12,true,12,11,false,11,3,false,3,12,0.2,disaster_chat_death_history_wave_specific_v13,false,true,5,5,6,3.205275092493138,true,Tornado=5 | Fragile Ground=0 | Werewolf=2 | Flood=3 | Purge=2 | Fall=0 | Void=0 | Misc=1 | Chats=12,0,0,1,0,0,1,0,0,0,0,0,0,Tornado,0,0,0,0,0,0,0,0,0,0,0,0,0,0,0,0,0,0,0,0,0,0,0,2,0,0,0,Tornado | Fragile Ground | Werewolf,0,0,0,0,0,0,0,0,0,0,0,0,0,0,0,0,0,0,0,0,0,0,0,1,1,0,0,Tornado | Fragile Ground | Werewolf | Flood | Purge,0,0,0,0,0,0,3,0,0,0,0,0,0,0,0,2,0,0,0,0,0,0,0,2,1,0,0,0,0,0,0,0,0,3,0,0,0,0,0,0,0,0,2,0,0,0,0,0,0,0,5,2,0,0,,,,,,,,,,,,,,,,,,,,,,,,,,,,,,,,,,,,,,,,,,,,,,,,,,,,
6,Monorail,15,16,true,231,15,Tornado | Werewolf,10,5,0.6666666666666666,0.3333333333333333,154,10,Acid Rain | Half Health,8,2,0.8,0.2,77,8,"Dragons | Red Light, Green Light",4,4,0.5,0.5,3,4,11,0.26666666666666666,6,"Tornado | Werewolf | Acid Rain | Half Health | Dragons | Red Light, Green Light",false,excluding_recorder_when_alive,true,14,0,1,true,13,9,false,9,7,false,7,3,false,3,11,0.21428571428571427,disaster_chat_death_history_wave_specific_v13,false,true,1,1,2,1.171208387661284,true,"Tornado=3 | Werewolf=3 | Acid Rain=2 | Half Health=0 | Dragons=0 | Red Light, Green Light=1 | Fall=0 | Void=0 | Misc=1 | Chats=12",0,0,1,0,0,0,0,0,0,0,0,1,Tornado | Werewolf,0,0,0,0,0,0,0,0,0,0,0,0,0,0,0,0,0,0,0,0,0,0,0,1,3,0,0,Tornado | Werewolf | Acid Rain | Half Health,1,0,0,0,0,0,0,0,0,0,0,0,0,0,0,0,0,0,0,0,0,0,0,1,0,0,0,"Tornado | Werewolf | Acid Rain | Half Health | Dragons | Red Light, Green Light",1,0,0,0,0,0,0,0,0,0,0,0,0,0,0,0,1,0,0,0,0,0,0,1,0,0,0,2,0,0,0,0,0,0,0,0,0,0,0,0,0,0,0,1,0,0,0,0,0,0,3,3,0,0,,,,,,,,,,,,,,,,,,,,,,,,,,,,,,,,,,,,,,,,,,,,,,,,,,,,
6,Arctic Lab,16,16,true,190,16,The Floor is Lava,10,6,0.625,0.375,128,10,Withers | Bat Swarm,3,7,0.3,0.7,56,3,Tornado | Half Health,0,3,0.0,1.0,3,0,16,0.0,5,The Floor is Lava | Withers | Bat Swarm | Tornado | Half Health,false,excluding_recorder_when_alive,true,15,0,0,true,15,9,true,9,3,false,3,0,false,0,15,0.0,disaster_chat_death_history_wave_specific_v13,false,true,1,0,0,0.14579606440071555,true,The Floor is Lava=9 | Withers=3 | Bat Swarm=0 | Tornado=1 | Half Health=0 | Fall=1 | Void=0 | Misc=1 | Chats=17,1,0,1,1,0,1,0,0,0,0,0,0,The Floor is Lava,0,0,0,0,0,0,0,0,0,0,0,0,0,0,0,0,0,0,0,0,0,4,0,0,0,0,0,The Floor is Lava | Withers | Bat Swarm,0,0,0,0,0,0,0,0,0,0,0,0,0,0,0,0,0,0,0,0,0,4,0,0,0,2,0,The Floor is Lava | Withers | Bat Swarm | Tornado | Half Health,0,0,0,0,0,0,0,0,0,0,0,0,0,0,0,0,0,0,0,0,0,1,0,1,0,1,0,0,0,0,0,0,0,0,0,0,0,0,0,0,0,0,0,0,0,0,0,0,9,0,1,0,3,0,,,,,,,,,,,,,,,,,,,,,,,,,,,,,,,,,,,,,,,,,,,,,,,,,,,,
6,Paradise,14,16,true,216,14,Dragons | Hot Potato,12,2,0.8571428571428571,0.14285714285714285,140,12,Acid Rain,11,1,0.9166666666666666,0.08333333333333333,77,11,Meteor Shower | Half Health,9,2,0.8181818181818182,0.18181818181818182,3,9,5,0.6428571428571429,5,Dragons | Hot Potato | Acid Rain | Meteor Shower | Half Health,false,excluding_recorder_when_alive,true,13,0,0,true,13,11,true,11,10,true,10,8,true,8,5,0.6153846153846154,disaster_chat_death_history_wave_specific_v16,false,true,4,5,7,2.564622900659425,true,Dragons=2 | Hot Potato=1 | Acid Rain=1 | Meteor Shower=0 | Half Health=0 | Fall=1 | Void=0 | Misc=0 | Chats=18,1,0,0,0,0,0,1,0,0,0,0,0,Dragons | Hot Potato,0,0,0,0,0,1,0,0,0,0,1,0,0,0,0,0,0,0,0,0,0,0,0,0,0,0,0,Dragons | Hot Potato | Acid Rain,0,0,0,0,0,0,0,0,0,0,0,0,0,0,0,0,0,0,0,0,0,0,0,0,0,0,0,Dragons | Hot Potato | Acid Rain | Meteor Shower | Half Health,1,0,0,0,0,1,0,0,0,0,0,0,0,0,0,0,0,0,0,0,0,0,0,0,0,0,0,1,0,0,0,0,2,0,0,0,0,1,0,0,0,0,0,0,0,0,0,0,0,0,0,0,0,0,,,,,,,,,,,,,,,,,,,,,,,,,,,,,,,,,,,,,,,,,,,,,,,,,,,,
6,Paradise,15,16,true,187,15,Sinkhole | Half Health,12,3,0.8,0.2,111,12,Zombie Apocalypse,11,1,0.9166666666666666,0.08333333333333333,61,11,Tornado | Purge,4,7,0.36363636363636365,0.6363636363636364,3,4,11,0.26666666666666666,5,Sinkhole | Half Health | Zombie Apocalypse | Tornado | Purge,false,excluding_recorder_when_alive,true,14,0,0,true,14,11,true,11,11,false,11,4,false,4,10,0.2857142857142857,disaster_chat_death_history_wave_specific_v16,false,true,7,5,6,2.33617511066864,true,Sinkhole=2 | Half Health=0 | Zombie Apocalypse=2 | Tornado=0 | Purge=2 | Fall=4 | Void=0 | Misc=0 | Chats=14,4,0,0,1,0,0,0,0,0,3,0,0,Sinkhole | Half Health,0,0,0,0,0,0,0,0,0,0,0,0,0,0,0,0,0,2,0,0,0,0,0,0,0,0,0,Sinkhole | Half Health | Zombie Apocalypse,0,0,0,0,0,0,0,0,0,0,0,0,0,0,0,0,0,0,0,0,0,0,0,0,0,0,0,Sinkhole | Half Health | Zombie Apocalypse | Tornado | Purge,0,0,0,0,0,0,0,0,0,0,0,0,0,0,0,2,0,0,0,0,0,0,0,0,0,0,2,0,0,0,0,0,0,0,0,0,0,0,0,0,0,0,2,0,2,0,0,0,0,0,0,0,0,2,,,,,,,,,,,,,,,,,,,,,,,,,,,,,,,,,,,,,,,,,,,,,,,,,,,,
6,Gondola,16,16,true,217,16,"Meteor Shower | Red Light, Green Light",14,2,0.875,0.125,140,14,Dragons | Blackout,11,3,0.7857142857142857,0.21428571428571427,73,11,Tornado | Hypixel Says,5,6,0.45454545454545453,0.5454545454545454,3,5,11,0.3125,6,"Meteor Shower | Red Light, Green Light | Dragons | Blackout | Tornado | Hypixel Says",false,excluding_recorder_when_alive,true,15,0,0,true,15,13,true,13,11,false,11,5,false,5,10,0.3333333333333333,disaster_chat_death_history_wave_specific_v16,false,true,0,2,7,3.6418162446385813,true,"Meteor Shower=1 | Red Light, Green Light=7 | Dragons=0 | Blackout=0 | Tornado=0 | Hypixel Says=0 | Fall=1 | Void=0 | Misc=1 | Chats=13",1,0,1,1,0,1,0,0,0,0,0,0,"Meteor Shower | Red Light, Green Light",0,0,0,0,0,0,0,0,0,0,0,0,0,0,0,0,0,0,0,0,0,0,0,0,0,0,0,"Meteor Shower | Red Light, Green Light | Dragons | Blackout",0,0,0,0,0,0,0,0,0,0,0,0,0,1,0,0,1,0,0,0,0,0,0,0,0,0,0,"Meteor Shower | Red Light, Green Light | Dragons | Blackout | Tornado | Hypixel Says",0,0,0,0,0,0,0,0,0,0,0,0,0,0,0,0,6,0,0,0,0,0,0,0,0,0,0,0,0,0,0,0,0,0,0,0,0,0,0,0,1,0,0,7,0,0,0,0,0,0,0,0,0,0,,,,,,,,,,,,,,,,,,,,,,,,,,,,,,,,,,,,,,,,,,,,,,,,,,,,
6,Gondola,16,16,true,211,16,TNT Rain | Grounded,15,1,0.9375,0.0625,142,15,Flood | Half Health,11,4,0.7333333333333333,0.26666666666666666,75,11,Meteor Shower | Nuke,5,6,0.45454545454545453,0.5454545454545454,3,5,11,0.3125,6,TNT Rain | Grounded | Flood | Half Health | Meteor Shower | Nuke,false,excluding_recorder_when_alive,true,15,0,0,true,15,14,true,14,11,false,11,5,false,5,10,0.3333333333333333,disaster_chat_death_history_wave_specific_v16,false,true,7,9,8,5.013019275628021,true,TNT Rain=0 | Grounded=0 | Flood=3 | Half Health=0 | Meteor Shower=2 | Nuke=1 | Fall=3 | Void=1 | Misc=0 | Chats=15,3,1,0,0,1,0,1,0,0,2,0,0,TNT Rain | Grounded,0,0,0,0,0,0,0,0,0,0,0,0,0,0,0,0,0,0,0,0,0,0,0,0,0,0,0,TNT Rain | Grounded | Flood | Half Health,0,0,0,0,0,0,2,0,0,0,0,0,0,0,0,0,0,0,0,0,0,0,0,0,0,0,0,TNT Rain | Grounded | Flood | Half Health | Meteor Shower | Nuke,0,0,0,0,0,0,1,0,0,0,0,0,0,2,1,0,0,0,0,0,0,0,0,0,0,0,0,0,0,0,0,0,0,3,0,0,0,0,0,0,2,1,0,0,0,0,0,0,0,0,0,0,0,0,,,,,,,,,,,,,,,,,,,,,,,,,,,,,,,,,,,,,,,,,,,,,,,,,,,,
6,Cruise Ship,16,16,true,213,16,"Flood | Red Light, Green Light",15,1,0.9375,0.0625,146,15,TNT Rain | Werewolf,10,5,0.6666666666666666,0.3333333333333333,77,10,Zombie Apocalypse,2,8,0.2,0.8,3,2,14,0.125,5,"Flood | Red Light, Green Light | TNT Rain | Werewolf | Zombie Apocalypse",false,excluding_recorder_when_alive,true,15,0,0,true,15,13,true,13,9,false,9,1,false,1,14,0.06666666666666667,disaster_chat_death_history_wave_specific_v16,false,true,0,1,0,0.737548080469095,true,"Flood=1 | Red Light, Green Light=2 | TNT Rain=2 | Werewolf=3 | Zombie Apocalypse=4 | Fall=1 | Void=0 | Misc=2 | Chats=22",1,0,2,1,0,1,0,0,0,0,0,1,"Flood | Red Light, Green Light",0,0,0,0,0,0,0,0,0,0,0,0,0,0,0,0,0,0,0,0,0,0,0,0,0,0,0,"Flood | Red Light, Green Light | TNT Rain | Werewolf",0,0,0,0,0,0,1,0,0,0,0,0,0,0,0,0,1,0,0,0,0,0,0,0,3,0,0,"Flood | Red Light, Green Light | TNT Rain | Werewolf | Zombie Apocalypse",0,0,0,0,0,0,0,0,0,0,0,0,0,0,0,0,1,0,0,0,0,0,2,0,0,0,4,0,0,0,0,0,0,1,0,0,0,0,0,0,0,0,0,2,0,0,0,0,0,2,0,3,0,4,,,,,,,,,,,,,,,,,,,,,,,,,,,,,,,,,,,,,,,,,,,,,,,,,,,,
6,Paradise,15,16,true,189,15,Sinkhole | Anvil Rain,14,1,0.9333333333333333,0.06666666666666667,130,14,Fragile Ground | Nuke,9,5,0.6428571428571429,0.35714285714285715,63,9,Stampede | Purge,7,2,0.7777777777777778,0.2222222222222222,3,7,8,0.4666666666666667,6,Sinkhole | Anvil Rain | Fragile Ground | Nuke | Stampede | Purge,false,excluding_recorder_when_alive,true,14,0,0,true,14,13,true,13,8,true,8,7,false,7,7,0.5,disaster_chat_death_history_wave_specific_v16,false,true,6,7,3,4.070290629001098,true,Sinkhole=1 | Anvil Rain=2 | Fragile Ground=0 | Nuke=1 | Stampede=0 | Purge=1 | Fall=1 | Void=2 | Misc=0 | Chats=50,1,2,0,0,0,0,1,2,0,0,0,0,Sinkhole | Anvil Rain,0,1,0,0,0,0,0,0,0,0,0,0,0,0,0,0,0,0,0,0,0,0,0,0,0,0,0,Sinkhole | Anvil Rain | Fragile Ground | Nuke,0,0,0,0,0,0,0,0,0,0,0,0,0,0,1,0,0,1,0,0,0,0,0,0,0,0,0,Sinkhole | Anvil Rain | Fragile Ground | Nuke | Stampede | Purge,0,1,0,0,0,0,0,0,0,0,0,0,0,0,0,1,0,0,0,0,0,0,0,0,0,0,0,0,2,0,0,0,0,0,0,0,0,0,0,0,0,1,1,0,1,0,0,0,0,0,0,0,0,0,,,,,,,,,,,,,,,,,,,,,,,,,,,,,,,,,,,,,,,,,,,,,,,,,,,,
6,Oil Rig,15,16,true,180,15,The Floor is Lava | Purge,7,8,0.4666666666666667,0.5333333333333333,126,7,Zombie Apocalypse,5,2,0.7142857142857143,0.2857142857142857,61,5,Stampede | Grounded,4,1,0.8,0.2,3,4,11,0.26666666666666666,5,The Floor is Lava | Purge | Zombie Apocalypse | Stampede | Grounded,false,excluding_recorder_when_alive,true,14,0,0,true,14,7,false,7,5,false,5,4,false,4,10,0.2857142857142857,disaster_chat_death_history_wave_specific_v16,false,true,0,0,2,3.9976578242930145,true,The Floor is Lava=5 | Purge=1 | Zombie Apocalypse=0 | Stampede=0 | Grounded=0 | Fall=3 | Void=0 | Misc=1 | Chats=7,3,0,1,2,0,0,1,0,1,0,0,0,The Floor is Lava | Purge,0,0,0,0,0,0,0,0,0,0,0,0,0,0,0,1,0,0,0,0,0,4,0,0,0,0,0,The Floor is Lava | Purge | Zombie Apocalypse,0,0,0,0,0,0,0,0,0,0,0,0,0,0,0,0,0,0,0,0,0,0,0,0,0,0,0,The Floor is Lava | Purge | Zombie Apocalypse | Stampede | Grounded,0,0,0,0,0,0,0,0,0,0,0,0,0,0,0,0,0,0,0,0,0,1,0,0,0,0,0,0,0,0,0,0,0,0,0,0,0,0,0,0,0,0,1,0,0,0,0,0,5,0,0,0,0,0,,,,,,,,,,,,,,,,,,,,,,,,,,,,,,,,,,,,,,,,,,,,,,,,,,,,
6,Arctic Lab,16,16,true,219,16,"Meteor Shower | Red Light, Green Light",12,4,0.75,0.25,150,12,Sinkhole | Purge,4,8,0.3333333333333333,0.6666666666666666,70,4,Zombie Apocalypse | Blackout,0,4,0.0,1.0,3,0,16,0.0,6,"Meteor Shower | Red Light, Green Light | Sinkhole | Purge | Zombie Apocalypse | Blackout",false,excluding_recorder_when_alive,true,15,0,0,true,15,11,true,11,4,false,4,0,false,0,15,0.0,disaster_chat_death_history_wave_specific_v16,false,true,0,0,0,0.058208231126653284,true,"Meteor Shower=3 | Red Light, Green Light=5 | Sinkhole=1 | Purge=2 | Zombie Apocalypse=2 | Blackout=0 | Fall=1 | Void=1 | Misc=0 | Chats=15",1,1,0,1,1,0,0,0,0,0,0,0,"Meteor Shower | Red Light, Green Light",0,0,0,0,0,0,0,0,0,0,0,0,0,1,0,0,1,0,0,0,0,0,0,0,0,0,0,"Meteor Shower | Red Light, Green Light | Sinkhole | Purge",0,0,0,0,0,0,0,0,0,0,0,0,0,2,0,2,3,0,0,0,0,0,0,0,0,0,0,"Meteor Shower | Red Light, Green Light | Sinkhole | Purge | Zombie Apocalypse | Blackout",0,0,0,0,0,0,0,0,0,0,0,0,0,0,0,0,1,1,0,0,0,0,0,0,0,0,2,0,0,0,0,0,0,0,0,0,0,0,0,0,3,0,2,5,1,0,0,0,0,0,0,0,0,2,,,,,,,,,,,,,,,,,,,,,,,,,,,,,,,,,,,,,,,,,,,,,,,,,,,,
6,Spaceship,16,16,true,183,16,Meteor Shower,13,3,0.8125,0.1875,127,13,Withers | Grounded,9,4,0.6923076923076923,0.3076923076923077,68,9,Acid Rain | Purge,1,8,0.1111111111111111,0.8888888888888888,3,1,15,0.0625,5,Meteor Shower | Withers | Grounded | Acid Rain | Purge,false,excluding_recorder_when_alive,true,15,0,0,true,15,12,true,12,9,false,9,1,false,1,14,0.06666666666666667,disaster_chat_death_history_wave_specific_v16,false,true,6,3,2,2.288267067003536,true,Meteor Shower=5 | Withers=3 | Grounded=0 | Acid Rain=0 | Purge=1 | Fall=0 | Void=4 | Misc=1 | Chats=13,0,4,1,0,1,1,0,0,0,0,3,0,Meteor Shower,0,0,0,0,0,0,0,0,0,0,0,0,0,1,0,0,0,0,0,0,0,0,0,0,0,0,0,Meteor Shower | Withers | Grounded,0,0,0,0,0,0,0,0,0,0,0,0,0,1,0,0,0,0,0,0,0,0,0,0,0,2,0,Meteor Shower | Withers | Grounded | Acid Rain | Purge,0,0,0,0,0,0,0,0,0,0,0,0,0,3,0,1,0,0,0,0,0,0,0,0,0,1,0,0,0,0,0,0,0,0,0,0,0,0,0,0,5,0,1,0,0,0,0,0,0,0,0,0,3,0,,,,,,,,,,,,,,,,,,,,,,,,,,,,,,,,,,,,,,,,,,,,,,,,,,,,
6,Paradise,15,16,true,197,15,TNT Rain | Disco,15,0,1.0,0.0,142,15,Dragons | Hot Potato,11,4,0.7333333333333333,0.26666666666666666,73,11,Tornado,7,4,0.6363636363636364,0.36363636363636365,3,7,8,0.4666666666666667,5,TNT Rain | Disco | Dragons | Hot Potato | Tornado,false,excluding_recorder_when_alive,true,14,0,0,true,14,14,true,14,11,false,11,7,false,7,7,0.5,disaster_chat_death_history_wave_specific_v16,false,true,6,8,8,0.8725121560747862,true,TNT Rain=1 | Disco=0 | Dragons=1 | Hot Potato=1 | Tornado=0 | Fall=3 | Void=1 | Misc=0 | Chats=10,3,1,0,0,0,0,1,0,0,2,1,0,TNT Rain | Disco,0,0,0,0,0,0,0,0,0,0,0,0,0,0,0,0,0,0,0,0,0,0,0,0,0,0,0,TNT Rain | Disco | Dragons | Hot Potato,0,0,0,0,0,0,0,0,0,0,1,0,0,0,0,0,0,0,0,0,0,0,1,0,0,0,0,TNT Rain | Disco | Dragons | Hot Potato | Tornado,0,0,0,0,0,1,0,0,0,0,0,0,0,0,0,0,0,0,0,0,0,0,0,0,0,0,0,0,0,0,0,0,1,0,0,0,0,1,0,0,0,0,0,0,0,0,0,0,0,1,0,0,0,0,,,,,,,,,,,,,,,,,,,,,,,,,,,,,,,,,,,,,,,,,,,,,,,,,,,,
6,Cruise Ship,16,16,true,216,16,TNT Rain | Werewolf,12,4,0.75,0.25,145,12,Stampede | Purge,7,5,0.5833333333333334,0.4166666666666667,78,7,Lightning | Nuke,2,5,0.2857142857142857,0.7142857142857143,3,2,14,0.125,6,TNT Rain | Werewolf | Stampede | Purge | Lightning | Nuke,false,excluding_recorder_when_alive,true,15,0,1,true,14,10,true,10,6,false,6,2,false,2,13,0.13333333333333333,disaster_chat_death_history_wave_specific_v16,false,true,4,2,3,1.0575824304597,true,TNT Rain=2 | Werewolf=4 | Stampede=3 | Purge=0 | Lightning=0 | Nuke=1 | Fall=3 | Void=1 | Misc=0 | Chats=19,3,1,0,2,0,0,0,0,0,1,1,0,TNT Rain | Werewolf,0,0,0,0,0,0,0,0,0,0,0,0,0,0,0,0,0,0,0,0,0,0,1,0,2,0,0,TNT Rain | Werewolf | Stampede | Purge,0,0,0,0,0,0,0,0,0,0,0,0,0,0,0,0,0,0,0,2,0,0,0,0,2,0,0,TNT Rain | Werewolf | Stampede | Purge | Lightning | Nuke,0,0,0,0,0,0,0,0,0,0,0,0,0,0,1,0,0,0,0,1,0,0,1,0,0,0,0,0,0,0,0,0,0,0,0,0,0,0,0,0,0,1,0,0,0,0,3,0,0,2,0,4,0,0,,,,,,,,,,,,,,,,,,,,,,,,,,,,,,,,,,,,,,,,,,,,,,,,,,,,
6,Cruise Ship,16,16,true,180,16,Sinkhole,16,0,1.0,0.0,116,16,"Lightning | Red Light, Green Light",8,8,0.5,0.5,58,8,Stampede | Bat Swarm,3,5,0.375,0.625,3,3,13,0.1875,5,"Sinkhole | Lightning | Red Light, Green Light | Stampede | Bat Swarm",false,excluding_recorder_when_alive,true,15,0,0,true,15,15,true,15,8,false,8,3,false,3,12,0.2,disaster_chat_death_history_wave_specific_v16,false,true,8,5,3,2.1378620051454154,true,"Sinkhole=0 | Lightning=0 | Red Light, Green Light=12 | Stampede=0 | Bat Swarm=0 | Fall=0 | Void=0 | Misc=0 | Chats=20",0,0,0,0,0,0,0,0,0,0,0,0,Sinkhole,0,0,0,0,0,0,0,0,0,0,0,0,0,0,0,0,0,0,0,0,0,0,0,0,0,0,0,"Sinkhole | Lightning | Red Light, Green Light",0,0,0,0,0,0,0,0,0,0,0,0,0,0,0,0,7,0,0,0,0,0,0,0,0,0,0,"Sinkhole | Lightning | Red Light, Green Light | Stampede | Bat Swarm",0,0,0,0,0,0,0,0,0,0,0,0,0,0,0,0,5,0,0,0,0,0,0,0,0,0,0,0,0,0,0,0,0,0,0,0,0,0,0,0,0,0,0,12,0,0,0,0,0,0,0,0,0,0,,,,,,,,,,,,,,,,,,,,,,,,,,,,,,,,,,,,,,,,,,,,,,,,,,,,
6,Castle,16,16,true,215,16,Withers,16,0,1.0,0.0,147,16,Meteor Shower,12,4,0.75,0.25,78,12,Tornado | Purge,4,8,0.3333333333333333,0.6666666666666666,3,4,12,0.25,4,Withers | Meteor Shower | Tornado | Purge,false,excluding_recorder_when_alive,true,15,0,0,true,15,15,true,15,12,false,12,4,false,4,11,0.26666666666666666,disaster_chat_death_history_wave_specific_v16,false,true,6,8,7,4.566826830466547,true,Withers=2 | Meteor Shower=4 | Tornado=2 | Purge=0 | Fall=3 | Void=0 | Misc=0 | Chats=14,3,0,0,0,0,0,1,0,0,2,0,0,Withers,0,0,0,0,0,0,0,0,0,0,0,0,0,0,0,0,0,0,0,0,0,0,0,0,0,0,0,Withers | Meteor Shower,0,0,0,0,0,0,0,0,0,0,0,0,0,0,0,0,0,0,0,0,0,0,0,0,0,2,0,Withers | Meteor Shower | Tornado | Purge,0,0,0,0,0,0,0,0,0,0,0,0,0,4,0,0,0,0,0,0,0,0,0,2,0,0,0,0,0,0,0,0,0,0,0,0,0,0,0,0,4,0,0,0,0,0,0,0,0,0,2,0,2,0,,,,,,,,,,,,,,,,,,,,,,,,,,,,,,,,,,,,,,,,,,,,,,,,,,,,
6,Arctic Lab,16,16,true,230,16,Zombie Apocalypse,9,7,0.5625,0.4375,157,9,The Floor is Lava | Blackout,2,7,0.2222222222222222,0.7777777777777778,79,2,Lightning | Nuke,1,1,0.5,0.5,3,1,15,0.0625,5,Zombie Apocalypse | The Floor is Lava | Blackout | Lightning | Nuke,false,excluding_recorder_when_alive,true,15,0,0,true,15,9,false,9,2,false,2,1,false,1,14,0.06666666666666667,disaster_chat_death_history_wave_specific_v16,false,true,6,0,0,2.4005978792890486,true,Zombie Apocalypse=2 | The Floor is Lava=2 | Blackout=0 | Lightning=0 | Nuke=0 | Fall=8 | Void=0 | Misc=2 | Chats=9,8,0,2,3,0,1,4,0,1,1,0,0,Zombie Apocalypse,0,0,0,0,0,0,0,0,0,0,0,0,0,0,0,0,0,0,0,0,0,0,0,0,0,0,2,Zombie Apocalypse | The Floor is Lava | Blackout,0,0,0,0,0,0,0,0,0,0,0,0,0,0,0,0,0,0,0,0,0,2,0,0,0,0,0,Zombie Apocalypse | The Floor is Lava | Blackout | Lightning | Nuke,0,0,0,0,0,0,0,0,0,0,0,0,0,0,0,0,0,0,0,0,0,0,0,0,0,0,0,0,0,0,0,0,0,0,0,0,0,0,0,0,0,0,0,0,0,0,0,0,2,0,0,0,0,2,,,,,,,,,,,,,,,,,,,,,,,,,,,,,,,,,,,,,,,,,,,,,,,,,,,,
6,Paradise,16,16,true,186,16,TNT Rain,14,2,0.875,0.125,124,14,Sinkhole | Nuke,13,1,0.9285714285714286,0.07142857142857142,54,13,Zombie Apocalypse,8,5,0.6153846153846154,0.38461538461538464,3,8,8,0.5,4,TNT Rain | Sinkhole | Nuke | Zombie Apocalypse,false,excluding_recorder_when_alive,true,15,0,0,true,15,13,true,13,12,true,12,8,false,8,7,0.5333333333333333,disaster_chat_death_history_wave_specific_v16,false,true,7,6,6,1.518089040584893,true,TNT Rain=1 | Sinkhole=1 | Nuke=0 | Zombie Apocalypse=3 | Fall=2 | Void=0 | Misc=0 | Chats=17,2,0,0,1,0,0,1,0,0,0,0,0,TNT Rain,0,0,0,0,0,0,0,0,0,0,0,0,0,0,0,0,0,0,0,0,0,0,1,0,0,0,0,TNT Rain | Sinkhole | Nuke,0,0,0,0,0,0,0,0,0,0,0,0,0,0,0,0,0,0,0,0,0,0,0,0,0,0,0,TNT Rain | Sinkhole | Nuke | Zombie Apocalypse,0,0,0,0,0,0,0,0,0,0,0,0,0,0,0,0,0,1,0,0,0,0,0,0,0,0,3,0,0,0,0,0,0,0,0,0,0,0,0,0,0,0,0,0,1,0,0,0,0,1,0,0,0,3,,,,,,,,,,,,,,,,,,,,,,,,,,,,,,,,,,,,,,,,,,,,,,,,,,,,
6,Cruise Ship,16,16,true,201,16,Lightning,16,0,1.0,0.0,136,16,"Stampede | Red Light, Green Light",6,10,0.375,0.625,57,6,Withers | Purge,3,3,0.5,0.5,3,3,13,0.1875,5,"Lightning | Stampede | Red Light, Green Light | Withers | Purge",false,excluding_recorder_when_alive,true,15,0,0,true,15,15,true,15,6,false,6,3,false,3,12,0.2,disaster_chat_death_history_wave_specific_v16,false,true,8,1,0,4.128733500055826,true,"Lightning=0 | Stampede=1 | Red Light, Green Light=7 | Withers=1 | Purge=0 | Fall=2 | Void=0 | Misc=1 | Chats=17",2,0,1,0,0,0,1,0,1,1,0,0,Lightning,0,0,0,0,0,0,0,0,0,0,0,0,0,0,0,0,0,0,0,0,0,0,0,0,0,0,0,"Lightning | Stampede | Red Light, Green Light",0,0,0,0,0,0,0,0,0,0,0,0,0,0,0,0,6,0,0,1,0,0,0,0,0,0,0,"Lightning | Stampede | Red Light, Green Light | Withers | Purge",0,0,0,0,0,0,0,0,0,0,0,0,0,0,0,0,1,0,0,0,0,0,0,0,0,1,0,0,0,0,0,0,0,0,0,0,0,0,0,0,0,0,0,7,0,0,1,0,0,0,0,0,1,0,,,,,,,,,,,,,,,,,,,,,,,,,,,,,,,,,,,,,,,,,,,,,,,,,,,,
6,Monorail,16,16,true,198,16,Dragons | Half Health,9,7,0.5625,0.4375,128,9,Meteor Shower | Blackout,6,3,0.6666666666666666,0.3333333333333333,77,6,Lightning,2,4,0.3333333333333333,0.6666666666666666,3,2,14,0.125,5,Dragons | Half Health | Meteor Shower | Blackout | Lightning,false,excluding_recorder_when_alive,true,15,0,0,true,15,8,true,8,6,false,6,2,false,2,13,0.13333333333333333,disaster_chat_death_history_wave_specific_v16,false,true,7,1,3,2.2864342738884535,true,Dragons=3 | Half Health=0 | Meteor Shower=3 | Blackout=0 | Lightning=1 | Fall=2 | Void=3 | Misc=1 | Chats=14,2,3,1,2,3,0,0,0,0,0,0,1,Dragons | Half Health,0,0,0,0,0,2,0,0,0,0,0,0,0,0,0,0,0,0,0,0,0,0,0,0,0,0,0,Dragons | Half Health | Meteor Shower | Blackout,0,0,0,0,0,1,0,0,0,0,0,0,0,1,0,0,0,0,0,0,0,0,0,0,0,0,0,Dragons | Half Health | Meteor Shower | Blackout | Lightning,0,0,0,0,0,0,0,0,0,0,0,0,1,2,0,0,0,0,0,0,0,0,0,0,0,0,0,0,0,0,0,0,3,0,0,0,0,0,0,1,3,0,0,0,0,0,0,0,0,0,0,0,0,0,,,,,,,,,,,,,,,,,,,,,,,,,,,,,,,,,,,,,,,,,,,,,,,,,,,,
6,Paradise,15,16,true,200,15,Zombie Apocalypse | Nuke,11,4,0.7333333333333333,0.26666666666666666,145,11,Meteor Shower | Anvil Rain,9,2,0.8181818181818182,0.18181818181818182,76,9,Fragile Ground | Hypixel Says,4,5,0.4444444444444444,0.5555555555555556,3,4,11,0.26666666666666666,6,Zombie Apocalypse | Nuke | Meteor Shower | Anvil Rain | Fragile Ground | Hypixel Says,false,excluding_recorder_when_alive,true,14,0,0,true,14,11,false,11,9,false,9,4,false,4,10,0.2857142857142857,disaster_chat_death_history_wave_specific_v16,false,true,5,5,7,2.274413123306087,true,Zombie Apocalypse=4 | Nuke=0 | Meteor Shower=2 | Anvil Rain=0 | Fragile Ground=0 | Hypixel Says=0 | Fall=4 | Void=0 | Misc=0 | Chats=11,4,0,0,0,0,0,1,0,0,3,0,0,Zombie Apocalypse | Nuke,0,0,0,0,0,0,0,0,0,0,0,0,0,0,0,0,0,0,0,0,0,0,0,0,0,0,3,Zombie Apocalypse | Nuke | Meteor Shower | Anvil Rain,0,0,0,0,0,0,0,0,0,0,0,0,0,0,0,0,0,0,0,0,0,0,0,0,0,0,1,Zombie Apocalypse | Nuke | Meteor Shower | Anvil Rain | Fragile Ground | Hypixel Says,0,0,0,0,0,0,0,0,0,0,0,0,0,2,0,0,0,0,0,0,0,0,0,0,0,0,0,0,0,0,0,0,0,0,0,0,0,0,0,0,2,0,0,0,0,0,0,0,0,0,0,0,0,4,,,,,,,,,,,,,,,,,,,,,,,,,,,,,,,,,,,,,,,,,,,,,,,,,,,,
6,Arctic Lab,16,16,true,184,16,Zombie Apocalypse | Grounded,11,5,0.6875,0.3125,114,11,Fragile Ground | Blackout,7,4,0.6363636363636364,0.36363636363636365,62,7,Withers | Purge,3,4,0.42857142857142855,0.5714285714285714,3,3,13,0.1875,6,Zombie Apocalypse | Grounded | Fragile Ground | Blackout | Withers | Purge,false,excluding_recorder_when_alive,true,15,0,0,true,15,11,false,11,7,false,7,3,false,3,12,0.2,disaster_chat_death_history_wave_specific_v16,false,true,6,7,4,2.5190648785892407,true,Zombie Apocalypse=6 | Grounded=0 | Fragile Ground=0 | Blackout=0 | Withers=0 | Purge=0 | Fall=3 | Void=3 | Misc=0 | Chats=16,3,3,0,1,1,0,1,1,0,1,1,0,Zombie Apocalypse | Grounded,0,0,0,0,0,0,0,0,0,0,0,0,0,0,0,0,0,0,0,0,0,0,0,0,0,0,2,Zombie Apocalypse | Grounded | Fragile Ground | Blackout,0,0,0,0,0,0,0,0,0,0,0,0,0,0,0,0,0,0,0,0,0,0,0,0,0,0,2,Zombie Apocalypse | Grounded | Fragile Ground | Blackout | Withers | Purge,0,0,0,0,0,0,0,0,0,0,0,0,0,0,0,0,0,0,0,0,0,0,0,0,0,0,2,0,0,0,0,0,0,0,0,0,0,0,0,0,0,0,0,0,0,0,0,0,0,0,0,0,0,6,,,,,,,,,,,,,,,,,,,,,,,,,,,,,,,,,,,,,,,,,,,,,,,,,,,,
6,Cruise Ship,16,16,true,195,16,Tornado | Swappage,15,1,0.9375,0.0625,137,15,Meteor Shower | Half Health,12,3,0.8,0.2,57,12,Sinkhole | Blackout,9,3,0.75,0.25,3,9,7,0.5625,6,Tornado | Swappage | Meteor Shower | Half Health | Sinkhole | Blackout,false,excluding_recorder_when_alive,true,15,0,0,true,15,14,true,14,11,true,11,8,true,8,7,0.5333333333333333,disaster_chat_death_history_wave_specific_v16,false,true,5,7,8,1.1636358919204366,true,Tornado=1 | Swappage=0 | Meteor Shower=0 | Half Health=0 | Sinkhole=1 | Blackout=0 | Fall=3 | Void=2 | Misc=0 | Chats=14,3,2,0,0,1,0,2,1,0,1,0,0,Tornado | Swappage,0,0,0,0,0,0,0,0,0,0,0,0,0,0,0,0,0,0,0,0,0,0,0,0,0,0,0,Tornado | Swappage | Meteor Shower | Half Health,0,0,0,0,0,0,0,0,0,0,0,0,0,0,0,0,0,0,0,0,0,0,0,0,0,0,0,Tornado | Swappage | Meteor Shower | Half Health | Sinkhole | Blackout,0,0,0,0,0,0,0,0,0,0,0,0,0,0,0,0,0,1,0,0,0,0,0,1,0,0,0,0,0,0,0,0,0,0,0,0,0,0,0,0,0,0,0,0,1,0,0,0,0,0,1,0,0,0,,,,,,,,,,,,,,,,,,,,,,,,,,,,,,,,,,,,,,,,,,,,,,,,,,,,
6,Arctic Lab,16,16,true,188,16,Dragons | Nuke,15,1,0.9375,0.0625,132,15,Fragile Ground | Werewolf,13,2,0.8666666666666667,0.13333333333333333,71,13,Acid Rain | Anvil Rain,7,6,0.5384615384615384,0.46153846153846156,3,7,9,0.4375,6,Dragons | Nuke | Fragile Ground | Werewolf | Acid Rain | Anvil Rain,false,excluding_recorder_when_alive,true,15,0,0,true,15,13,true,13,12,true,12,6,true,6,9,0.4,disaster_chat_death_history_wave_specific_v16,false,true,6,6,9,2.053834257112777,true,Dragons=2 | Nuke=0 | Fragile Ground=0 | Werewolf=2 | Acid Rain=3 | Anvil Rain=0 | Fall=1 | Void=1 | Misc=1 | Chats=15,1,1,1,1,0,1,0,0,0,0,1,0,Dragons | Nuke,0,0,0,0,0,0,0,0,0,0,0,0,0,0,0,0,0,0,0,0,0,0,0,0,0,0,0,Dragons | Nuke | Fragile Ground | Werewolf,0,0,0,0,0,0,0,0,0,0,0,0,0,0,0,0,0,0,0,0,0,0,0,0,2,0,0,Dragons | Nuke | Fragile Ground | Werewolf | Acid Rain | Anvil Rain,3,0,0,0,0,2,0,0,0,0,0,0,0,0,0,0,0,0,0,0,0,0,0,0,0,0,0,3,0,0,0,0,2,0,0,0,0,0,0,0,0,0,0,0,0,0,0,0,0,0,0,2,0,0,,,,,,,,,,,,,,,,,,,,,,,,,,,,,,,,,,,,,,,,,,,,,,,,,,,,
6,Arctic Lab,16,16,true,193,16,Meteor Shower | Swappage,12,4,0.75,0.25,119,12,Zombie Apocalypse | Hypixel Says,4,8,0.3333333333333333,0.6666666666666666,57,4,Dragons,2,2,0.5,0.5,3,2,14,0.125,5,Meteor Shower | Swappage | Zombie Apocalypse | Hypixel Says | Dragons,false,excluding_recorder_when_alive,true,15,0,0,true,15,12,false,12,4,false,4,2,false,2,13,0.13333333333333333,exact_history_avg_deaths_v3,false,true,6,2,1,1.398741105637658,true,Meteor Shower=5 | Swappage=0 | Zombie Apocalypse=1 | Hypixel Says=1 | Dragons=0 | Fall=3 | Void=0 | Misc=3 | Chats=12,3,0,3,1,0,1,2,0,2,0,0,0,Meteor Shower | Swappage,0,0,0,0,0,0,0,0,0,0,0,0,0,1,0,0,0,0,0,0,0,0,0,0,0,0,0,Meteor Shower | Swappage | Zombie Apocalypse | Hypixel Says,0,0,0,0,0,0,0,0,0,0,0,1,0,3,0,0,0,0,0,0,0,0,0,0,0,0,0,Meteor Shower | Swappage | Zombie Apocalypse | Hypixel Says | Dragons,0,0,0,0,0,0,0,0,0,0,0,0,0,1,0,0,0,0,0,0,0,0,0,0,0,0,1,0,0,0,0,0,0,0,0,0,0,0,1,0,5,0,0,0,0,0,0,0,0,0,0,0,0,1,,,,,,,,,,,,,,,,,,,,,,,,,,,,,,,,,,,,,,,,,,,,,,,,,,,,
6,Library,16,16,true,209,16,Sinkhole | Half Health,14,2,0.875,0.125,140,14,Acid Rain | Blackout,9,5,0.6428571428571429,0.35714285714285715,74,9,Fragile Ground,6,3,0.6666666666666666,0.3333333333333333,3,6,10,0.375,5,Sinkhole | Half Health | Acid Rain | Blackout | Fragile Ground,false,excluding_recorder_when_alive,true,15,0,0,true,15,13,true,13,8,true,8,5,true,5,10,0.3333333333333333,disaster_chat_death_history_wave_specific_v16,false,true,8,8,6,2.3392100481706173,true,Sinkhole=0 | Half Health=0 | Acid Rain=5 | Blackout=0 | Fragile Ground=0 | Fall=3 | Void=1 | Misc=1 | Chats=17,3,1,1,1,0,1,1,0,0,1,1,0,Sinkhole | Half Health,0,0,0,0,0,0,0,0,0,0,0,0,0,0,0,0,0,0,0,0,0,0,0,0,0,0,0,Sinkhole | Half Health | Acid Rain | Blackout,4,0,0,0,0,0,0,0,0,0,0,0,0,0,0,0,0,0,0,0,0,0,0,0,0,0,0,Sinkhole | Half Health | Acid Rain | Blackout | Fragile Ground,1,0,0,0,0,0,0,0,0,0,0,0,0,0,0,0,0,0,0,0,0,0,0,0,0,0,0,5,0,0,0,0,0,0,0,0,0,0,0,0,0,0,0,0,0,0,0,0,0,0,0,0,0,0,,,,,,,,,,,,,,,,,,,,,,,,,,,,,,,,,,,,,,,,,,,,,,,,,,,,
6,Melon Mall,16,16,true,190,16,Lightning,14,2,0.875,0.125,133,14,"Acid Rain | Red Light, Green Light",10,4,0.7142857142857143,0.2857142857142857,67,10,Withers,6,4,0.6,0.4,3,6,10,0.375,4,"Lightning | Acid Rain | Red Light, Green Light | Withers",false,excluding_recorder_when_alive,true,15,0,0,true,15,14,false,14,10,false,10,6,false,6,9,0.4,disaster_chat_death_history_wave_specific_v16,false,true,8,1,5,3.9224619706529915,true,"Lightning=0 | Acid Rain=5 | Red Light, Green Light=1 | Withers=2 | Fall=0 | Void=0 | Misc=1 | Chats=17",0,0,1,0,0,1,0,0,0,0,0,0,Lightning,0,0,0,0,0,0,0,0,0,0,0,0,0,0,0,0,0,0,0,0,0,0,0,0,0,0,0,"Lightning | Acid Rain | Red Light, Green Light",3,0,0,0,0,0,0,0,0,0,0,0,0,0,0,0,1,0,0,0,0,0,0,0,0,0,0,"Lightning | Acid Rain | Red Light, Green Light | Withers",2,0,0,0,0,0,0,0,0,0,0,0,0,0,0,0,0,0,0,0,0,0,0,0,0,2,0,5,0,0,0,0,0,0,0,0,0,0,0,0,0,0,0,1,0,0,0,0,0,0,0,0,2,0,,,,,,,,,,,,,,,,,,,,,,,,,,,,,,,,,,,,,,,,,,,,,,,,,,,,
6,Oil Rig,15,16,true,184,15,Stampede | Werewolf,8,7,0.5333333333333333,0.4666666666666667,117,8,Fragile Ground | Swappage,5,3,0.625,0.375,61,5,Meteor Shower | Hypixel Says,2,3,0.4,0.6,3,2,13,0.13333333333333333,6,Stampede | Werewolf | Fragile Ground | Swappage | Meteor Shower | Hypixel Says,false,excluding_recorder_when_alive,true,14,0,1,true,13,7,false,7,4,false,4,1,false,1,13,0.07142857142857142,disaster_chat_death_history_wave_specific_v16,false,true,1,1,1,0.07197804951079714,true,Stampede=1 | Werewolf=6 | Fragile Ground=0 | Swappage=0 | Meteor Shower=0 | Hypixel Says=0 | Fall=3 | Void=1 | Misc=1 | Chats=13,3,1,1,1,0,1,2,1,0,0,0,0,Stampede | Werewolf,0,0,0,0,0,0,0,0,0,0,0,0,0,0,0,0,0,0,0,1,0,0,0,0,3,0,0,Stampede | Werewolf | Fragile Ground | Swappage,0,0,0,0,0,0,0,0,0,0,0,0,0,0,0,0,0,0,0,0,0,0,0,0,0,0,0,Stampede | Werewolf | Fragile Ground | Swappage | Meteor Shower | Hypixel Says,0,0,0,0,0,0,0,0,0,0,0,0,0,0,0,0,0,0,0,0,0,0,0,0,3,0,0,0,0,0,0,0,0,0,0,0,0,0,0,0,0,0,0,0,0,0,1,0,0,0,0,6,0,0,,,,,,,,,,,,,,,,,,,,,,,,,,,,,,,,,,,,,,,,,,,,,,,,,,,,
6,Monorail,15,16,true,202,15,Dragons | Hot Potato,9,6,0.6,0.4,131,9,Sinkhole | Blackout,7,2,0.7777777777777778,0.2222222222222222,72,7,Acid Rain | Swappage,5,2,0.7142857142857143,0.2857142857142857,3,5,10,0.3333333333333333,6,Dragons | Hot Potato | Sinkhole | Blackout | Acid Rain | Swappage,false,excluding_recorder_when_alive,true,14,0,0,true,14,8,true,8,6,true,6,4,true,4,10,0.2857142857142857,disaster_chat_death_history_wave_specific_v16,false,true,5,2,3,1.4814807427915768,true,Dragons=2 | Hot Potato=0 | Sinkhole=1 | Blackout=0 | Acid Rain=0 | Swappage=0 | Fall=1 | Void=4 | Misc=2 | Chats=18,1,4,2,0,3,2,0,1,0,1,0,0,Dragons | Hot Potato,0,0,0,0,0,1,0,0,0,0,0,0,0,0,0,0,0,0,0,0,0,0,0,0,0,0,0,Dragons | Hot Potato | Sinkhole | Blackout,0,0,0,0,0,0,0,0,0,0,0,0,0,0,0,0,0,1,0,0,0,0,0,0,0,0,0,Dragons | Hot Potato | Sinkhole | Blackout | Acid Rain | Swappage,0,0,0,0,0,1,0,0,0,0,0,0,0,0,0,0,0,0,0,0,0,0,0,0,0,0,0,0,0,0,0,0,2,0,0,0,0,0,0,0,0,0,0,0,1,0,0,0,0,0,0,0,0,0,,,,,,,,,,,,,,,,,,,,,,,,,,,,,,,,,,,,,,,,,,,,,,,,,,,,
6,Paradise,15,16,true,202,15,Zombie Apocalypse | Anvil Rain,13,2,0.8666666666666667,0.13333333333333333,131,13,The Floor is Lava | Bat Swarm,3,10,0.23076923076923078,0.7692307692307693,51,3,Sinkhole | Half Health,2,1,0.6666666666666666,0.3333333333333333,3,2,13,0.13333333333333333,6,Zombie Apocalypse | Anvil Rain | The Floor is Lava | Bat Swarm | Sinkhole | Half Health,false,excluding_recorder_when_alive,true,14,0,0,true,14,12,true,12,3,false,3,2,false,2,12,0.14285714285714285,disaster_chat_death_history_wave_specific_v16,false,true,3,1,0,1.6779678639246065,true,Zombie Apocalypse=3 | Anvil Rain=0 | The Floor is Lava=5 | Bat Swarm=1 | Sinkhole=0 | Half Health=0 | Fall=2 | Void=1 | Misc=0 | Chats=17,2,1,0,0,0,0,2,1,0,0,0,0,Zombie Apocalypse | Anvil Rain,0,0,0,0,0,0,0,0,0,0,0,0,0,0,0,0,0,0,0,0,0,0,0,0,0,0,2,Zombie Apocalypse | Anvil Rain | The Floor is Lava | Bat Swarm,0,0,1,0,0,0,0,0,0,0,0,0,0,0,0,0,0,0,0,0,0,4,0,0,0,0,1,Zombie Apocalypse | Anvil Rain | The Floor is Lava | Bat Swarm | Sinkhole | Half Health,0,0,0,0,0,0,0,0,0,0,0,0,0,0,0,0,0,0,0,0,0,1,0,0,0,0,0,0,0,1,0,0,0,0,0,0,0,0,0,0,0,0,0,0,0,0,0,0,5,0,0,0,0,3,,,,,,,,,,,,,,,,,,,,,,,,,,,,,,,,,,,,,,,,,,,,,,,,,,,,
6,Oil Rig,16,16,true,187,16,Flood | Purge,13,3,0.8125,0.1875,132,13,Zombie Apocalypse | Werewolf,9,4,0.6923076923076923,0.3076923076923077,59,9,Stampede | Half Health,7,2,0.7777777777777778,0.2222222222222222,3,7,9,0.4375,6,Flood | Purge | Zombie Apocalypse | Werewolf | Stampede | Half Health,false,excluding_recorder_when_alive,true,15,0,0,true,15,12,false,12,8,false,8,6,false,6,9,0.4,disaster_chat_death_history_wave_specific_v16,false,true,4,2,4,3.52297301946528,true,Flood=1 | Purge=1 | Zombie Apocalypse=0 | Werewolf=2 | Stampede=0 | Half Health=0 | Fall=5 | Void=0 | Misc=1 | Chats=18,5,0,1,1,0,1,3,0,0,1,0,0,Flood | Purge,0,0,0,0,0,0,0,0,0,0,0,0,0,0,0,1,0,0,0,0,0,0,0,0,0,0,0,Flood | Purge | Zombie Apocalypse | Werewolf,0,0,0,0,0,0,0,0,0,0,0,0,0,0,0,0,0,0,0,0,0,0,0,0,2,0,0,Flood | Purge | Zombie Apocalypse | Werewolf | Stampede | Half Health,0,0,0,0,0,0,1,0,0,0,0,0,0,0,0,0,0,0,0,0,0,0,0,0,0,0,0,0,0,0,0,0,0,1,0,0,0,0,0,0,0,0,1,0,0,0,0,0,0,0,0,2,0,0,,,,,,,,,,,,,,,,,,,,,,,,,,,,,,,,,,,,,,,,,,,,,,,,,,,,
6,Gondola,16,16,true,214,16,"Zombie Apocalypse | Red Light, Green Light",8,8,0.5,0.5,141,8,Dragons | Swappage,3,5,0.375,0.625,61,3,Tornado | Hypixel Says,0,3,0.0,1.0,3,0,16,0.0,6,"Zombie Apocalypse | Red Light, Green Light | Dragons | Swappage | Tornado | Hypixel Says",false,excluding_recorder_when_alive,true,15,0,0,true,15,7,true,7,3,false,3,0,false,0,15,0.0,disaster_chat_death_history_wave_specific_v16,false,true,1,0,0,0.09259887378290037,true,"Zombie Apocalypse=2 | Red Light, Green Light=11 | Dragons=0 | Swappage=0 | Tornado=0 | Hypixel Says=0 | Fall=2 | Void=0 | Misc=0 | Chats=14",2,0,0,0,0,0,2,0,0,0,0,0,"Zombie Apocalypse | Red Light, Green Light",0,0,0,0,0,0,0,0,0,0,0,0,0,0,0,0,6,0,0,0,0,0,0,0,0,0,2,"Zombie Apocalypse | Red Light, Green Light | Dragons | Swappage",0,0,0,0,0,0,0,0,0,0,0,0,0,0,0,0,2,0,0,0,0,0,0,0,0,0,0,"Zombie Apocalypse | Red Light, Green Light | Dragons | Swappage | Tornado | Hypixel Says",0,0,0,0,0,0,0,0,0,0,0,0,0,0,0,0,3,0,0,0,0,0,0,0,0,0,0,0,0,0,0,0,0,0,0,0,0,0,0,0,0,0,0,11,0,0,0,0,0,0,0,0,0,2,,,,,,,,,,,,,,,,,,,,,,,,,,,,,,,,,,,,,,,,,,,,,,,,,,,,
6,Paradise,16,16,true,197,16,Sinkhole | Disco,13,3,0.8125,0.1875,140,13,Dragons | Half Health,10,3,0.7692307692307693,0.23076923076923078,78,10,TNT Rain | Anvil Rain,5,5,0.5,0.5,3,5,11,0.3125,6,Sinkhole | Disco | Dragons | Half Health | TNT Rain | Anvil Rain,false,excluding_recorder_when_alive,true,15,0,0,true,15,12,true,12,9,true,9,5,false,5,10,0.3333333333333333,disaster_chat_death_history_wave_specific_v16,false,true,8,7,7,2.230835455532723,true,Sinkhole=0 | Disco=0 | Dragons=3 | Half Health=0 | TNT Rain=1 | Anvil Rain=0 | Fall=4 | Void=2 | Misc=0 | Chats=15,4,2,0,1,2,0,2,0,0,1,0,0,Sinkhole | Disco,0,0,0,0,0,0,0,0,0,0,0,0,0,0,0,0,0,0,0,0,0,0,0,0,0,0,0,Sinkhole | Disco | Dragons | Half Health,0,0,0,0,0,1,0,0,0,0,0,0,0,0,0,0,0,0,0,0,0,0,0,0,0,0,0,Sinkhole | Disco | Dragons | Half Health | TNT Rain | Anvil Rain,0,0,0,0,0,2,0,0,0,0,0,0,0,0,0,0,0,0,0,0,0,0,1,0,0,0,0,0,0,0,0,0,3,0,0,0,0,0,0,0,0,0,0,0,0,0,0,0,0,1,0,0,0,0,,,,,,,,,,,,,,,,,,,,,,,,,,,,,,,,,,,,,,,,,,,,,,,,,,,,
6,Arctic Lab,16,16,true,203,16,Meteor Shower,16,0,1.0,0.0,143,16,Tornado | Hot Potato,12,4,0.75,0.25,66,12,"Flood | Red Light, Green Light",1,11,0.08333333333333333,0.9166666666666666,3,1,15,0.0625,5,"Meteor Shower | Tornado | Hot Potato | Flood | Red Light, Green Light",false,excluding_recorder_when_alive,true,15,0,0,true,15,15,true,15,12,false,12,1,false,1,14,0.06666666666666667,disaster_chat_death_history_wave_specific_v16,false,true,5,5,5,6.763928495825145,true,"Meteor Shower=2 | Tornado=0 | Hot Potato=0 | Flood=2 | Red Light, Green Light=9 | Fall=0 | Void=0 | Misc=1 | Chats=20",0,0,1,0,0,0,0,0,1,0,0,0,Meteor Shower,0,0,0,0,0,0,0,0,0,0,0,0,0,0,0,0,0,0,0,0,0,0,0,0,0,0,0,Meteor Shower | Tornado | Hot Potato,0,0,0,0,0,0,0,0,0,0,0,0,0,2,0,0,0,0,0,0,0,0,0,0,0,0,0,"Meteor Shower | Tornado | Hot Potato | Flood | Red Light, Green Light",0,0,0,0,0,0,2,0,0,0,0,0,0,0,0,0,9,0,0,0,0,0,0,0,0,0,0,0,0,0,0,0,0,2,0,0,0,0,0,0,2,0,0,9,0,0,0,0,0,0,0,0,0,0,,,,,,,,,,,,,,,,,,,,,,,,,,,,,,,,,,,,,,,,,,,,,,,,,,,,
6,Gondola,16,16,true,190,16,Sinkhole | Bat Swarm,15,1,0.9375,0.0625,138,15,Tornado | Grounded,13,2,0.8666666666666667,0.13333333333333333,73,13,The Floor is Lava,6,7,0.46153846153846156,0.5384615384615384,3,6,10,0.375,5,Sinkhole | Bat Swarm | Tornado | Grounded | The Floor is Lava,false,excluding_recorder_when_alive,true,15,0,0,true,15,14,true,14,12,true,12,6,false,6,9,0.4,disaster_chat_death_history_wave_specific_v16,false,true,8,7,6,0.8471810391449485,true,Sinkhole=1 | Bat Swarm=0 | Tornado=2 | Grounded=0 | The Floor is Lava=3 | Fall=1 | Void=0 | Misc=2 | Chats=19,1,0,2,0,0,1,0,0,1,1,0,0,Sinkhole | Bat Swarm,0,0,0,0,0,0,0,0,0,0,0,0,0,0,0,0,0,0,0,0,0,0,0,0,0,0,0,Sinkhole | Bat Swarm | Tornado | Grounded,0,0,0,0,0,0,0,0,0,0,0,0,0,0,0,0,0,0,0,0,0,0,0,1,0,0,0,Sinkhole | Bat Swarm | Tornado | Grounded | The Floor is Lava,0,0,0,0,0,0,0,0,0,0,0,0,0,0,0,0,0,1,0,0,0,3,0,1,0,0,0,0,0,0,0,0,0,0,0,0,0,0,0,0,0,0,0,0,1,0,0,0,3,0,2,0,0,0,,,,,,,,,,,,,,,,,,,,,,,,,,,,,,,,,,,,,,,,,,,,,,,,,,,,
6,Library,16,16,true,225,16,Withers | Anvil Rain,15,1,0.9375,0.0625,149,15,Acid Rain | Werewolf,13,2,0.8666666666666667,0.13333333333333333,73,13,Sinkhole,9,4,0.6923076923076923,0.3076923076923077,3,9,7,0.5625,5,Withers | Anvil Rain | Acid Rain | Werewolf | Sinkhole,false,excluding_recorder_when_alive,true,15,0,0,true,15,13,true,13,11,true,11,7,true,7,8,0.4666666666666667,disaster_chat_death_history_wave_specific_v16,false,true,5,3,7,3.0340245982497946,true,Withers=0 | Anvil Rain=0 | Acid Rain=1 | Werewolf=1 | Sinkhole=3 | Fall=0 | Void=2 | Misc=2 | Chats=17,0,2,2,0,0,2,0,1,0,0,1,0,Withers | Anvil Rain,0,0,0,0,0,0,0,0,0,0,0,0,0,0,0,0,0,0,0,0,0,0,0,0,0,0,0,Withers | Anvil Rain | Acid Rain | Werewolf,1,0,0,0,0,0,0,0,0,0,0,0,0,0,0,0,0,0,0,0,0,0,0,0,1,0,0,Withers | Anvil Rain | Acid Rain | Werewolf | Sinkhole,0,0,0,0,0,0,0,0,0,0,0,0,0,0,0,0,0,3,0,0,0,0,0,0,0,0,0,1,0,0,0,0,0,0,0,0,0,0,0,0,0,0,0,0,3,0,0,0,0,0,0,1,0,0,,,,,,,,,,,,,,,,,,,,,,,,,,,,,,,,,,,,,,,,,,,,,,,,,,,,
6,Paradise,16,16,true,196,16,TNT Rain | Anvil Rain,14,2,0.875,0.125,118,14,Tornado | Bat Swarm,12,2,0.8571428571428571,0.14285714285714285,60,12,Lightning | Hypixel Says,6,6,0.5,0.5,3,6,10,0.375,6,TNT Rain | Anvil Rain | Tornado | Bat Swarm | Lightning | Hypixel Says,false,excluding_recorder_when_alive,true,15,0,0,true,15,13,true,13,11,true,11,6,false,6,9,0.4,disaster_chat_death_history_wave_specific_v16,false,true,6,5,7,0.8017433928907725,true,TNT Rain=1 | Anvil Rain=2 | Tornado=0 | Bat Swarm=0 | Lightning=0 | Hypixel Says=1 | Fall=3 | Void=1 | Misc=1 | Chats=18,3,1,1,1,0,1,0,0,0,2,1,0,TNT Rain | Anvil Rain,0,0,0,0,0,0,0,0,0,0,0,0,0,0,0,0,0,0,0,0,0,0,0,0,0,0,0,TNT Rain | Anvil Rain | Tornado | Bat Swarm,0,2,0,0,0,0,0,0,0,0,0,0,0,0,0,0,0,0,0,0,0,0,0,0,0,0,0,TNT Rain | Anvil Rain | Tornado | Bat Swarm | Lightning | Hypixel Says,0,0,0,0,0,0,0,0,0,0,0,1,0,0,0,0,0,0,0,0,0,0,1,0,0,0,0,0,2,0,0,0,0,0,0,0,0,0,1,0,0,0,0,0,0,0,0,0,0,1,0,0,0,0,,,,,,,,,,,,,,,,,,,,,,,,,,,,,,,,,,,,,,,,,,,,,,,,,,,,
6,Spaceship,16,16,true,206,16,Sinkhole | Half Health,14,2,0.875,0.125,146,14,Tornado,8,6,0.5714285714285714,0.42857142857142855,76,8,TNT Rain,3,5,0.375,0.625,3,3,13,0.1875,4,Sinkhole | Half Health | Tornado | TNT Rain,false,excluding_recorder_when_alive,true,15,0,0,true,15,13,true,13,8,false,8,3,false,3,12,0.2,disaster_chat_death_history_wave_specific_v16,false,true,8,7,5,4.9334170065930465,true,Sinkhole=3 | Half Health=0 | Tornado=3 | TNT Rain=0 | Fall=3 | Void=3 | Misc=0 | Chats=20,3,3,0,1,1,0,0,0,0,2,2,0,Sinkhole | Half Health,0,0,0,0,0,0,0,0,0,0,0,0,0,0,0,0,0,0,0,0,0,0,0,0,0,0,0,Sinkhole | Half Health | Tornado,0,0,0,0,0,0,0,0,0,0,0,0,0,0,0,0,0,3,0,0,0,0,0,2,0,0,0,Sinkhole | Half Health | Tornado | TNT Rain,0,0,0,0,0,0,0,0,0,0,0,0,0,0,0,0,0,0,0,0,0,0,0,1,0,0,0,0,0,0,0,0,0,0,0,0,0,0,0,0,0,0,0,0,3,0,0,0,0,0,3,0,0,0,,,,,,,,,,,,,,,,,,,,,,,,,,,,,,,,,,,,,,,,,,,,,,,,,,,,
6,Arctic Lab,16,16,true,215,16,Stampede,11,5,0.6875,0.3125,138,11,Zombie Apocalypse | Swappage,5,6,0.45454545454545453,0.5454545454545454,72,5,The Floor is Lava | Half Health,0,5,0.0,1.0,3,0,16,0.0,5,Stampede | Zombie Apocalypse | Swappage | The Floor is Lava | Half Health,false,excluding_recorder_when_alive,true,15,0,0,true,15,10,true,10,5,false,5,0,false,0,15,0.0,disaster_chat_death_history_wave_specific_v16,false,true,6,3,0,2.9905785843295516,true,Stampede=6 | Zombie Apocalypse=4 | Swappage=0 | The Floor is Lava=0 | Half Health=0 | Fall=2 | Void=1 | Misc=2 | Chats=30,2,1,2,0,1,1,1,0,0,1,0,1,Stampede,0,0,0,0,0,0,0,0,0,0,0,0,0,0,0,0,0,0,0,3,0,0,0,0,0,0,0,Stampede | Zombie Apocalypse | Swappage,0,0,0,0,0,0,0,0,0,0,0,0,0,0,0,0,0,0,0,2,0,0,0,0,0,0,2,Stampede | Zombie Apocalypse | Swappage | The Floor is Lava | Half Health,0,0,0,0,0,0,0,0,0,0,0,0,0,0,0,0,0,0,0,1,0,0,0,0,0,0,2,0,0,0,0,0,0,0,0,0,0,0,0,0,0,0,0,0,0,0,6,0,0,0,0,0,0,4,,,,,,,,,,,,,,,,,,,,,,,,,,,,,,,,,,,,,,,,,,,,,,,,,,,,
6,Monorail,15,16,true,209,15,TNT Rain | Blackout,12,3,0.8,0.2,134,12,Tornado | Hypixel Says,9,3,0.75,0.25,70,9,Fragile Ground | Half Health,9,0,1.0,0.0,3,9,6,0.6,6,TNT Rain | Blackout | Tornado | Hypixel Says | Fragile Ground | Half Health,false,excluding_recorder_when_alive,true,14,0,0,true,14,11,true,11,9,false,9,9,false,9,5,0.6428571428571429,disaster_chat_death_history_wave_specific_v16,false,true,6,3,6,6.8938358150343815,true,TNT Rain=0 | Blackout=0 | Tornado=2 | Hypixel Says=0 | Fragile Ground=0 | Half Health=0 | Fall=0 | Void=2 | Misc=1 | Chats=15,0,2,1,0,2,1,0,0,0,0,0,0,TNT Rain | Blackout,0,0,0,0,0,0,0,0,0,0,0,0,0,0,0,0,0,0,0,0,0,0,0,0,0,0,0,TNT Rain | Blackout | Tornado | Hypixel Says,0,0,0,0,0,0,0,0,0,0,0,0,0,0,0,0,0,0,0,0,0,0,0,2,0,0,0,TNT Rain | Blackout | Tornado | Hypixel Says | Fragile Ground | Half Health,0,0,0,0,0,0,0,0,0,0,0,0,0,0,0,0,0,0,0,0,0,0,0,0,0,0,0,0,0,0,0,0,0,0,0,0,0,0,0,0,0,0,0,0,0,0,0,0,0,0,2,0,0,0,,,,,,,,,,,,,,,,,,,,,,,,,,,,,,,,,,,,,,,,,,,,,,,,,,,,
6,Cruise Ship,14,16,true,215,14,Stampede | Half Health,12,2,0.8571428571428571,0.14285714285714285,150,12,The Floor is Lava | Anvil Rain,7,5,0.5833333333333334,0.4166666666666667,72,7,Sinkhole | Purge,2,5,0.2857142857142857,0.7142857142857143,3,2,12,0.14285714285714285,6,Stampede | Half Health | The Floor is Lava | Anvil Rain | Sinkhole | Purge,false,excluding_recorder_when_alive,true,13,0,0,true,13,11,true,11,7,false,7,2,false,2,11,0.15384615384615385,exact_history_avg_deaths_v3,false,true,2,0,2,0.8844463083761692,true,Stampede=2 | Half Health=0 | The Floor is Lava=2 | Anvil Rain=0 | Sinkhole=1 | Purge=2 | Fall=2 | Void=1 | Misc=1 | Chats=22,2,1,1,1,0,1,0,0,0,1,1,0,Stampede | Half Health,0,0,0,0,0,0,0,0,0,0,0,0,0,0,0,0,0,0,0,0,0,0,0,0,0,0,0,Stampede | Half Health | The Floor is Lava | Anvil Rain,0,0,0,0,0,0,0,0,0,0,0,0,0,0,0,0,0,0,0,2,0,2,0,0,0,0,0,Stampede | Half Health | The Floor is Lava | Anvil Rain | Sinkhole | Purge,0,0,0,0,0,0,0,0,0,0,0,0,0,0,0,2,0,1,0,0,0,0,0,0,0,0,0,0,0,0,0,0,0,0,0,0,0,0,0,0,0,0,2,0,1,0,2,0,2,0,0,0,0,0,,,,,,,,,,,,,,,,,,,,,,,,,,,,,,,,,,,,,,,,,,,,,,,,,,,,
6,Paradise,16,16,true,186,16,Dragons,14,2,0.875,0.125,116,14,Meteor Shower,12,2,0.8571428571428571,0.14285714285714285,58,12,Sinkhole | Hot Potato,6,6,0.5,0.5,3,6,10,0.375,4,Dragons | Meteor Shower | Sinkhole | Hot Potato,false,excluding_recorder_when_alive,true,15,0,0,true,15,13,true,13,12,false,12,6,false,6,9,0.4,disaster_chat_death_history_wave_specific_v16,false,true,6,7,9,2.229373909602276,true,Dragons=0 | Meteor Shower=4 | Sinkhole=2 | Hot Potato=0 | Fall=1 | Void=2 | Misc=0 | Chats=13,1,2,0,0,2,0,0,0,0,1,0,0,Dragons,0,0,0,0,0,0,0,0,0,0,0,0,0,0,0,0,0,0,0,0,0,0,0,0,0,0,0,Dragons | Meteor Shower,0,0,0,0,0,0,0,0,0,0,0,0,0,1,0,0,0,0,0,0,0,0,0,0,0,0,0,Dragons | Meteor Shower | Sinkhole | Hot Potato,0,0,0,0,0,0,0,0,0,0,0,0,0,3,0,0,0,2,0,0,0,0,0,0,0,0,0,0,0,0,0,0,0,0,0,0,0,0,0,0,4,0,0,0,2,0,0,0,0,0,0,0,0,0,,,,,,,,,,,,,,,,,,,,,,,,,,,,,,,,,,,,,,,,,,,,,,,,,,,,
6,Library,16,16,true,203,16,Zombie Apocalypse | Bat Swarm,9,7,0.5625,0.4375,126,9,Dragons | Disco,4,5,0.4444444444444444,0.5555555555555556,62,4,Tornado | Blackout,0,4,0.0,1.0,3,0,16,0.0,6,Zombie Apocalypse | Bat Swarm | Dragons | Disco | Tornado | Blackout,false,excluding_recorder_when_alive,true,15,0,0,true,15,9,false,9,4,false,4,0,false,0,15,0.0,disaster_chat_death_history_wave_specific_v16,false,true,5,3,0,3.2014268544831794,true,Zombie Apocalypse=5 | Bat Swarm=2 | Dragons=0 | Disco=0 | Tornado=2 | Blackout=0 | Fall=4 | Void=1 | Misc=1 | Chats=24,4,1,1,2,0,1,2,1,0,0,0,0,Zombie Apocalypse | Bat Swarm,0,0,0,0,0,0,0,0,0,0,0,0,0,0,0,0,0,0,0,0,0,0,0,0,0,0,3,Zombie Apocalypse | Bat Swarm | Dragons | Disco,0,0,1,0,0,0,0,0,0,0,0,0,0,0,0,0,0,0,0,0,0,0,0,0,0,0,1,Zombie Apocalypse | Bat Swarm | Dragons | Disco | Tornado | Blackout,0,0,1,0,0,0,0,0,0,0,0,0,0,0,0,0,0,0,0,0,0,0,0,2,0,0,1,0,0,2,0,0,0,0,0,0,0,0,0,0,0,0,0,0,0,0,0,0,0,0,2,0,0,5,,,,,,,,,,,,,,,,,,,,,,,,,,,,,,,,,,,,,,,,,,,,,,,,,,,,
6,Library,16,16,true,217,16,Meteor Shower | Disco,14,2,0.875,0.125,141,14,Sinkhole | Hot Potato,9,5,0.6428571428571429,0.35714285714285715,69,9,Withers | Grounded,5,4,0.5555555555555556,0.4444444444444444,3,5,11,0.3125,6,Meteor Shower | Disco | Sinkhole | Hot Potato | Withers | Grounded,false,excluding_recorder_when_alive,true,15,0,0,true,15,13,true,13,8,true,8,4,true,4,11,0.26666666666666666,disaster_chat_death_history_wave_specific_v16,false,true,5,5,5,1.0099059551102738,true,Meteor Shower=2 | Disco=0 | Sinkhole=1 | Hot Potato=1 | Withers=2 | Grounded=0 | Fall=2 | Void=2 | Misc=1 | Chats=15,2,2,1,2,0,0,0,2,1,0,0,0,Meteor Shower | Disco,0,0,0,0,0,0,0,0,0,0,0,0,0,0,0,0,0,0,0,0,0,0,0,0,0,0,0,Meteor Shower | Disco | Sinkhole | Hot Potato,0,0,0,0,0,0,0,0,0,0,1,0,0,1,0,0,0,0,0,0,0,0,0,0,0,0,0,Meteor Shower | Disco | Sinkhole | Hot Potato | Withers | Grounded,0,0,0,0,0,0,0,0,0,0,0,0,0,1,0,0,0,1,0,0,0,0,0,0,0,2,0,0,0,0,0,0,0,0,0,0,0,1,0,0,2,0,0,0,1,0,0,0,0,0,0,0,2,0,,,,,,,,,,,,,,,,,,,,,,,,,,,,,,,,,,,,,,,,,,,,,,,,,,,,
6,Spaceship,16,16,true,198,16,TNT Rain | Bat Swarm,10,6,0.625,0.375,123,10,Dragons | Disco,7,3,0.7,0.3,60,7,Stampede | Purge,1,6,0.14285714285714285,0.8571428571428571,3,1,15,0.0625,6,TNT Rain | Bat Swarm | Dragons | Disco | Stampede | Purge,false,excluding_recorder_when_alive,true,15,0,0,true,15,9,true,9,6,true,6,1,false,1,14,0.06666666666666667,disaster_chat_death_history_wave_specific_v16,false,true,7,3,1,2.3311294186954066,true,TNT Rain=0 | Bat Swarm=2 | Dragons=3 | Disco=0 | Stampede=2 | Purge=0 | Fall=2 | Void=6 | Misc=0 | Chats=27,2,6,0,1,4,0,0,2,0,1,0,0,TNT Rain | Bat Swarm,0,0,1,0,0,0,0,0,0,0,0,0,0,0,0,0,0,0,0,0,0,0,0,0,0,0,0,TNT Rain | Bat Swarm | Dragons | Disco,0,0,1,0,0,0,0,0,0,0,0,0,0,0,0,0,0,0,0,0,0,0,0,0,0,0,0,TNT Rain | Bat Swarm | Dragons | Disco | Stampede | Purge,0,0,0,0,0,3,0,0,0,0,0,0,0,0,0,0,0,0,0,2,0,0,0,0,0,0,0,0,0,2,0,0,3,0,0,0,0,0,0,0,0,0,0,0,0,0,2,0,0,0,0,0,0,0,,,,,,,,,,,,,,,,,,,,,,,,,,,,,,,,,,,,,,,,,,,,,,,,,,,,
6,Monorail,14,16,true,210,14,Lightning | Hypixel Says,10,4,0.7142857142857143,0.2857142857142857,139,10,Stampede | Werewolf,8,2,0.8,0.2,77,8,Fragile Ground | Grounded,2,6,0.25,0.75,3,2,12,0.14285714285714285,6,Lightning | Hypixel Says | Stampede | Werewolf | Fragile Ground | Grounded,false,excluding_recorder_when_alive,true,13,0,0,true,13,9,false,9,7,false,7,1,false,1,12,0.07692307692307693,disaster_chat_death_history_wave_specific_v16,false,true,5,1,5,5.9087640434403985,true,Lightning=1 | Hypixel Says=0 | Stampede=0 | Werewolf=4 | Fragile Ground=0 | Grounded=0 | Fall=4 | Void=2 | Misc=1 | Chats=12,4,2,1,2,1,1,0,0,0,2,1,0,Lightning | Hypixel Says,0,0,0,0,0,0,0,0,0,0,0,0,0,0,0,0,0,0,0,0,0,0,0,0,0,0,0,Lightning | Hypixel Says | Stampede | Werewolf,0,0,0,0,0,0,0,0,0,0,0,0,0,0,0,0,0,0,0,0,0,0,0,0,2,0,0,Lightning | Hypixel Says | Stampede | Werewolf | Fragile Ground | Grounded,0,0,0,0,0,0,0,0,0,0,0,0,1,0,0,0,0,0,0,0,0,0,0,0,2,0,0,0,0,0,0,0,0,0,0,0,0,0,0,1,0,0,0,0,0,0,0,0,0,0,0,4,0,0,,,,,,,,,,,,,,,,,,,,,,,,,,,,,,,,,,,,,,,,,,,,,,,,,,,,
6,Gondola,16,16,true,207,16,Flood | Werewolf,10,6,0.625,0.375,132,10,Zombie Apocalypse | Grounded,6,4,0.6,0.4,68,6,Lightning | Blackout,1,5,0.16666666666666666,0.8333333333333334,3,1,15,0.0625,6,Flood | Werewolf | Zombie Apocalypse | Grounded | Lightning | Blackout,false,excluding_recorder_when_alive,true,15,0,1,true,14,9,false,9,5,false,5,0,false,0,15,0.0,disaster_chat_death_history_wave_specific_v16,false,true,2,0,1,0.7698284206991863,true,Flood=4 | Werewolf=4 | Zombie Apocalypse=5 | Grounded=0 | Lightning=0 | Blackout=0 | Fall=1 | Void=0 | Misc=0 | Chats=16,1,0,0,0,0,0,1,0,0,0,0,0,Flood | Werewolf,0,0,0,0,0,0,1,0,0,0,0,0,0,0,0,0,0,0,0,0,0,0,0,0,4,0,0,Flood | Werewolf | Zombie Apocalypse | Grounded,0,0,0,0,0,0,1,0,0,0,0,0,0,0,0,0,0,0,0,0,0,0,0,0,0,0,2,Flood | Werewolf | Zombie Apocalypse | Grounded | Lightning | Blackout,0,0,0,0,0,0,2,0,0,0,0,0,0,0,0,0,0,0,0,0,0,0,0,0,0,0,3,0,0,0,0,0,0,4,0,0,0,0,0,0,0,0,0,0,0,0,0,0,0,0,0,4,0,5,,,,,,,,,,,,,,,,,,,,,,,,,,,,,,,,,,,,,,,,,,,,,,,,,,,,
6,Gondola,16,16,true,176,16,Withers,13,3,0.8125,0.1875,103,13,Lightning,12,1,0.9230769230769231,0.07692307692307693,49,12,Meteor Shower,8,4,0.6666666666666666,0.3333333333333333,3,8,8,0.5,3,Withers | Lightning | Meteor Shower,false,excluding_recorder_when_alive,true,15,0,0,true,15,12,true,12,11,true,11,8,false,8,7,0.5333333333333333,disaster_chat_death_history_wave_specific_v16,false,true,6,6,8,1.336013622593667,true,Withers=2 | Lightning=0 | Meteor Shower=1 | Fall=2 | Void=1 | Misc=1 | Chats=14,2,1,1,1,0,1,1,0,0,0,1,0,Withers,0,0,0,0,0,0,0,0,0,0,0,0,0,0,0,0,0,0,0,0,0,0,0,0,0,1,0,Withers | Lightning,0,0,0,0,0,0,0,0,0,0,0,0,0,0,0,0,0,0,0,0,0,0,0,0,0,0,0,Withers | Lightning | Meteor Shower,0,0,0,0,0,0,0,0,0,0,0,0,0,1,0,0,0,0,0,0,0,0,0,0,0,1,0,0,0,0,0,0,0,0,0,0,0,0,0,0,1,0,0,0,0,0,0,0,0,0,0,0,2,0,,,,,,,,,,,,,,,,,,,,,,,,,,,,,,,,,,,,,,,,,,,,,,,,,,,,
6,Library,14,16,true,184,14,Lightning | Hot Potato,11,3,0.7857142857142857,0.21428571428571427,119,11,Flood,8,3,0.7272727272727273,0.2727272727272727,51,8,Fragile Ground | Half Health,6,2,0.75,0.25,3,6,8,0.42857142857142855,5,Lightning | Hot Potato | Flood | Fragile Ground | Half Health,false,excluding_recorder_when_alive,true,13,0,0,true,13,10,true,10,7,true,7,6,false,6,7,0.46153846153846156,disaster_chat_death_history_wave_specific_v16,false,true,5,5,5,0.8490624201097521,true,Lightning=0 | Hot Potato=1 | Flood=3 | Fragile Ground=0 | Half Health=0 | Fall=2 | Void=1 | Misc=1 | Chats=34,2,1,1,1,1,0,0,0,1,1,0,0,Lightning | Hot Potato,0,0,0,0,0,0,0,0,0,0,1,0,0,0,0,0,0,0,0,0,0,0,0,0,0,0,0,Lightning | Hot Potato | Flood,0,0,0,0,0,0,2,0,0,0,0,0,0,0,0,0,0,0,0,0,0,0,0,0,0,0,0,Lightning | Hot Potato | Flood | Fragile Ground | Half Health,0,0,0,0,0,0,1,0,0,0,0,0,0,0,0,0,0,0,0,0,0,0,0,0,0,0,0,0,0,0,0,0,0,3,0,0,0,1,0,0,0,0,0,0,0,0,0,0,0,0,0,0,0,0,,,,,,,,,,,,,,,,,,,,,,,,,,,,,,,,,,,,,,,,,,,,,,,,,,,,
6,Library,15,16,true,190,15,The Floor is Lava | Grounded,3,12,0.2,0.8,135,3,Tornado,1,2,0.3333333333333333,0.6666666666666666,57,1,Zombie Apocalypse | Half Health,0,1,0.0,1.0,3,0,15,0.0,5,The Floor is Lava | Grounded | Tornado | Zombie Apocalypse | Half Health,false,excluding_recorder_when_alive,true,14,0,0,true,14,3,false,3,1,false,1,0,false,0,14,0.0,disaster_chat_death_history_wave_specific_v16,false,true,1,0,0,0.16975283291574403,true,The Floor is Lava=10 | Grounded=0 | Tornado=0 | Zombie Apocalypse=0 | Half Health=0 | Fall=3 | Void=1 | Misc=0 | Chats=16,3,1,0,1,0,0,1,1,0,1,0,0,The Floor is Lava | Grounded,0,0,0,0,0,0,0,0,0,0,0,0,0,0,0,0,0,0,0,0,0,10,0,0,0,0,0,The Floor is Lava | Grounded | Tornado,0,0,0,0,0,0,0,0,0,0,0,0,0,0,0,0,0,0,0,0,0,0,0,0,0,0,0,The Floor is Lava | Grounded | Tornado | Zombie Apocalypse | Half Health,0,0,0,0,0,0,0,0,0,0,0,0,0,0,0,0,0,0,0,0,0,0,0,0,0,0,0,0,0,0,0,0,0,0,0,0,0,0,0,0,0,0,0,0,0,0,0,0,10,0,0,0,0,0,,,,,,,,,,,,,,,,,,,,,,,,,,,,,,,,,,,,,,,,,,,,,,,,,,,,
6,Cruise Ship,14,16,true,194,14,Zombie Apocalypse,9,5,0.6428571428571429,0.35714285714285715,129,9,"Withers | Red Light, Green Light",2,7,0.2222222222222222,0.7777777777777778,52,2,Stampede | Half Health,0,2,0.0,1.0,3,0,14,0.0,5,"Zombie Apocalypse | Withers | Red Light, Green Light | Stampede | Half Health",false,excluding_recorder_when_alive,true,13,0,0,true,13,9,false,9,2,false,2,0,false,0,13,0.0,disaster_chat_death_history_wave_specific_v16,false,true,4,0,0,0.8029305192963567,true,"Zombie Apocalypse=4 | Withers=3 | Red Light, Green Light=3 | Stampede=0 | Half Health=0 | Fall=3 | Void=0 | Misc=0 | Chats=15",3,0,0,0,0,0,3,0,0,0,0,0,Zombie Apocalypse,0,0,0,0,0,0,0,0,0,0,0,0,0,0,0,0,0,0,0,0,0,0,0,0,0,0,4,"Zombie Apocalypse | Withers | Red Light, Green Light",0,0,0,0,0,0,0,0,0,0,0,0,0,0,0,0,2,0,0,0,0,0,0,0,0,2,0,"Zombie Apocalypse | Withers | Red Light, Green Light | Stampede | Half Health",0,0,0,0,0,0,0,0,0,0,0,0,0,0,0,0,1,0,0,0,0,0,0,0,0,1,0,0,0,0,0,0,0,0,0,0,0,0,0,0,0,0,0,3,0,0,0,0,0,0,0,0,3,4,,,,,,,,,,,,,,,,,,,,,,,,,,,,,,,,,,,,,,,,,,,,,,,,,,,,
6,Library,16,16,true,211,16,TNT Rain | Grounded,15,1,0.9375,0.0625,140,15,"Sinkhole | Red Light, Green Light",12,3,0.8,0.2,78,12,Meteor Shower,10,2,0.8333333333333334,0.16666666666666666,3,10,6,0.625,5,"TNT Rain | Grounded | Sinkhole | Red Light, Green Light | Meteor Shower",false,excluding_recorder_when_alive,true,15,0,0,true,15,14,true,14,11,true,11,9,true,9,6,0.6,disaster_chat_death_history_wave_specific_v16,false,true,7,3,6,7.165879283817887,true,"TNT Rain=0 | Grounded=0 | Sinkhole=0 | Red Light, Green Light=3 | Meteor Shower=1 | Fall=1 | Void=0 | Misc=1 | Chats=18",1,0,1,0,0,1,1,0,0,0,0,0,TNT Rain | Grounded,0,0,0,0,0,0,0,0,0,0,0,0,0,0,0,0,0,0,0,0,0,0,0,0,0,0,0,"TNT Rain | Grounded | Sinkhole | Red Light, Green Light",0,0,0,0,0,0,0,0,0,0,0,0,0,0,0,0,2,0,0,0,0,0,0,0,0,0,0,"TNT Rain | Grounded | Sinkhole | Red Light, Green Light | Meteor Shower",0,0,0,0,0,0,0,0,0,0,0,0,0,1,0,0,1,0,0,0,0,0,0,0,0,0,0,0,0,0,0,0,0,0,0,0,0,0,0,0,1,0,0,3,0,0,0,0,0,0,0,0,0,0,,,,,,,,,,,,,,,,,,,,,,,,,,,,,,,,,,,,,,,,,,,,,,,,,,,,
6,Melon Mall,16,16,true,172,16,Stampede,16,0,1.0,0.0,118,16,Flood | Nuke,7,9,0.4375,0.5625,63,7,Dragons | Blackout,6,1,0.8571428571428571,0.14285714285714285,3,6,10,0.375,5,Stampede | Flood | Nuke | Dragons | Blackout,false,excluding_recorder_when_alive,true,15,0,0,true,15,15,true,15,6,true,6,6,false,6,9,0.4,disaster_chat_death_history_wave_specific_v16,false,true,5,7,3,2.15856380019409,true,Stampede=2 | Flood=7 | Nuke=0 | Dragons=0 | Blackout=0 | Fall=1 | Void=0 | Misc=0 | Chats=20,1,0,0,0,0,0,1,0,0,0,0,0,Stampede,0,0,0,0,0,0,0,0,0,0,0,0,0,0,0,0,0,0,0,0,0,0,0,0,0,0,0,Stampede | Flood | Nuke,0,0,0,0,0,0,6,0,0,0,0,0,0,0,0,0,0,0,0,2,0,0,0,0,0,0,0,Stampede | Flood | Nuke | Dragons | Blackout,0,0,0,0,0,0,1,0,0,0,0,0,0,0,0,0,0,0,0,0,0,0,0,0,0,0,0,0,0,0,0,0,0,7,0,0,0,0,0,0,0,0,0,0,0,0,2,0,0,0,0,0,0,0,,,,,,,,,,,,,,,,,,,,,,,,,,,,,,,,,,,,,,,,,,,,,,,,,,,,
6,Oil Rig,15,16,true,210,15,Dragons | Blackout,12,3,0.8,0.2,138,12,TNT Rain | Bat Swarm,9,3,0.75,0.25,67,9,Sinkhole,3,6,0.3333333333333333,0.6666666666666666,3,3,12,0.2,5,Dragons | Blackout | TNT Rain | Bat Swarm | Sinkhole,false,excluding_recorder_when_alive,true,14,0,0,true,14,12,false,12,9,false,9,3,false,3,11,0.21428571428571427,disaster_chat_death_history_wave_specific_v16,false,true,5,6,6,3.492543242792926,true,Dragons=2 | Blackout=0 | TNT Rain=0 | Bat Swarm=2 | Sinkhole=0 | Fall=5 | Void=2 | Misc=0 | Chats=11,5,2,0,1,0,0,3,0,0,1,2,0,Dragons | Blackout,0,0,0,0,0,1,0,0,0,0,0,0,0,0,0,0,0,0,0,0,0,0,0,0,0,0,0,Dragons | Blackout | TNT Rain | Bat Swarm,0,0,0,0,0,0,0,0,0,0,0,0,0,0,0,0,0,0,0,0,0,0,0,0,0,0,0,Dragons | Blackout | TNT Rain | Bat Swarm | Sinkhole,0,0,2,0,0,1,0,0,0,0,0,0,0,0,0,0,0,0,0,0,0,0,0,0,0,0,0,0,0,2,0,0,2,0,0,0,0,0,0,0,0,0,0,0,0,0,0,0,0,0,0,0,0,0,,,,,,,,,,,,,,,,,,,,,,,,,,,,,,,,,,,,,,,,,,,,,,,,,,,,
6,Paradise,16,16,true,205,16,Dragons | Hot Potato,15,1,0.9375,0.0625,128,15,Lightning | Nuke,12,3,0.8,0.2,59,12,Flood | Half Health,1,11,0.08333333333333333,0.9166666666666666,3,1,15,0.0625,6,Dragons | Hot Potato | Lightning | Nuke | Flood | Half Health,false,excluding_recorder_when_alive,true,15,0,0,true,15,14,true,14,11,true,11,1,false,1,14,0.06666666666666667,disaster_chat_death_history_wave_specific_v16,false,true,6,8,6,12.613550827444113,true,Dragons=1 | Hot Potato=1 | Lightning=2 | Nuke=0 | Flood=6 | Half Health=0 | Fall=3 | Void=0 | Misc=1 | Chats=14,3,0,1,0,0,0,2,0,1,1,0,0,Dragons | Hot Potato,0,0,0,0,0,0,0,0,0,0,1,0,0,0,0,0,0,0,0,0,0,0,0,0,0,0,0,Dragons | Hot Potato | Lightning | Nuke,0,0,0,0,0,0,0,0,0,0,0,0,0,0,0,0,0,0,0,0,0,0,0,0,0,0,0,Dragons | Hot Potato | Lightning | Nuke | Flood | Half Health,0,0,0,0,0,1,6,0,0,0,0,0,2,0,0,0,0,0,0,0,0,0,0,0,0,0,0,0,0,0,0,0,1,6,0,0,0,1,0,2,0,0,0,0,0,0,0,0,0,0,0,0,0,0,,,,,,,,,,,,,,,,,,,,,,,,,,,,,,,,,,,,,,,,,,,,,,,,,,,,
6,Castle,16,16,true,178,16,Zombie Apocalypse | Grounded,9,7,0.5625,0.4375,123,9,Dragons | Hot Potato,6,3,0.6666666666666666,0.3333333333333333,66,6,Sinkhole | Hypixel Says,5,1,0.8333333333333334,0.16666666666666666,3,5,11,0.3125,6,Zombie Apocalypse | Grounded | Dragons | Hot Potato | Sinkhole | Hypixel Says,false,excluding_recorder_when_alive,true,15,0,0,true,15,9,false,9,6,false,6,5,false,5,10,0.3333333333333333,disaster_chat_death_history_wave_specific_v16,false,true,5,2,3,2.119032583874439,true,Zombie Apocalypse=6 | Grounded=0 | Dragons=0 | Hot Potato=1 | Sinkhole=0 | Hypixel Says=0 | Fall=2 | Void=0 | Misc=1 | Chats=11,2,0,1,0,0,1,1,0,0,1,0,0,Zombie Apocalypse | Grounded,0,0,0,0,0,0,0,0,0,0,0,0,0,0,0,0,0,0,0,0,0,0,0,0,0,0,5,Zombie Apocalypse | Grounded | Dragons | Hot Potato,0,0,0,0,0,0,0,0,0,0,1,0,0,0,0,0,0,0,0,0,0,0,0,0,0,0,1,Zombie Apocalypse | Grounded | Dragons | Hot Potato | Sinkhole | Hypixel Says,0,0,0,0,0,0,0,0,0,0,0,0,0,0,0,0,0,0,0,0,0,0,0,0,0,0,0,0,0,0,0,0,0,0,0,0,0,1,0,0,0,0,0,0,0,0,0,0,0,0,0,0,0,6,,,,,,,,,,,,,,,,,,,,,,,,,,,,,,,,,,,,,,,,,,,,,,,,,,,,
6,Oil Rig,16,16,true,207,16,Zombie Apocalypse | Bat Swarm,14,2,0.875,0.125,134,14,Stampede | Disco,6,8,0.42857142857142855,0.5714285714285714,59,6,TNT Rain,3,3,0.5,0.5,3,3,13,0.1875,5,Zombie Apocalypse | Bat Swarm | Stampede | Disco | TNT Rain,false,excluding_recorder_when_alive,true,15,0,0,true,15,13,true,13,5,true,5,3,false,3,12,0.2,disaster_chat_death_history_wave_specific_v16,false,true,4,7,3,2.0202972951781155,true,Zombie Apocalypse=4 | Bat Swarm=1 | Stampede=2 | Disco=1 | TNT Rain=1 | Fall=2 | Void=0 | Misc=1 | Chats=20,2,0,1,1,0,0,1,0,1,0,0,0,Zombie Apocalypse | Bat Swarm,0,0,0,0,0,0,0,0,0,0,0,0,0,0,0,0,0,0,0,0,0,0,0,0,0,0,1,Zombie Apocalypse | Bat Swarm | Stampede | Disco,0,0,1,0,1,0,0,0,0,0,0,0,0,0,0,0,0,0,0,2,0,0,0,0,0,0,2,Zombie Apocalypse | Bat Swarm | Stampede | Disco | TNT Rain,0,0,0,0,0,0,0,0,0,0,0,0,0,0,0,0,0,0,0,0,0,0,1,0,0,0,1,0,0,1,0,1,0,0,0,0,0,0,0,0,0,0,0,0,0,0,2,0,0,1,0,0,0,4,,,,,,,,,,,,,,,,,,,,,,,,,,,,,,,,,,,,,,,,,,,,,,,,,,,,
6,Arctic Lab,15,16,true,214,15,"Sinkhole | Red Light, Green Light",13,2,0.8666666666666667,0.13333333333333333,145,13,Meteor Shower | Anvil Rain,7,6,0.5384615384615384,0.46153846153846156,70,7,Withers | Hypixel Says,3,4,0.42857142857142855,0.5714285714285714,3,3,12,0.2,6,"Sinkhole | Red Light, Green Light | Meteor Shower | Anvil Rain | Withers | Hypixel Says",false,excluding_recorder_when_alive,true,14,0,0,true,14,12,true,12,7,false,7,3,false,3,11,0.21428571428571427,disaster_chat_death_history_wave_specific_v16,false,true,1,3,2,0.9977678168564584,true,"Sinkhole=3 | Red Light, Green Light=4 | Meteor Shower=1 | Anvil Rain=1 | Withers=1 | Hypixel Says=1 | Fall=0 | Void=0 | Misc=0 | Chats=16",0,0,0,0,0,0,0,0,0,0,0,0,"Sinkhole | Red Light, Green Light",0,0,0,0,0,0,0,0,0,0,0,0,0,0,0,0,0,2,0,0,0,0,0,0,0,0,0,"Sinkhole | Red Light, Green Light | Meteor Shower | Anvil Rain",0,1,0,0,0,0,0,0,0,0,0,0,0,1,0,0,3,0,0,0,0,0,0,0,0,0,0,"Sinkhole | Red Light, Green Light | Meteor Shower | Anvil Rain | Withers | Hypixel Says",0,0,0,0,0,0,0,0,0,0,0,1,0,0,0,0,1,1,0,0,0,0,0,0,0,1,0,0,1,0,0,0,0,0,0,0,0,0,1,0,1,0,0,4,3,0,0,0,0,0,0,0,1,0,,,,,,,,,,,,,,,,,,,,,,,,,,,,,,,,,,,,,,,,,,,,,,,,,,,,
6,Arctic Lab,16,16,true,204,16,TNT Rain,16,0,1.0,0.0,144,16,Meteor Shower | Nuke,13,3,0.8125,0.1875,66,13,The Floor is Lava | Half Health,2,11,0.15384615384615385,0.8461538461538461,3,2,14,0.125,5,TNT Rain | Meteor Shower | Nuke | The Floor is Lava | Half Health,false,excluding_recorder_when_alive,true,15,0,0,true,15,15,true,15,12,true,12,2,false,2,13,0.13333333333333333,disaster_chat_death_history_wave_specific_v16,false,true,8,9,7,12.02527601861493,true,TNT Rain=1 | Meteor Shower=3 | Nuke=0 | The Floor is Lava=5 | Half Health=0 | Fall=3 | Void=1 | Misc=0 | Chats=14,3,1,0,0,0,0,1,0,0,2,1,0,TNT Rain,0,0,0,0,0,0,0,0,0,0,0,0,0,0,0,0,0,0,0,0,0,0,0,0,0,0,0,TNT Rain | Meteor Shower | Nuke,0,0,0,0,0,0,0,0,0,0,0,0,0,1,0,0,0,0,0,0,0,0,1,0,0,0,0,TNT Rain | Meteor Shower | Nuke | The Floor is Lava | Half Health,0,0,0,0,0,0,0,0,0,0,0,0,0,2,0,0,0,0,0,0,0,5,0,0,0,0,0,0,0,0,0,0,0,0,0,0,0,0,0,0,3,0,0,0,0,0,0,0,5,1,0,0,0,0,,,,,,,,,,,,,,,,,,,,,,,,,,,,,,,,,,,,,,,,,,,,,,,,,,,,
6,Cruise Ship,16,16,true,181,16,Stampede,16,0,1.0,0.0,125,16,Meteor Shower,14,2,0.875,0.125,59,14,Withers,6,8,0.42857142857142855,0.5714285714285714,3,6,10,0.375,3,Stampede | Meteor Shower | Withers,false,excluding_recorder_when_alive,true,15,0,0,true,15,15,true,15,13,true,13,6,false,6,9,0.4,disaster_chat_death_history_wave_specific_v16,false,true,5,8,9,3.662841843054703,true,Stampede=1 | Meteor Shower=0 | Withers=3 | Fall=4 | Void=1 | Misc=0 | Chats=27,4,1,0,0,0,0,2,0,0,2,1,0,Stampede,0,0,0,0,0,0,0,0,0,0,0,0,0,0,0,0,0,0,0,0,0,0,0,0,0,0,0,Stampede | Meteor Shower,0,0,0,0,0,0,0,0,0,0,0,0,0,0,0,0,0,0,0,0,0,0,0,0,0,0,0,Stampede | Meteor Shower | Withers,0,0,0,0,0,0,0,0,0,0,0,0,0,0,0,0,0,0,0,1,0,0,0,0,0,3,0,0,0,0,0,0,0,0,0,0,0,0,0,0,0,0,0,0,0,0,1,0,0,0,0,0,3,0,,,,,,,,,,,,,,,,,,,,,,,,,,,,,,,,,,,,,,,,,,,,,,,,,,,,
6,Area 52,16,16,true,200,16,The Floor is Lava | Hot Potato,11,5,0.6875,0.3125,126,11,Meteor Shower | Hypixel Says,9,2,0.8181818181818182,0.18181818181818182,58,9,TNT Rain,7,2,0.7777777777777778,0.2222222222222222,3,7,9,0.4375,5,The Floor is Lava | Hot Potato | Meteor Shower | Hypixel Says | TNT Rain,false,excluding_recorder_when_alive,true,15,0,0,true,15,11,false,11,9,false,9,7,false,7,8,0.4666666666666667,disaster_chat_death_history_wave_specific_v16,false,true,1,4,6,3.9100427631057864,true,The Floor is Lava=5 | Hot Potato=0 | Meteor Shower=2 | Hypixel Says=0 | TNT Rain=0 | Fall=1 | Void=0 | Misc=0 | Chats=14,1,0,0,0,0,0,0,0,0,1,0,0,The Floor is Lava | Hot Potato,0,0,0,0,0,0,0,0,0,0,0,0,0,0,0,0,0,0,0,0,0,4,0,0,0,0,0,The Floor is Lava | Hot Potato | Meteor Shower | Hypixel Says,0,0,0,0,0,0,0,0,0,0,0,0,0,1,0,0,0,0,0,0,0,1,0,0,0,0,0,The Floor is Lava | Hot Potato | Meteor Shower | Hypixel Says | TNT Rain,0,0,0,0,0,0,0,0,0,0,0,0,0,1,0,0,0,0,0,0,0,0,0,0,0,0,0,0,0,0,0,0,0,0,0,0,0,0,0,0,2,0,0,0,0,0,0,0,5,0,0,0,0,0,,,,,,,,,,,,,,,,,,,,,,,,,,,,,,,,,,,,,,,,,,,,,,,,,,,,
6,Spaceship,15,16,true,216,15,Dragons | Blackout,11,4,0.7333333333333333,0.26666666666666666,143,11,The Floor is Lava | Nuke,8,3,0.7272727272727273,0.2727272727272727,63,8,Zombie Apocalypse | Bat Swarm,0,8,0.0,1.0,3,0,15,0.0,6,Dragons | Blackout | The Floor is Lava | Nuke | Zombie Apocalypse | Bat Swarm,false,excluding_recorder_when_alive,true,14,0,0,true,14,10,true,10,8,false,8,0,false,0,14,0.0,disaster_chat_death_history_wave_specific_v16,false,true,5,0,3,3.4903742322978792,true,Dragons=1 | Blackout=0 | The Floor is Lava=3 | Nuke=0 | Zombie Apocalypse=4 | Bat Swarm=1 | Fall=0 | Void=3 | Misc=2 | Chats=19,0,3,2,0,3,1,0,0,0,0,0,1,Dragons | Blackout,0,0,0,0,0,0,0,0,0,0,0,0,0,0,0,0,0,0,0,0,0,0,0,0,0,0,0,Dragons | Blackout | The Floor is Lava | Nuke,0,0,0,0,0,0,0,0,0,0,0,0,0,0,0,0,0,0,0,0,0,2,0,0,0,0,0,Dragons | Blackout | The Floor is Lava | Nuke | Zombie Apocalypse | Bat Swarm,0,0,1,0,0,1,0,0,0,0,0,0,0,0,0,0,0,0,0,0,0,1,0,0,0,0,4,0,0,1,0,0,1,0,0,0,0,0,0,0,0,0,0,0,0,0,0,0,3,0,0,0,0,4,,,,,,,,,,,,,,,,,,,,,,,,,,,,,,,,,,,,,,,,,,,,,,,,,,,,
6,Library,15,16,true,196,15,The Floor is Lava,10,5,0.6666666666666666,0.3333333333333333,131,10,TNT Rain,9,1,0.9,0.1,52,9,Zombie Apocalypse | Hot Potato,5,4,0.5555555555555556,0.4444444444444444,3,5,10,0.3333333333333333,4,The Floor is Lava | TNT Rain | Zombie Apocalypse | Hot Potato,false,excluding_recorder_when_alive,true,14,0,0,true,14,9,true,9,8,true,8,4,true,4,10,0.2857142857142857,disaster_chat_death_history_wave_specific_v16,false,true,1,3,3,1.256951698587906,true,The Floor is Lava=8 | TNT Rain=0 | Zombie Apocalypse=1 | Hot Potato=0 | Fall=1 | Void=0 | Misc=0 | Chats=18,1,0,0,0,0,0,0,0,0,1,0,0,The Floor is Lava,0,0,0,0,0,0,0,0,0,0,0,0,0,0,0,0,0,0,0,0,0,5,0,0,0,0,0,The Floor is Lava | TNT Rain,0,0,0,0,0,0,0,0,0,0,0,0,0,0,0,0,0,0,0,0,0,1,0,0,0,0,0,The Floor is Lava | TNT Rain | Zombie Apocalypse | Hot Potato,0,0,0,0,0,0,0,0,0,0,0,0,0,0,0,0,0,0,0,0,0,2,0,0,0,0,1,0,0,0,0,0,0,0,0,0,0,0,0,0,0,0,0,0,0,0,0,0,8,0,0,0,0,1,,,,,,,,,,,,,,,,,,,,,,,,,,,,,,,,,,,,,,,,,,,,,,,,,,,,
6,Library,16,16,true,180,16,Stampede | Half Health,13,3,0.8125,0.1875,116,13,Sinkhole | Swappage,10,3,0.7692307692307693,0.23076923076923078,66,10,The Floor is Lava | Hypixel Says,9,1,0.9,0.1,3,9,7,0.5625,6,Stampede | Half Health | Sinkhole | Swappage | The Floor is Lava | Hypixel Says,false,excluding_recorder_when_alive,true,15,0,0,true,15,13,false,13,10,false,10,9,false,9,6,0.6,disaster_chat_death_history_wave_specific_v16,false,true,5,6,5,6.569351762595793,true,Stampede=1 | Half Health=0 | Sinkhole=0 | Swappage=0 | The Floor is Lava=0 | Hypixel Says=1 | Fall=3 | Void=1 | Misc=0 | Chats=12,3,1,0,1,0,0,2,1,0,0,0,0,Stampede | Half Health,0,0,0,0,0,0,0,0,0,0,0,0,0,0,0,0,0,0,0,1,0,0,0,0,0,0,0,Stampede | Half Health | Sinkhole | Swappage,0,0,0,0,0,0,0,0,0,0,0,0,0,0,0,0,0,0,0,0,0,0,0,0,0,0,0,Stampede | Half Health | Sinkhole | Swappage | The Floor is Lava | Hypixel Says,0,0,0,0,0,0,0,0,0,0,0,1,0,0,0,0,0,0,0,0,0,0,0,0,0,0,0,0,0,0,0,0,0,0,0,0,0,0,1,0,0,0,0,0,0,0,1,0,0,0,0,0,0,0,,,,,,,,,,,,,,,,,,,,,,,,,,,,,,,,,,,,,,,,,,,,,,,,,,,,
6,Monorail,16,16,true,183,16,Meteor Shower,14,2,0.875,0.125,124,14,Acid Rain,12,2,0.8571428571428571,0.14285714285714285,62,12,Stampede,4,8,0.3333333333333333,0.6666666666666666,3,4,12,0.25,3,Meteor Shower | Acid Rain | Stampede,false,excluding_recorder_when_alive,true,15,0,0,true,15,13,true,13,11,true,11,4,false,4,11,0.26666666666666666,disaster_chat_death_history_wave_specific_v16,false,true,5,5,7,3.2930680823445306,true,Meteor Shower=2 | Acid Rain=5 | Stampede=3 | Fall=0 | Void=0 | Misc=1 | Chats=13,0,0,1,0,0,0,0,0,1,0,0,0,Meteor Shower,0,0,0,0,0,0,0,0,0,0,0,0,0,2,0,0,0,0,0,0,0,0,0,0,0,0,0,Meteor Shower | Acid Rain,1,0,0,0,0,0,0,0,0,0,0,0,0,0,0,0,0,0,0,0,0,0,0,0,0,0,0,Meteor Shower | Acid Rain | Stampede,4,0,0,0,0,0,0,0,0,0,0,0,0,0,0,0,0,0,0,3,0,0,0,0,0,0,0,5,0,0,0,0,0,0,0,0,0,0,0,0,2,0,0,0,0,0,3,0,0,0,0,0,0,0,,,,,,,,,,,,,,,,,,,,,,,,,,,,,,,,,,,,,,,,,,,,,,,,,,,,
6,Spaceship,16,16,true,186,16,Zombie Apocalypse | Hypixel Says,9,7,0.5625,0.4375,131,9,Tornado | Hot Potato,3,6,0.3333333333333333,0.6666666666666666,52,3,Meteor Shower | Grounded,1,2,0.3333333333333333,0.6666666666666666,3,1,15,0.0625,6,Zombie Apocalypse | Hypixel Says | Tornado | Hot Potato | Meteor Shower | Grounded,false,excluding_recorder_when_alive,true,15,0,0,true,15,9,false,9,3,false,3,1,false,1,14,0.06666666666666667,disaster_chat_death_history_wave_specific_v16,false,true,5,2,0,1.8276551012955984,true,Zombie Apocalypse=4 | Hypixel Says=1 | Tornado=1 | Hot Potato=0 | Meteor Shower=0 | Grounded=0 | Fall=1 | Void=5 | Misc=2 | Chats=12,1,5,2,0,1,1,1,2,1,0,2,0,Zombie Apocalypse | Hypixel Says,0,0,0,0,0,0,0,0,0,0,0,1,0,0,0,0,0,0,0,0,0,0,0,0,0,0,3,Zombie Apocalypse | Hypixel Says | Tornado | Hot Potato,0,0,0,0,0,0,0,0,0,0,0,0,0,0,0,0,0,0,0,0,0,0,0,1,0,0,1,Zombie Apocalypse | Hypixel Says | Tornado | Hot Potato | Meteor Shower | Grounded,0,0,0,0,0,0,0,0,0,0,0,0,0,0,0,0,0,0,0,0,0,0,0,0,0,0,0,0,0,0,0,0,0,0,0,0,0,0,1,0,0,0,0,0,0,0,0,0,0,0,1,0,0,4,,,,,,,,,,,,,,,,,,,,,,,,,,,,,,,,,,,,,,,,,,,,,,,,,,,,
6,Arctic Lab,15,16,true,181,15,TNT Rain | Swappage,10,5,0.6666666666666666,0.3333333333333333,117,10,Sinkhole | Half Health,10,0,1.0,0.0,58,10,"Tornado | Red Light, Green Light",5,5,0.5,0.5,3,5,10,0.3333333333333333,6,"TNT Rain | Swappage | Sinkhole | Half Health | Tornado | Red Light, Green Light",false,excluding_recorder_when_alive,true,14,0,0,true,14,9,true,9,9,true,9,4,true,4,10,0.2857142857142857,disaster_chat_death_history_wave_specific_v16,false,true,6,4,4,0.4647910857954728,true,"TNT Rain=1 | Swappage=0 | Sinkhole=0 | Half Health=0 | Tornado=1 | Red Light, Green Light=3 | Fall=0 | Void=3 | Misc=2 | Chats=14",0,3,2,0,2,2,0,0,0,0,1,0,TNT Rain | Swappage,0,0,0,0,0,0,0,0,0,0,0,0,0,0,0,0,0,0,0,0,0,0,1,0,0,0,0,TNT Rain | Swappage | Sinkhole | Half Health,0,0,0,0,0,0,0,0,0,0,0,0,0,0,0,0,0,0,0,0,0,0,0,0,0,0,0,"TNT Rain | Swappage | Sinkhole | Half Health | Tornado | Red Light, Green Light",0,0,0,0,0,0,0,0,0,0,0,0,0,0,0,0,3,0,0,0,0,0,0,1,0,0,0,0,0,0,0,0,0,0,0,0,0,0,0,0,0,0,0,3,0,0,0,0,0,1,1,0,0,0,,,,,,,,,,,,,,,,,,,,,,,,,,,,,,,,,,,,,,,,,,,,,,,,,,,,
6,Library,16,16,true,198,16,TNT Rain | Half Health,15,1,0.9375,0.0625,147,15,Sinkhole | Werewolf,8,7,0.5333333333333333,0.4666666666666667,75,8,The Floor is Lava | Hypixel Says,4,4,0.5,0.5,3,4,12,0.25,6,TNT Rain | Half Health | Sinkhole | Werewolf | The Floor is Lava | Hypixel Says,false,excluding_recorder_when_alive,true,15,0,0,true,15,13,true,13,6,true,6,3,true,3,12,0.2,disaster_chat_death_history_wave_specific_v16,false,true,7,6,1,3.467086764709851,true,TNT Rain=0 | Half Health=0 | Sinkhole=0 | Werewolf=5 | The Floor is Lava=2 | Hypixel Says=0 | Fall=4 | Void=1 | Misc=1 | Chats=21,4,1,1,1,0,1,2,1,0,1,0,0,TNT Rain | Half Health,0,0,0,0,0,0,0,0,0,0,0,0,0,0,0,0,0,0,0,0,0,0,0,0,0,0,0,TNT Rain | Half Health | Sinkhole | Werewolf,0,0,0,0,0,0,0,0,0,0,0,0,0,0,0,0,0,0,0,0,0,0,0,0,5,0,0,TNT Rain | Half Health | Sinkhole | Werewolf | The Floor is Lava | Hypixel Says,0,0,0,0,0,0,0,0,0,0,0,0,0,0,0,0,0,0,0,0,0,2,0,0,0,0,0,0,0,0,0,0,0,0,0,0,0,0,0,0,0,0,0,0,0,0,0,0,2,0,0,5,0,0,,,,,,,,,,,,,,,,,,,,,,,,,,,,,,,,,,,,,,,,,,,,,,,,,,,,
6,Library,14,16,true,178,14,The Floor is Lava | Bat Swarm,13,1,0.9285714285714286,0.07142857142857142,128,13,Withers | Swappage,4,9,0.3076923076923077,0.6923076923076923,49,4,Meteor Shower | Hypixel Says,2,2,0.5,0.5,3,2,12,0.14285714285714285,6,The Floor is Lava | Bat Swarm | Withers | Swappage | Meteor Shower | Hypixel Says,false,excluding_recorder_when_alive,true,13,0,0,true,13,12,true,12,4,false,4,2,false,2,11,0.15384615384615385,disaster_chat_death_history_wave_specific_v16,false,true,0,3,0,1.7451182401218794,true,The Floor is Lava=8 | Bat Swarm=0 | Withers=2 | Swappage=0 | Meteor Shower=0 | Hypixel Says=0 | Fall=0 | Void=1 | Misc=0 | Chats=17,0,1,0,0,0,0,0,1,0,0,0,0,The Floor is Lava | Bat Swarm,0,0,0,0,0,0,0,0,0,0,0,0,0,0,0,0,0,0,0,0,0,1,0,0,0,0,0,The Floor is Lava | Bat Swarm | Withers | Swappage,0,0,0,0,0,0,0,0,0,0,0,0,0,0,0,0,0,0,0,0,0,6,0,0,0,1,0,The Floor is Lava | Bat Swarm | Withers | Swappage | Meteor Shower | Hypixel Says,0,0,0,0,0,0,0,0,0,0,0,0,0,0,0,0,0,0,0,0,0,1,0,0,0,1,0,0,0,0,0,0,0,0,0,0,0,0,0,0,0,0,0,0,0,0,0,0,8,0,0,0,2,0,,,,,,,,,,,,,,,,,,,,,,,,,,,,,,,,,,,,,,,,,,,,,,,,,,,,
6,Cruise Ship,16,16,true,169,16,The Floor is Lava | Nuke,13,3,0.8125,0.1875,117,13,Lightning | Purge,8,5,0.6153846153846154,0.38461538461538464,50,8,Sinkhole | Anvil Rain,7,1,0.875,0.125,3,7,9,0.4375,6,The Floor is Lava | Nuke | Lightning | Purge | Sinkhole | Anvil Rain,false,excluding_recorder_when_alive,true,15,0,0,true,15,12,true,12,7,true,7,6,true,6,9,0.4,disaster_chat_death_history_wave_specific_v16,false,true,2,4,4,2.7406200071165943,true,The Floor is Lava=5 | Nuke=1 | Lightning=1 | Purge=1 | Sinkhole=0 | Anvil Rain=0 | Fall=0 | Void=1 | Misc=0 | Chats=17,0,1,0,0,0,0,0,1,0,0,0,0,The Floor is Lava | Nuke,0,0,0,0,0,0,0,0,0,0,0,0,0,0,1,0,0,0,0,0,0,2,0,0,0,0,0,The Floor is Lava | Nuke | Lightning | Purge,0,0,0,0,0,0,0,0,0,0,0,0,1,0,0,1,0,0,0,0,0,2,0,0,0,0,0,The Floor is Lava | Nuke | Lightning | Purge | Sinkhole | Anvil Rain,0,0,0,0,0,0,0,0,0,0,0,0,0,0,0,0,0,0,0,0,0,1,0,0,0,0,0,0,0,0,0,0,0,0,0,0,0,0,0,1,0,1,1,0,0,0,0,0,5,0,0,0,0,0,,,,,,,,,,,,,,,,,,,,,,,,,,,,,,,,,,,,,,,,,,,,,,,,,,,,
6,Castle,16,16,true,195,16,Tornado | Purge,11,5,0.6875,0.3125,141,11,TNT Rain | Half Health,10,1,0.9090909090909091,0.09090909090909091,71,10,Stampede | Anvil Rain,5,5,0.5,0.5,3,5,11,0.3125,6,Tornado | Purge | TNT Rain | Half Health | Stampede | Anvil Rain,false,excluding_recorder_when_alive,true,15,0,0,true,15,10,true,10,9,true,9,5,false,5,10,0.3333333333333333,disaster_chat_death_history_wave_specific_v16,false,true,4,4,6,1.0647104386528172,true,Tornado=3 | Purge=0 | TNT Rain=2 | Half Health=0 | Stampede=2 | Anvil Rain=0 | Fall=1 | Void=0 | Misc=2 | Chats=19,1,0,2,1,0,2,0,0,0,0,0,0,Tornado | Purge,0,0,0,0,0,0,0,0,0,0,0,0,0,0,0,0,0,0,0,0,0,0,0,2,0,0,0,Tornado | Purge | TNT Rain | Half Health,0,0,0,0,0,0,0,0,0,0,0,0,0,0,0,0,0,0,0,0,0,0,1,0,0,0,0,Tornado | Purge | TNT Rain | Half Health | Stampede | Anvil Rain,0,0,0,0,0,0,0,0,0,0,0,0,0,0,0,0,0,0,0,2,0,0,1,1,0,0,0,0,0,0,0,0,0,0,0,0,0,0,0,0,0,0,0,0,0,0,2,0,0,2,3,0,0,0,,,,,,,,,,,,,,,,,,,,,,,,,,,,,,,,,,,,,,,,,,,,,,,,,,,,
6,Area 52,16,16,true,198,16,Meteor Shower | Hypixel Says,16,0,1.0,0.0,127,16,Stampede | Purge,6,10,0.375,0.625,67,6,Flood | Disco,0,6,0.0,1.0,3,0,16,0.0,6,Meteor Shower | Hypixel Says | Stampede | Purge | Flood | Disco,false,excluding_recorder_when_alive,true,15,0,0,true,15,15,true,15,6,false,6,0,false,0,15,0.0,disaster_chat_death_history_wave_specific_v16,false,true,5,6,0,5.366082677658148,true,Meteor Shower=0 | Hypixel Says=0 | Stampede=4 | Purge=1 | Flood=2 | Disco=3 | Fall=1 | Void=4 | Misc=0 | Chats=16,1,4,0,0,0,0,1,4,0,0,0,0,Meteor Shower | Hypixel Says,0,0,0,0,0,0,0,0,0,0,0,0,0,0,0,0,0,0,0,0,0,0,0,0,0,0,0,Meteor Shower | Hypixel Says | Stampede | Purge,0,0,0,0,0,0,0,0,0,0,0,0,0,0,0,1,0,0,0,3,0,0,0,0,0,0,0,Meteor Shower | Hypixel Says | Stampede | Purge | Flood | Disco,0,0,0,0,3,0,2,0,0,0,0,0,0,0,0,0,0,0,0,1,0,0,0,0,0,0,0,0,0,0,0,3,0,2,0,0,0,0,0,0,0,0,1,0,0,0,4,0,0,0,0,0,0,0,,,,,,,,,,,,,,,,,,,,,,,,,,,,,,,,,,,,,,,,,,,,,,,,,,,,
6,Arctic Lab,14,16,true,187,14,Dragons | Nuke,9,5,0.6428571428571429,0.35714285714285715,121,9,Fragile Ground,6,3,0.6666666666666666,0.3333333333333333,64,6,Stampede | Purge,3,3,0.5,0.5,3,3,11,0.21428571428571427,5,Dragons | Nuke | Fragile Ground | Stampede | Purge,false,excluding_recorder_when_alive,true,13,0,0,true,13,8,true,8,5,true,5,2,true,2,11,0.15384615384615385,disaster_chat_death_history_wave_specific_v16,false,true,4,3,1,1.3022245324807418,true,Dragons=2 | Nuke=3 | Fragile Ground=0 | Stampede=0 | Purge=1 | Fall=1 | Void=3 | Misc=1 | Chats=15,1,3,1,0,1,1,0,2,0,1,0,0,Dragons | Nuke,0,0,0,0,0,0,0,0,0,0,0,0,0,0,3,0,0,0,0,0,0,0,0,0,0,0,0,Dragons | Nuke | Fragile Ground,0,0,0,0,0,1,0,0,0,0,0,0,0,0,0,0,0,0,0,0,0,0,0,0,0,0,0,Dragons | Nuke | Fragile Ground | Stampede | Purge,0,0,0,0,0,1,0,0,0,0,0,0,0,0,0,1,0,0,0,0,0,0,0,0,0,0,0,0,0,0,0,0,2,0,0,0,0,0,0,0,0,3,1,0,0,0,0,0,0,0,0,0,0,0,,,,,,,,,,,,,,,,,,,,,,,,,,,,,,,,,,,,,,,,,,,,,,,,,,,,
8,Arctic Lab,16,16,true,196,16,Meteor Shower | Half Health,15,1,0.9375,0.0625,142,15,Tornado | Purge,6,9,0.4,0.6,79,6,Withers,1,5,0.16666666666666666,0.8333333333333334,3,1,15,0.0625,5,Meteor Shower | Half Health | Tornado | Purge | Withers,false,excluding_recorder_when_alive,true,15,0,0,true,15,14,true,14,6,false,6,1,false,1,14,0.06666666666666667,disaster_chat_death_history_wave_specific_v16,false,true,5,4,2,3.0870441437018923,true,Meteor Shower=2 | Half Health=0 | Tornado=6 | Purge=0 | Withers=4 | Fall=2 | Void=0 | Misc=0 | Chats=15,2,0,0,0,0,0,2,0,0,0,0,0,Meteor Shower | Half Health,0,0,0,0,0,0,0,0,0,0,0,0,0,1,0,0,0,0,0,0,0,0,0,0,0,0,0,Meteor Shower | Half Health | Tornado | Purge,0,0,0,0,0,0,0,0,0,0,0,0,0,1,0,0,0,0,0,0,0,0,0,5,0,0,0,Meteor Shower | Half Health | Tornado | Purge | Withers,0,0,0,0,0,0,0,0,0,0,0,0,0,0,0,0,0,0,0,0,0,0,0,1,0,4,0,0,0,0,0,0,0,0,0,0,0,0,0,0,2,0,0,0,0,0,0,0,0,0,6,0,4,0,300,150,135,,10,10,10,10,10,10,10,10,10,10,10,10,10,10,10,10,10,10,10,10,0,10,10,10,20,10,5,9,1,10,10,10,,,,,,,,,,,,,,,,
8,Melon Mall,15,16,true,206,15,Sinkhole | Nuke,15,0,1.0,0.0,153,15,"Stampede | Red Light, Green Light",11,4,0.7333333333333333,0.26666666666666666,75,11,Meteor Shower | Half Health,0,11,0.0,1.0,3,0,15,0.0,6,"Sinkhole | Nuke | Stampede | Red Light, Green Light | Meteor Shower | Half Health",false,excluding_recorder_when_alive,true,14,0,0,true,14,14,true,14,10,true,10,0,false,0,14,0.0,disaster_chat_death_history_wave_specific_v16,false,true,6,2,5,9.600071775687013,true,"Sinkhole=0 | Nuke=0 | Stampede=5 | Red Light, Green Light=7 | Meteor Shower=1 | Half Health=0 | Fall=0 | Void=1 | Misc=0 | Chats=18",0,1,0,0,0,0,0,1,0,0,0,0,Sinkhole | Nuke,0,0,0,0,0,0,0,0,0,0,0,0,0,0,0,0,0,0,0,0,0,0,0,0,0,0,0,"Sinkhole | Nuke | Stampede | Red Light, Green Light",0,0,0,0,0,0,0,0,0,0,0,0,0,0,0,0,2,0,0,1,0,0,0,0,0,0,0,"Sinkhole | Nuke | Stampede | Red Light, Green Light | Meteor Shower | Half Health",0,0,0,0,0,0,0,0,0,0,0,0,0,1,0,0,5,0,0,4,0,0,0,0,0,0,0,0,0,0,0,0,0,0,0,0,0,0,0,0,1,0,0,7,0,0,5,0,0,0,0,0,0,0,280,280,263,,20,20,20,20,20,20,20,20,20,20,20,20,20,20,20,,20,20,19,13,20,20,20,20,20,20,20,20,11,20,20,,,,,,,,,,,,,,,,,
8,Castle,15,16,true,199,15,Withers,14,1,0.9333333333333333,0.06666666666666667,127,14,Sinkhole | Bat Swarm,10,4,0.7142857142857143,0.2857142857142857,60,10,TNT Rain | Nuke,5,5,0.5,0.5,3,5,10,0.3333333333333333,5,Withers | Sinkhole | Bat Swarm | TNT Rain | Nuke,false,excluding_recorder_when_alive,true,14,0,0,true,14,13,true,13,10,false,10,5,false,5,9,0.35714285714285715,disaster_chat_death_history_wave_specific_v16,false,true,5,5,6,0.9810167229003076,true,Withers=2 | Sinkhole=0 | Bat Swarm=0 | TNT Rain=1 | Nuke=3 | Fall=1 | Void=0 | Misc=2 | Chats=18,1,0,2,0,0,0,0,0,2,1,0,0,Withers,0,0,0,0,0,0,0,0,0,0,0,0,0,0,0,0,0,0,0,0,0,0,0,0,0,1,0,Withers | Sinkhole | Bat Swarm,0,0,0,0,0,0,0,0,0,0,0,0,0,0,0,0,0,0,0,0,0,0,0,0,0,1,0,Withers | Sinkhole | Bat Swarm | TNT Rain | Nuke,0,0,0,0,0,0,0,0,0,0,0,0,0,0,3,0,0,0,0,0,0,0,1,0,0,0,0,0,0,0,0,0,0,0,0,0,0,0,0,0,0,3,0,0,0,0,0,0,0,1,0,0,2,0,280,280,,,20,20,20,20,20,20,20,20,20,20,20,20,20,20,20,,,,,,,,,,,,,,,,,,,,,,,,,,,,,,,,,
8,Library,12,16,true,218,12,"Meteor Shower | Red Light, Green Light",7,5,0.5833333333333334,0.4166666666666667,151,7,Tornado | Bat Swarm,2,5,0.2857142857142857,0.7142857142857143,71,2,TNT Rain | Half Health,0,2,0.0,1.0,3,0,12,0.0,6,"Meteor Shower | Red Light, Green Light | Tornado | Bat Swarm | TNT Rain | Half Health",false,excluding_recorder_when_alive,true,11,0,0,true,11,6,true,6,1,true,1,0,false,0,11,0.0,disaster_chat_death_history_wave_specific_v16,false,true,0,0,0,0.0,true,"Meteor Shower=0 | Red Light, Green Light=9 | Tornado=1 | Bat Swarm=0 | TNT Rain=0 | Half Health=0 | Fall=0 | Void=0 | Misc=1 | Chats=15",0,0,1,0,0,1,0,0,0,0,0,0,"Meteor Shower | Red Light, Green Light",0,0,0,0,0,0,0,0,0,0,0,0,0,0,0,0,4,0,0,0,0,0,0,0,0,0,0,"Meteor Shower | Red Light, Green Light | Tornado | Bat Swarm",0,0,0,0,0,0,0,0,0,0,0,0,0,0,0,0,4,0,0,0,0,0,0,1,0,0,0,"Meteor Shower | Red Light, Green Light | Tornado | Bat Swarm | TNT Rain | Half Health",0,0,0,0,0,0,0,0,0,0,0,0,0,0,0,0,1,0,0,0,0,0,0,0,0,0,0,0,0,0,0,0,0,0,0,0,0,0,0,0,0,0,0,9,0,0,0,0,0,0,1,0,0,0,220,220,,,20,20,20,20,20,20,20,20,20,20,20,20,,,,,,,,,,,,,,,,,,,,,,,,,,,,,,,,,,,,
8,Melon Mall,14,16,true,210,14,Flood,13,1,0.9285714285714286,0.07142857142857142,138,13,Tornado | Purge,5,8,0.38461538461538464,0.6153846153846154,76,5,Acid Rain | Nuke,1,4,0.2,0.8,3,1,13,0.07142857142857142,5,Flood | Tornado | Purge | Acid Rain | Nuke,false,excluding_recorder_when_alive,true,13,0,0,true,13,12,true,12,4,true,4,0,true,0,13,0.0,disaster_chat_death_history_wave_specific_v16,false,true,4,3,0,1.6721585686431908,true,Flood=1 | Tornado=8 | Purge=1 | Acid Rain=2 | Nuke=0 | Fall=1 | Void=0 | Misc=0 | Chats=21,1,0,0,1,0,0,0,0,0,0,0,0,Flood,0,0,0,0,0,0,0,0,0,0,0,0,0,0,0,0,0,0,0,0,0,0,0,0,0,0,0,Flood | Tornado | Purge,0,0,0,0,0,0,1,0,0,0,0,0,0,0,0,1,0,0,0,0,0,0,0,6,0,0,0,Flood | Tornado | Purge | Acid Rain | Nuke,2,0,0,0,0,0,0,0,0,0,0,0,0,0,0,0,0,0,0,0,0,0,0,2,0,0,0,2,0,0,0,0,0,1,0,0,0,0,0,0,0,0,1,0,0,0,0,0,0,0,8,0,0,0,260,251,,,20,20,20,20,20,20,20,11,20,20,20,20,20,20,,,,,,,,,,,,,,,,,,,,,,,,,,,,,,,,,,
8,Arctic Lab,15,16,true,203,15,Flood | Anvil Rain,14,1,0.9333333333333333,0.06666666666666667,139,14,Zombie Apocalypse | Disco,10,4,0.7142857142857143,0.2857142857142857,60,10,Lightning | Bat Swarm,4,6,0.4,0.6,3,4,11,0.26666666666666666,6,Flood | Anvil Rain | Zombie Apocalypse | Disco | Lightning | Bat Swarm,false,excluding_recorder_when_alive,true,14,0,0,true,14,14,false,14,10,false,10,4,false,4,10,0.2857142857142857,disaster_chat_death_history_wave_specific_v16,false,true,4,5,6,1.2836382897308176,true,Flood=3 | Anvil Rain=0 | Zombie Apocalypse=3 | Disco=0 | Lightning=0 | Bat Swarm=1 | Fall=3 | Void=0 | Misc=0 | Chats=19,3,0,0,0,0,0,1,0,0,2,0,0,Flood | Anvil Rain,0,0,0,0,0,0,0,0,0,0,0,0,0,0,0,0,0,0,0,0,0,0,0,0,0,0,0,Flood | Anvil Rain | Zombie Apocalypse | Disco,0,0,0,0,0,0,1,0,0,0,0,0,0,0,0,0,0,0,0,0,0,0,0,0,0,0,2,Flood | Anvil Rain | Zombie Apocalypse | Disco | Lightning | Bat Swarm,0,0,1,0,0,0,2,0,0,0,0,0,0,0,0,0,0,0,0,0,0,0,0,0,0,0,1,0,0,1,0,0,0,3,0,0,0,0,0,0,0,0,0,0,0,0,0,0,0,0,0,0,0,3,280,280,,,20,20,20,20,20,20,20,20,20,20,20,20,20,20,20,,,,,,,,,,,,,,,,,,,,,,,,,,,,,,,,,
8,Spaceship,16,16,true,178,16,The Floor is Lava | Hot Potato,9,7,0.5625,0.4375,123,9,Zombie Apocalypse | Nuke,7,2,0.7777777777777778,0.2222222222222222,62,7,Sinkhole | Bat Swarm,5,2,0.7142857142857143,0.2857142857142857,3,5,11,0.3125,6,The Floor is Lava | Hot Potato | Zombie Apocalypse | Nuke | Sinkhole | Bat Swarm,false,excluding_recorder_when_alive,true,15,0,0,true,15,8,true,8,6,true,6,4,true,4,11,0.26666666666666666,disaster_chat_death_history_wave_specific_v16,false,true,1,0,3,3.3040023068099225,true,The Floor is Lava=6 | Hot Potato=0 | Zombie Apocalypse=0 | Nuke=0 | Sinkhole=1 | Bat Swarm=0 | Fall=1 | Void=3 | Misc=0 | Chats=18,1,3,0,1,3,0,0,0,0,0,0,0,The Floor is Lava | Hot Potato,0,0,0,0,0,0,0,0,0,0,0,0,0,0,0,0,0,0,0,0,0,3,0,0,0,0,0,The Floor is Lava | Hot Potato | Zombie Apocalypse | Nuke,0,0,0,0,0,0,0,0,0,0,0,0,0,0,0,0,0,0,0,0,0,2,0,0,0,0,0,The Floor is Lava | Hot Potato | Zombie Apocalypse | Nuke | Sinkhole | Bat Swarm,0,0,0,0,0,0,0,0,0,0,0,0,0,0,0,0,0,1,0,0,0,1,0,0,0,0,0,0,0,0,0,0,0,0,0,0,0,0,0,0,0,0,0,0,1,0,0,0,6,0,0,0,0,0,300,287,,,20,20,20,20,20,20,20,20,20,20,20,20,20,20,20,7,,,,,,,,,,,,,,,,,,,,,,,,,,,,,,,,
8,Melon Mall,13,16,true,211,13,TNT Rain | Half Health,13,0,1.0,0.0,141,13,The Floor is Lava,8,5,0.6153846153846154,0.38461538461538464,71,8,Zombie Apocalypse | Nuke,2,6,0.25,0.75,3,2,11,0.15384615384615385,5,TNT Rain | Half Health | The Floor is Lava | Zombie Apocalypse | Nuke,false,excluding_recorder_when_alive,true,12,0,0,true,12,12,true,12,8,false,8,2,false,2,10,0.16666666666666666,disaster_chat_death_history_wave_specific_v16,false,true,5,3,3,1.338422776045197,true,TNT Rain=2 | Half Health=0 | The Floor is Lava=6 | Zombie Apocalypse=1 | Nuke=0 | Fall=1 | Void=0 | Misc=0 | Chats=17,1,0,0,0,0,0,0,0,0,1,0,0,TNT Rain | Half Health,0,0,0,0,0,0,0,0,0,0,0,0,0,0,0,0,0,0,0,0,0,0,0,0,0,0,0,TNT Rain | Half Health | The Floor is Lava,0,0,0,0,0,0,0,0,0,0,0,0,0,0,0,0,0,0,0,0,0,4,0,0,0,0,0,TNT Rain | Half Health | The Floor is Lava | Zombie Apocalypse | Nuke,0,0,0,0,0,0,0,0,0,0,0,0,0,0,0,0,0,0,0,0,0,2,2,0,0,0,1,0,0,0,0,0,0,0,0,0,0,0,0,0,0,0,0,0,0,0,0,0,6,2,0,0,0,1,240,120,120,,10,10,10,10,10,10,10,10,10,10,10,10,10,,,,10,10,10,10,10,10,10,10,10,10,10,10,2,,,,,,,,,,,,,,,,,,,
8,Castle,16,16,true,203,16,Tornado | Anvil Rain,11,5,0.6875,0.3125,132,11,Fragile Ground | Hypixel Says,8,3,0.7272727272727273,0.2727272727272727,76,8,Lightning | Grounded,4,4,0.5,0.5,3,4,12,0.25,6,Tornado | Anvil Rain | Fragile Ground | Hypixel Says | Lightning | Grounded,false,excluding_recorder_when_alive,true,15,0,0,true,15,11,false,11,8,false,8,4,false,4,11,0.26666666666666666,disaster_chat_death_history_wave_specific_v16,false,true,4,4,6,1.2162761200595518,true,Tornado=4 | Anvil Rain=1 | Fragile Ground=0 | Hypixel Says=0 | Lightning=0 | Grounded=0 | Fall=2 | Void=3 | Misc=1 | Chats=11,2,3,1,0,0,1,1,0,0,1,3,0,Tornado | Anvil Rain,0,1,0,0,0,0,0,0,0,0,0,0,0,0,0,0,0,0,0,0,0,0,0,2,0,0,0,Tornado | Anvil Rain | Fragile Ground | Hypixel Says,0,0,0,0,0,0,0,0,0,0,0,0,0,0,0,0,0,0,0,0,0,0,0,2,0,0,0,Tornado | Anvil Rain | Fragile Ground | Hypixel Says | Lightning | Grounded,0,0,0,0,0,0,0,0,0,0,0,0,0,0,0,0,0,0,0,0,0,0,0,0,0,0,0,0,1,0,0,0,0,0,0,0,0,0,0,0,0,0,0,0,0,0,0,0,0,0,4,0,0,0,300,300,,,20,20,20,20,20,20,20,20,20,20,20,20,20,20,20,20,,,,,,,,,,,,,,,,,,,,,,,,,,,,,,,,
8,Library,16,16,true,176,16,Flood,15,1,0.9375,0.0625,114,15,Zombie Apocalypse | Half Health,9,6,0.6,0.4,61,9,Withers | Hypixel Says,5,4,0.5555555555555556,0.4444444444444444,3,5,11,0.3125,5,Flood | Zombie Apocalypse | Half Health | Withers | Hypixel Says,false,excluding_recorder_when_alive,true,15,0,0,true,15,14,true,14,8,true,8,4,true,4,11,0.26666666666666666,disaster_chat_death_history_wave_specific_v16,false,true,6,6,3,1.447752998973941,true,Flood=5 | Zombie Apocalypse=2 | Half Health=0 | Withers=2 | Hypixel Says=0 | Fall=2 | Void=0 | Misc=0 | Chats=19,2,0,0,0,0,0,1,0,0,1,0,0,Flood,0,0,0,0,0,0,1,0,0,0,0,0,0,0,0,0,0,0,0,0,0,0,0,0,0,0,0,Flood | Zombie Apocalypse | Half Health,0,0,0,0,0,0,3,0,0,0,0,0,0,0,0,0,0,0,0,0,0,0,0,0,0,0,2,Flood | Zombie Apocalypse | Half Health | Withers | Hypixel Says,0,0,0,0,0,0,1,0,0,0,0,0,0,0,0,0,0,0,0,0,0,0,0,0,0,2,0,0,0,0,0,0,0,5,0,0,0,0,0,0,0,0,0,0,0,0,0,0,0,0,0,0,2,2,300,300,,,20,20,20,20,20,20,20,20,20,20,20,20,20,20,20,20,,,,,,,,,,,,,,,,,,,,,,,,,,,,,,,,
8,Monorail,15,16,true,190,15,Sinkhole,14,1,0.9333333333333333,0.06666666666666667,112,14,Meteor Shower | Purge,8,6,0.5714285714285714,0.42857142857142855,58,8,Tornado | Swappage,6,2,0.75,0.25,3,6,9,0.4,5,Sinkhole | Meteor Shower | Purge | Tornado | Swappage,false,excluding_recorder_when_alive,true,14,0,0,true,14,13,true,13,8,false,8,6,false,6,8,0.42857142857142855,disaster_chat_death_history_wave_specific_v16,false,true,7,6,5,0.9650255534221361,true,Sinkhole=1 | Meteor Shower=2 | Purge=0 | Tornado=1 | Swappage=0 | Fall=1 | Void=3 | Misc=0 | Chats=22,1,3,0,0,0,0,1,3,0,0,0,0,Sinkhole,0,0,0,0,0,0,0,0,0,0,0,0,0,0,0,0,0,1,0,0,0,0,0,0,0,0,0,Sinkhole | Meteor Shower | Purge,0,0,0,0,0,0,0,0,0,0,0,0,0,1,0,0,0,0,0,0,0,0,0,0,0,0,0,Sinkhole | Meteor Shower | Purge | Tornado | Swappage,0,0,0,0,0,0,0,0,0,0,0,0,0,1,0,0,0,0,0,0,0,0,0,1,0,0,0,0,0,0,0,0,0,0,0,0,0,0,0,0,2,0,0,0,1,0,0,0,0,0,1,0,0,0,280,280,,,20,20,20,20,20,20,20,20,20,20,20,20,20,20,20,,,,,,,,,,,,,,,,,,,,,,,,,,,,,,,,,
8,Cruise Ship,14,16,true,213,14,Stampede | Half Health,12,2,0.8571428571428571,0.14285714285714285,138,12,Lightning | Hot Potato,10,2,0.8333333333333334,0.16666666666666666,67,10,The Floor is Lava,4,6,0.4,0.6,3,4,10,0.2857142857142857,5,Stampede | Half Health | Lightning | Hot Potato | The Floor is Lava,false,excluding_recorder_when_alive,true,13,0,0,true,13,12,false,12,10,false,10,4,false,4,9,0.3076923076923077,disaster_chat_death_history_wave_specific_v16,false,true,4,5,6,1.4445532325967088,true,Stampede=4 | Half Health=0 | Lightning=0 | Hot Potato=1 | The Floor is Lava=2 | Fall=2 | Void=0 | Misc=0 | Chats=10,2,0,0,0,0,0,1,0,0,1,0,0,Stampede | Half Health,0,0,0,0,0,0,0,0,0,0,0,0,0,0,0,0,0,0,0,1,0,0,0,0,0,0,0,Stampede | Half Health | Lightning | Hot Potato,0,0,0,0,0,0,0,0,0,0,1,0,0,0,0,0,0,0,0,0,0,0,0,0,0,0,0,Stampede | Half Health | Lightning | Hot Potato | The Floor is Lava,0,0,0,0,0,0,0,0,0,0,0,0,0,0,0,0,0,0,0,3,0,2,0,0,0,0,0,0,0,0,0,0,0,0,0,0,0,1,0,0,0,0,0,0,0,0,4,0,2,0,0,0,0,0,260,130,,,10,10,10,10,10,10,10,10,10,10,10,10,10,10,,,,,,,,,,,,,,,,,,,,,,,,,,,,,,,,,,
8,Paradise,16,16,true,212,16,Withers,16,0,1.0,0.0,139,16,TNT Rain,14,2,0.875,0.125,66,14,Fragile Ground | Nuke,11,3,0.7857142857142857,0.21428571428571427,3,11,5,0.6875,4,Withers | TNT Rain | Fragile Ground | Nuke,false,excluding_recorder_when_alive,true,15,0,0,true,15,15,true,15,13,true,13,11,false,11,4,0.7333333333333333,disaster_chat_death_history_wave_specific_v16,false,true,6,9,10,2.710684791025117,true,Withers=2 | TNT Rain=1 | Fragile Ground=0 | Nuke=0 | Fall=0 | Void=1 | Misc=0 | Chats=17,0,1,0,0,0,0,0,0,0,0,1,0,Withers,0,0,0,0,0,0,0,0,0,0,0,0,0,0,0,0,0,0,0,0,0,0,0,0,0,0,0,Withers | TNT Rain,0,0,0,0,0,0,0,0,0,0,0,0,0,0,0,0,0,0,0,0,0,0,0,0,0,2,0,Withers | TNT Rain | Fragile Ground | Nuke,0,0,0,0,0,0,0,0,0,0,0,0,0,0,0,0,0,0,0,0,0,0,1,0,0,0,0,0,0,0,0,0,0,0,0,0,0,0,0,0,0,0,0,0,0,0,0,0,0,1,0,0,2,0,300,300,243,,20,20,20,20,20,20,20,20,20,20,20,20,20,20,20,20,20,20,20,20,15,20,20,15,20,20,17,2,17,8,17,12,,,,,,,,,,,,,,,,
8,Cruise Ship,16,16,true,214,16,Sinkhole | Werewolf,13,3,0.8125,0.1875,150,13,Stampede | Blackout,7,6,0.5384615384615384,0.46153846153846156,74,7,"TNT Rain | Red Light, Green Light",3,4,0.42857142857142855,0.5714285714285714,3,3,13,0.1875,6,"Sinkhole | Werewolf | Stampede | Blackout | TNT Rain | Red Light, Green Light",false,excluding_recorder_when_alive,true,15,0,1,true,14,11,true,11,7,false,7,3,false,3,12,0.2,disaster_chat_death_history_wave_specific_v16,false,true,4,4,2,1.0620046712068862,true,"Sinkhole=1 | Werewolf=5 | Stampede=1 | Blackout=0 | TNT Rain=1 | Red Light, Green Light=3 | Fall=0 | Void=0 | Misc=0 | Chats=26",0,0,0,0,0,0,0,0,0,0,0,0,Sinkhole | Werewolf,0,0,0,0,0,0,0,0,0,0,0,0,0,0,0,0,0,0,0,0,0,0,0,0,3,0,0,Sinkhole | Werewolf | Stampede | Blackout,0,0,0,0,0,0,0,0,0,0,0,0,0,0,0,0,0,1,0,1,0,0,0,0,2,0,0,"Sinkhole | Werewolf | Stampede | Blackout | TNT Rain | Red Light, Green Light",0,0,0,0,0,0,0,0,0,0,0,0,0,0,0,0,3,0,0,0,0,0,1,0,0,0,0,0,0,0,0,0,0,0,0,0,0,0,0,0,0,0,0,3,1,0,1,0,0,1,0,5,0,0,300,271,,,20,20,20,20,20,20,20,20,20,20,20,20,20,15,20,16,,,,,,,,,,,,,,,,,,,,,,,,,,,,,,,,
8,Area 52,16,16,true,166,16,Flood,16,0,1.0,0.0,108,16,Tornado,14,2,0.875,0.125,54,14,Dragons | Hypixel Says,10,4,0.7142857142857143,0.2857142857142857,3,10,6,0.625,4,Flood | Tornado | Dragons | Hypixel Says,false,excluding_recorder_when_alive,true,15,0,0,true,15,15,true,15,13,true,13,9,true,9,6,0.6,disaster_chat_death_history_wave_specific_v16,false,true,6,6,9,1.7098720237164857,true,Flood=2 | Tornado=1 | Dragons=0 | Hypixel Says=1 | Fall=0 | Void=1 | Misc=1 | Chats=15,0,1,1,0,0,0,0,1,0,0,0,1,Flood,0,0,0,0,0,0,0,0,0,0,0,0,0,0,0,0,0,0,0,0,0,0,0,0,0,0,0,Flood | Tornado,0,0,0,0,0,0,1,0,0,0,0,0,0,0,0,0,0,0,0,0,0,0,0,0,0,0,0,Flood | Tornado | Dragons | Hypixel Says,0,0,0,0,0,0,1,0,0,0,0,1,0,0,0,0,0,0,0,0,0,0,0,1,0,0,0,0,0,0,0,0,0,2,0,0,0,0,1,0,0,0,0,0,0,0,0,0,0,0,1,0,0,0,300,300,269,,20,20,20,20,20,20,20,20,20,20,20,20,20,20,20,20,20,10,20,17,20,15,20,20,20,18,17,20,20,19,19,13,,,,,,,,,,,,,,,,
8,Arctic Lab,16,16,true,189,16,TNT Rain | Grounded,16,0,1.0,0.0,125,16,Lightning,9,7,0.5625,0.4375,63,9,Dragons | Hot Potato,6,3,0.6666666666666666,0.3333333333333333,3,6,10,0.375,5,TNT Rain | Grounded | Lightning | Dragons | Hot Potato,false,excluding_recorder_when_alive,true,15,0,0,true,15,15,true,15,8,true,8,6,false,6,9,0.4,disaster_chat_death_history_wave_specific_v16,false,true,7,10,6,2.2313900506315956,true,TNT Rain=2 | Grounded=0 | Lightning=0 | Dragons=0 | Hot Potato=0 | Fall=0 | Void=6 | Misc=1 | Chats=12,0,6,1,0,0,0,0,4,1,0,2,0,TNT Rain | Grounded,0,0,0,0,0,0,0,0,0,0,0,0,0,0,0,0,0,0,0,0,0,0,0,0,0,0,0,TNT Rain | Grounded | Lightning,0,0,0,0,0,0,0,0,0,0,0,0,0,0,0,0,0,0,0,0,0,0,2,0,0,0,0,TNT Rain | Grounded | Lightning | Dragons | Hot Potato,0,0,0,0,0,0,0,0,0,0,0,0,0,0,0,0,0,0,0,0,0,0,0,0,0,0,0,0,0,0,0,0,0,0,0,0,0,0,0,0,0,0,0,0,0,0,0,0,0,2,0,0,0,0,300,300,249,,20,20,20,20,20,20,20,20,20,20,20,20,20,20,20,20,9,17,11,20,17,20,11,17,20,17,17,20,19,20,14,19,,,,,,,,,,,,,,,,
8,Gondola,15,16,true,214,15,The Floor is Lava,13,2,0.8666666666666667,0.13333333333333333,146,13,Zombie Apocalypse | Werewolf,3,10,0.23076923076923078,0.7692307692307693,68,3,Sinkhole,2,1,0.6666666666666666,0.3333333333333333,3,2,13,0.13333333333333333,4,The Floor is Lava | Zombie Apocalypse | Werewolf | Sinkhole,false,excluding_recorder_when_alive,true,14,0,0,true,14,11,true,11,2,false,2,2,false,2,12,0.14285714285714285,disaster_chat_death_history_wave_specific_v16,false,true,1,1,0,1.540020858895882,true,The Floor is Lava=4 | Zombie Apocalypse=1 | Werewolf=7 | Sinkhole=0 | Fall=0 | Void=1 | Misc=1 | Chats=23,0,1,1,0,0,1,0,1,0,0,0,0,The Floor is Lava,0,0,0,0,0,0,0,0,0,0,0,0,0,0,0,0,0,0,0,0,0,2,0,0,0,0,0,The Floor is Lava | Zombie Apocalypse | Werewolf,0,0,0,0,0,0,0,0,0,0,0,0,0,0,0,0,0,0,0,0,0,2,0,0,5,0,1,The Floor is Lava | Zombie Apocalypse | Werewolf | Sinkhole,0,0,0,0,0,0,0,0,0,0,0,0,0,0,0,0,0,0,0,0,0,0,0,0,2,0,0,0,0,0,0,0,0,0,0,0,0,0,0,0,0,0,0,0,0,0,0,0,4,0,0,7,0,1,280,280,,,20,20,20,20,20,20,20,20,20,20,20,20,20,20,20,,,,,,,,,,,,,,,,,,,,,,,,,,,,,,,,,
8,Paradise,16,16,true,173,16,Tornado | Swappage,6,10,0.375,0.625,123,6,Dragons | Werewolf,4,2,0.6666666666666666,0.3333333333333333,61,4,The Floor is Lava | Grounded,2,2,0.5,0.5,3,2,14,0.125,6,Tornado | Swappage | Dragons | Werewolf | The Floor is Lava | Grounded,false,excluding_recorder_when_alive,true,15,0,0,true,15,4,true,4,3,false,3,1,false,1,14,0.06666666666666667,disaster_chat_death_history_wave_specific_v16,false,true,5,0,0,1.8547527437022815,true,Tornado=1 | Swappage=0 | Dragons=0 | Werewolf=1 | The Floor is Lava=1 | Grounded=0 | Fall=1 | Void=4 | Misc=7 | Chats=14,1,4,7,1,3,7,0,0,0,0,1,0,Tornado | Swappage,0,0,0,0,0,0,0,0,0,0,0,0,0,0,0,0,0,0,0,0,0,0,0,0,0,0,0,Tornado | Swappage | Dragons | Werewolf,0,0,0,0,0,0,0,0,0,0,0,0,0,0,0,0,0,0,0,0,0,0,0,1,1,0,0,Tornado | Swappage | Dragons | Werewolf | The Floor is Lava | Grounded,0,0,0,0,0,0,0,0,0,0,0,0,0,0,0,0,0,0,0,0,0,1,0,0,0,0,0,0,0,0,0,0,0,0,0,0,0,0,0,0,0,0,0,0,0,0,0,0,1,0,1,1,0,0,300,300,,,20,20,20,20,20,20,20,20,20,20,20,20,20,20,20,20,,,,,,,,,,,,,,,,,,,,,,,,,,,,,,,,
8,Library,16,16,true,170,16,Meteor Shower,14,2,0.875,0.125,106,14,"Zombie Apocalypse | Red Light, Green Light",4,10,0.2857142857142857,0.7142857142857143,50,4,Tornado | Half Health,3,1,0.75,0.25,3,3,13,0.1875,5,"Meteor Shower | Zombie Apocalypse | Red Light, Green Light | Tornado | Half Health",false,excluding_recorder_when_alive,true,15,0,0,true,15,13,true,13,4,false,4,3,false,3,12,0.2,disaster_chat_death_history_wave_specific_v16,false,true,6,0,0,3.8923043967325173,true,"Meteor Shower=1 | Zombie Apocalypse=2 | Red Light, Green Light=6 | Tornado=0 | Half Health=0 | Fall=2 | Void=1 | Misc=0 | Chats=24",2,1,0,1,1,0,1,0,0,0,0,0,Meteor Shower,0,0,0,0,0,0,0,0,0,0,0,0,0,0,0,0,0,0,0,0,0,0,0,0,0,0,0,"Meteor Shower | Zombie Apocalypse | Red Light, Green Light",0,0,0,0,0,0,0,0,0,0,0,0,0,1,0,0,5,0,0,0,0,0,0,0,0,0,2,"Meteor Shower | Zombie Apocalypse | Red Light, Green Light | Tornado | Half Health",0,0,0,0,0,0,0,0,0,0,0,0,0,0,0,0,1,0,0,0,0,0,0,0,0,0,0,0,0,0,0,0,0,0,0,0,0,0,0,0,1,0,0,6,0,0,0,0,0,0,0,0,0,2,300,300,,,20,20,20,20,20,20,20,20,20,20,20,20,20,20,20,20,,,,,,,,,,,,,,,,,,,,,,,,,,,,,,,,
8,Melon Mall,14,16,true,205,14,Sinkhole | Disco,12,2,0.8571428571428571,0.14285714285714285,136,12,Dragons,9,3,0.75,0.25,76,9,TNT Rain | Purge,7,2,0.7777777777777778,0.2222222222222222,3,7,7,0.5,5,Sinkhole | Disco | Dragons | TNT Rain | Purge,false,excluding_recorder_when_alive,true,13,0,0,true,13,11,true,11,8,true,8,6,true,6,7,0.46153846153846156,disaster_chat_death_history_wave_specific_v16,false,true,6,6,4,1.0023269521573055,true,Sinkhole=0 | Disco=0 | Dragons=1 | TNT Rain=0 | Purge=0 | Fall=2 | Void=1 | Misc=3 | Chats=17,2,1,3,0,0,2,1,0,1,1,1,0,Sinkhole | Disco,0,0,0,0,0,0,0,0,0,0,0,0,0,0,0,0,0,0,0,0,0,0,0,0,0,0,0,Sinkhole | Disco | Dragons,0,0,0,0,0,1,0,0,0,0,0,0,0,0,0,0,0,0,0,0,0,0,0,0,0,0,0,Sinkhole | Disco | Dragons | TNT Rain | Purge,0,0,0,0,0,0,0,0,0,0,0,0,0,0,0,0,0,0,0,0,0,0,0,0,0,0,0,0,0,0,0,0,1,0,0,0,0,0,0,0,0,0,0,0,0,0,0,0,0,0,0,0,0,0,260,260,,,20,20,20,20,20,20,20,20,20,20,20,20,20,20,,,,,,,,,,,,,,,,,,,,,,,,,,,,,,,,,,
8,Spaceship,16,16,true,207,16,Zombie Apocalypse | Anvil Rain,8,8,0.5,0.5,134,8,Fragile Ground | Half Health,4,4,0.5,0.5,78,4,Acid Rain | Grounded,2,2,0.5,0.5,3,2,14,0.125,6,Zombie Apocalypse | Anvil Rain | Fragile Ground | Half Health | Acid Rain | Grounded,false,excluding_recorder_when_alive,true,15,0,0,true,15,7,true,7,4,false,4,2,false,2,13,0.13333333333333333,disaster_chat_death_history_wave_specific_v16,false,true,4,2,1,0.877915664551343,true,Zombie Apocalypse=5 | Anvil Rain=0 | Fragile Ground=0 | Half Health=0 | Acid Rain=0 | Grounded=0 | Fall=3 | Void=3 | Misc=2 | Chats=21,3,3,2,1,2,2,1,1,0,1,0,0,Zombie Apocalypse | Anvil Rain,0,0,0,0,0,0,0,0,0,0,0,0,0,0,0,0,0,0,0,0,0,0,0,0,0,0,3,Zombie Apocalypse | Anvil Rain | Fragile Ground | Half Health,0,0,0,0,0,0,0,0,0,0,0,0,0,0,0,0,0,0,0,0,0,0,0,0,0,0,1,Zombie Apocalypse | Anvil Rain | Fragile Ground | Half Health | Acid Rain | Grounded,0,0,0,0,0,0,0,0,0,0,0,0,0,0,0,0,0,0,0,0,0,0,0,0,0,0,1,0,0,0,0,0,0,0,0,0,0,0,0,0,0,0,0,0,0,0,0,0,0,0,0,0,0,5,300,298,,,20,20,20,20,20,20,20,20,20,20,20,20,20,18,20,20,,,,,,,,,,,,,,,,,,,,,,,,,,,,,,,,
8,Paradise,16,16,true,173,16,Meteor Shower | Purge,12,4,0.75,0.25,118,12,Fragile Ground | Half Health,7,5,0.5833333333333334,0.4166666666666667,62,7,Tornado | Hypixel Says,4,3,0.5714285714285714,0.42857142857142855,3,4,12,0.25,6,Meteor Shower | Purge | Fragile Ground | Half Health | Tornado | Hypixel Says,false,excluding_recorder_when_alive,true,15,0,0,true,15,12,false,12,7,false,7,4,false,4,11,0.26666666666666666,disaster_chat_death_history_wave_specific_v16,false,true,5,6,4,0.9281709356414477,true,Meteor Shower=2 | Purge=3 | Fragile Ground=0 | Half Health=0 | Tornado=1 | Hypixel Says=1 | Fall=4 | Void=0 | Misc=0 | Chats=12,4,0,0,1,0,0,3,0,0,0,0,0,Meteor Shower | Purge,0,0,0,0,0,0,0,0,0,0,0,0,0,0,0,2,0,0,0,0,0,0,0,0,0,0,0,Meteor Shower | Purge | Fragile Ground | Half Health,0,0,0,0,0,0,0,0,0,0,0,0,0,1,0,1,0,0,0,0,0,0,0,0,0,0,0,Meteor Shower | Purge | Fragile Ground | Half Health | Tornado | Hypixel Says,0,0,0,0,0,0,0,0,0,0,0,1,0,1,0,0,0,0,0,0,0,0,0,1,0,0,0,0,0,0,0,0,0,0,0,0,0,0,1,0,2,0,3,0,0,0,0,0,0,0,1,0,0,0,300,300,,,20,20,20,20,20,20,20,20,20,20,20,20,20,20,20,20,,,,,,,,,,,,,,,,,,,,,,,,,,,,,,,,
8,Gondola,16,16,true,162,16,Withers | Hypixel Says,12,4,0.75,0.25,112,12,Tornado | Werewolf,10,2,0.8333333333333334,0.16666666666666666,62,10,Lightning | Purge,4,6,0.4,0.6,3,4,12,0.25,6,Withers | Hypixel Says | Tornado | Werewolf | Lightning | Purge,false,excluding_recorder_when_alive,true,15,0,0,true,15,10,true,10,8,true,8,3,false,3,12,0.2,disaster_chat_death_history_wave_specific_v16,false,true,5,0,3,1.7322477898320758,true,Withers=6 | Hypixel Says=1 | Tornado=1 | Werewolf=2 | Lightning=0 | Purge=0 | Fall=1 | Void=1 | Misc=1 | Chats=17,1,1,1,0,1,1,1,0,0,0,0,0,Withers | Hypixel Says,0,0,0,0,0,0,0,0,0,0,0,1,0,0,0,0,0,0,0,0,0,0,0,0,0,2,0,Withers | Hypixel Says | Tornado | Werewolf,0,0,0,0,0,0,0,0,0,0,0,0,0,0,0,0,0,0,0,0,0,0,0,1,1,0,0,Withers | Hypixel Says | Tornado | Werewolf | Lightning | Purge,0,0,0,0,0,0,0,0,0,0,0,0,0,0,0,0,0,0,0,0,0,0,0,0,1,4,0,0,0,0,0,0,0,0,0,0,0,0,1,0,0,0,0,0,0,0,0,0,0,0,1,2,6,0,300,300,,,20,20,20,20,20,20,20,20,20,20,20,20,20,20,20,20,,,,,,,,,,,,,,,,,,,,,,,,,,,,,,,,
8,Gondola,15,16,true,170,15,Meteor Shower | Grounded,14,1,0.9333333333333333,0.06666666666666667,112,14,Acid Rain | Hypixel Says,11,3,0.7857142857142857,0.21428571428571427,50,11,Sinkhole | Purge,7,4,0.6363636363636364,0.36363636363636365,3,7,8,0.4666666666666667,6,Meteor Shower | Grounded | Acid Rain | Hypixel Says | Sinkhole | Purge,false,excluding_recorder_when_alive,true,14,0,0,true,14,13,true,13,10,true,10,7,false,7,7,0.5,disaster_chat_death_history_wave_specific_v16,false,true,5,4,6,1.9114352193896467,true,Meteor Shower=0 | Grounded=0 | Acid Rain=3 | Hypixel Says=1 | Sinkhole=0 | Purge=1 | Fall=1 | Void=0 | Misc=1 | Chats=19,1,0,1,1,0,0,0,0,1,0,0,0,Meteor Shower | Grounded,0,0,0,0,0,0,0,0,0,0,0,0,0,0,0,0,0,0,0,0,0,0,0,0,0,0,0,Meteor Shower | Grounded | Acid Rain | Hypixel Says,1,0,0,0,0,0,0,0,0,0,0,1,0,0,0,0,0,0,0,0,0,0,0,0,0,0,0,Meteor Shower | Grounded | Acid Rain | Hypixel Says | Sinkhole | Purge,2,0,0,0,0,0,0,0,0,0,0,0,0,0,0,1,0,0,0,0,0,0,0,0,0,0,0,3,0,0,0,0,0,0,0,0,0,0,1,0,0,0,1,0,0,0,0,0,0,0,0,0,0,0,280,280,,,20,20,20,20,20,20,20,20,20,20,20,20,20,20,20,,,,,,,,,,,,,,,,,,,,,,,,,,,,,,,,,
8,Cruise Ship,15,16,true,221,15,Withers | Werewolf,11,4,0.7333333333333333,0.26666666666666666,145,11,Sinkhole | Disco,7,4,0.6363636363636364,0.36363636363636365,72,7,Lightning | Hypixel Says,2,5,0.2857142857142857,0.7142857142857143,3,2,13,0.13333333333333333,6,Withers | Werewolf | Sinkhole | Disco | Lightning | Hypixel Says,false,excluding_recorder_when_alive,true,14,0,1,true,13,9,true,9,6,false,6,1,false,1,13,0.07142857142857142,disaster_chat_death_history_wave_specific_v16,false,true,1,2,3,1.1815958804626452,true,Withers=3 | Werewolf=3 | Sinkhole=0 | Disco=0 | Lightning=0 | Hypixel Says=2 | Fall=4 | Void=0 | Misc=0 | Chats=12,4,0,0,3,0,0,0,0,0,1,0,0,Withers | Werewolf,0,0,0,0,0,0,0,0,0,0,0,0,0,0,0,0,0,0,0,0,0,0,0,0,1,0,0,Withers | Werewolf | Sinkhole | Disco,0,0,0,0,0,0,0,0,0,0,0,0,0,0,0,0,0,0,0,0,0,0,0,0,2,1,0,Withers | Werewolf | Sinkhole | Disco | Lightning | Hypixel Says,0,0,0,0,0,0,0,0,0,0,0,2,0,0,0,0,0,0,0,0,0,0,0,0,0,2,0,0,0,0,0,0,0,0,0,0,0,0,2,0,0,0,0,0,0,0,0,0,0,0,0,3,3,0,280,251,,,20,20,20,18,20,20,20,20,20,20,20,13,20,20,20,,,,,,,,,,,,,,,,,,,,,,,,,,,,,,,,,
8,Castle,15,16,true,183,15,"TNT Rain | Red Light, Green Light",13,2,0.8666666666666667,0.13333333333333333,118,13,Dragons | Half Health,10,3,0.7692307692307693,0.23076923076923078,53,10,Zombie Apocalypse,2,8,0.2,0.8,3,2,13,0.13333333333333333,5,"TNT Rain | Red Light, Green Light | Dragons | Half Health | Zombie Apocalypse",false,excluding_recorder_when_alive,true,14,0,0,true,14,13,false,13,10,false,10,2,false,2,12,0.14285714285714285,disaster_chat_death_history_wave_specific_v16,false,true,1,4,4,1.6219521609924996,true,"TNT Rain=2 | Red Light, Green Light=4 | Dragons=1 | Half Health=0 | Zombie Apocalypse=4 | Fall=0 | Void=0 | Misc=1 | Chats=17",0,0,1,0,0,1,0,0,0,0,0,0,"TNT Rain | Red Light, Green Light",0,0,0,0,0,0,0,0,0,0,0,0,0,0,0,0,0,0,0,0,0,0,0,0,0,0,0,"TNT Rain | Red Light, Green Light | Dragons | Half Health",0,0,0,0,0,1,0,0,0,0,0,0,0,0,0,0,1,0,0,0,0,0,1,0,0,0,0,"TNT Rain | Red Light, Green Light | Dragons | Half Health | Zombie Apocalypse",0,0,0,0,0,0,0,0,0,0,0,0,0,0,0,0,3,0,0,0,0,0,1,0,0,0,4,0,0,0,0,0,1,0,0,0,0,0,0,0,0,0,0,4,0,0,0,0,0,2,0,0,0,4,280,280,,,20,20,20,20,20,20,20,20,20,20,20,20,20,20,20,,,,,,,,,,,,,,,,,,,,,,,,,,,,,,,,,
8,Paradise,16,16,true,209,16,Zombie Apocalypse,12,4,0.75,0.25,133,12,Withers | Nuke,7,5,0.5833333333333334,0.4166666666666667,77,7,Stampede | Anvil Rain,1,6,0.14285714285714285,0.8571428571428571,3,1,15,0.0625,5,Zombie Apocalypse | Withers | Nuke | Stampede | Anvil Rain,false,excluding_recorder_when_alive,true,15,0,0,true,15,12,false,12,7,false,7,1,false,1,14,0.06666666666666667,disaster_chat_death_history_wave_specific_v16,false,true,5,4,3,3.673952762838949,true,Zombie Apocalypse=3 | Withers=3 | Nuke=0 | Stampede=1 | Anvil Rain=0 | Fall=3 | Void=1 | Misc=3 | Chats=17,3,1,3,1,0,2,0,1,0,2,0,1,Zombie Apocalypse,0,0,0,0,0,0,0,0,0,0,0,0,0,0,0,0,0,0,0,0,0,0,0,0,0,0,0,Zombie Apocalypse | Withers | Nuke,0,0,0,0,0,0,0,0,0,0,0,0,0,0,0,0,0,0,0,0,0,0,0,0,0,2,2,Zombie Apocalypse | Withers | Nuke | Stampede | Anvil Rain,0,0,0,0,0,0,0,0,0,0,0,0,0,0,0,0,0,0,0,1,0,0,0,0,0,1,1,0,0,0,0,0,0,0,0,0,0,0,0,0,0,0,0,0,0,0,1,0,0,0,0,0,3,3,300,300,,,20,20,20,20,20,20,20,20,20,20,20,20,20,20,20,20,,,,,,,,,,,,,,,,,,,,,,,,,,,,,,,,
8,Area 52,16,16,true,207,16,Lightning | Nuke,13,3,0.8125,0.1875,135,13,TNT Rain | Werewolf,13,0,1.0,0.0,76,13,Zombie Apocalypse | Purge,3,10,0.23076923076923078,0.7692307692307693,3,3,13,0.1875,6,Lightning | Nuke | TNT Rain | Werewolf | Zombie Apocalypse | Purge,false,excluding_recorder_when_alive,true,15,0,0,true,15,11,true,11,11,true,11,3,false,3,12,0.2,disaster_chat_death_history_wave_specific_v16,false,true,7,4,5,2.2251298142758813,true,Lightning=0 | Nuke=1 | TNT Rain=0 | Werewolf=3 | Zombie Apocalypse=5 | Purge=0 | Fall=3 | Void=1 | Misc=1 | Chats=22,3,1,1,2,0,1,0,0,0,1,1,0,Lightning | Nuke,0,0,0,0,0,0,0,0,0,0,0,0,0,0,1,0,0,0,0,0,0,0,0,0,0,0,0,Lightning | Nuke | TNT Rain | Werewolf,0,0,0,0,0,0,0,0,0,0,0,0,0,0,0,0,0,0,0,0,0,0,0,0,1,0,0,Lightning | Nuke | TNT Rain | Werewolf | Zombie Apocalypse | Purge,0,0,0,0,0,0,0,0,0,0,0,0,0,0,0,0,0,0,0,0,0,0,0,0,2,0,5,0,0,0,0,0,0,0,0,0,0,0,0,0,0,1,0,0,0,0,0,0,0,0,0,3,0,5,300,296,,,20,20,20,18,18,20,20,20,20,20,20,20,20,20,20,20,,,,,,,,,,,,,,,,,,,,,,,,,,,,,,,,
8,Area 52,15,16,true,215,15,Tornado,13,2,0.8666666666666667,0.13333333333333333,142,13,Acid Rain | Half Health,10,3,0.7692307692307693,0.23076923076923078,65,10,Fragile Ground | Hot Potato,0,10,0.0,1.0,3,0,15,0.0,5,Tornado | Acid Rain | Half Health | Fragile Ground | Hot Potato,false,excluding_recorder_when_alive,true,14,0,0,true,14,12,true,12,9,true,9,0,false,0,14,0.0,disaster_chat_death_history_wave_specific_v16,false,true,3,4,8,12.379301314169918,true,Tornado=2 | Acid Rain=5 | Half Health=0 | Fragile Ground=0 | Hot Potato=1 | Fall=2 | Void=2 | Misc=2 | Chats=24,2,2,2,0,1,1,0,0,0,2,1,1,Tornado,0,0,0,0,0,0,0,0,0,0,0,0,0,0,0,0,0,0,0,0,0,0,0,0,0,0,0,Tornado | Acid Rain | Half Health,2,0,0,0,0,0,0,0,0,0,0,0,0,0,0,0,0,0,0,0,0,0,0,1,0,0,0,Tornado | Acid Rain | Half Health | Fragile Ground | Hot Potato,3,0,0,0,0,0,0,0,0,0,1,0,0,0,0,0,0,0,0,0,0,0,0,1,0,0,0,5,0,0,0,0,0,0,0,0,0,1,0,0,0,0,0,0,0,0,0,0,0,0,2,0,0,0,280,280,,,20,20,20,20,20,20,20,20,20,20,20,20,20,20,20,,,,,,,,,,,,,,,,,,,,,,,,,,,,,,,,,
8,Paradise,15,16,true,192,15,Dragons | Swappage,14,1,0.9333333333333333,0.06666666666666667,123,14,Meteor Shower | Grounded,11,3,0.7857142857142857,0.21428571428571427,73,11,TNT Rain | Disco,5,6,0.45454545454545453,0.5454545454545454,3,5,10,0.3333333333333333,6,Dragons | Swappage | Meteor Shower | Grounded | TNT Rain | Disco,false,excluding_recorder_when_alive,true,14,0,0,true,14,13,true,13,10,true,10,4,true,4,10,0.2857142857142857,disaster_chat_death_history_wave_specific_v16,false,true,6,6,6,1.928232149175639,true,Dragons=1 | Swappage=0 | Meteor Shower=0 | Grounded=0 | TNT Rain=1 | Disco=4 | Fall=2 | Void=1 | Misc=1 | Chats=16,2,1,1,0,1,0,2,0,1,0,0,0,Dragons | Swappage,0,0,0,0,0,0,0,0,0,0,0,0,0,0,0,0,0,0,0,0,0,0,0,0,0,0,0,Dragons | Swappage | Meteor Shower | Grounded,0,0,0,0,0,0,0,0,0,0,0,0,0,0,0,0,0,0,0,0,0,0,0,0,0,0,0,Dragons | Swappage | Meteor Shower | Grounded | TNT Rain | Disco,0,0,0,0,4,1,0,0,0,0,0,0,0,0,0,0,0,0,0,0,0,0,1,0,0,0,0,0,0,0,0,4,1,0,0,0,0,0,0,0,0,0,0,0,0,0,0,0,0,1,0,0,0,0,280,270,,,20,20,20,20,20,17,18,20,20,17,20,20,20,18,20,,,,,,,,,,,,,,,,,,,,,,,,,,,,,,,,,
8,Arctic Lab,16,16,true,192,16,"Withers | Red Light, Green Light",10,6,0.625,0.375,139,10,Lightning,4,6,0.4,0.6,77,4,Acid Rain | Bat Swarm,0,4,0.0,1.0,3,0,16,0.0,5,"Withers | Red Light, Green Light | Lightning | Acid Rain | Bat Swarm",false,excluding_recorder_when_alive,true,15,0,0,true,15,9,true,9,4,false,4,0,false,0,15,0.0,disaster_chat_death_history_wave_specific_v16,false,true,1,0,0,0.20486977647749655,true,"Withers=4 | Red Light, Green Light=8 | Lightning=1 | Acid Rain=0 | Bat Swarm=0 | Fall=1 | Void=0 | Misc=1 | Chats=22",1,0,1,0,0,0,1,0,1,0,0,0,"Withers | Red Light, Green Light",0,0,0,0,0,0,0,0,0,0,0,0,0,0,0,0,3,0,0,0,0,0,0,0,0,3,0,"Withers | Red Light, Green Light | Lightning",0,0,0,0,0,0,0,0,0,0,0,0,0,0,0,0,2,0,0,0,0,0,0,0,0,1,0,"Withers | Red Light, Green Light | Lightning | Acid Rain | Bat Swarm",0,0,0,0,0,0,0,0,0,0,0,0,1,0,0,0,3,0,0,0,0,0,0,0,0,0,0,0,0,0,0,0,0,0,0,0,0,0,0,1,0,0,0,8,0,0,0,0,0,0,0,0,4,0,300,294,,,20,20,20,20,18,20,16,20,20,20,20,20,20,20,20,20,,,,,,,,,,,,,,,,,,,,,,,,,,,,,,,,
8,Paradise,16,16,true,188,16,Zombie Apocalypse | Grounded,11,5,0.6875,0.3125,131,11,Fragile Ground,9,2,0.8181818181818182,0.18181818181818182,71,9,TNT Rain | Hypixel Says,8,1,0.8888888888888888,0.1111111111111111,3,8,8,0.5,5,Zombie Apocalypse | Grounded | Fragile Ground | TNT Rain | Hypixel Says,false,excluding_recorder_when_alive,true,15,0,0,true,15,11,false,11,9,false,9,8,false,8,7,0.5333333333333333,disaster_chat_death_history_wave_specific_v16,false,true,6,6,6,2.1598624482753093,true,Zombie Apocalypse=3 | Grounded=0 | Fragile Ground=0 | TNT Rain=0 | Hypixel Says=1 | Fall=3 | Void=0 | Misc=0 | Chats=14,3,0,0,1,0,0,2,0,0,0,0,0,Zombie Apocalypse | Grounded,0,0,0,0,0,0,0,0,0,0,0,0,0,0,0,0,0,0,0,0,0,0,0,0,0,0,3,Zombie Apocalypse | Grounded | Fragile Ground,0,0,0,0,0,0,0,0,0,0,0,0,0,0,0,0,0,0,0,0,0,0,0,0,0,0,0,Zombie Apocalypse | Grounded | Fragile Ground | TNT Rain | Hypixel Says,0,0,0,0,0,0,0,0,0,0,0,1,0,0,0,0,0,0,0,0,0,0,0,0,0,0,0,0,0,0,0,0,0,0,0,0,0,0,1,0,0,0,0,0,0,0,0,0,0,0,0,0,0,3,300,300,,,20,20,20,20,20,20,20,20,20,20,20,20,20,20,20,20,,,,,,,,,,,,,,,,,,,,,,,,,,,,,,,,
8,Gondola,15,16,true,199,15,"Tornado | Red Light, Green Light",14,1,0.9333333333333333,0.06666666666666667,132,14,Sinkhole | Blackout,12,2,0.8571428571428571,0.14285714285714285,68,12,Withers | Grounded,3,9,0.25,0.75,3,3,12,0.2,6,"Tornado | Red Light, Green Light | Sinkhole | Blackout | Withers | Grounded",false,excluding_recorder_when_alive,true,14,0,0,true,14,13,true,13,12,false,12,3,false,3,11,0.21428571428571427,disaster_chat_death_history_wave_specific_v16,false,true,0,4,7,4.451006980371947,true,"Tornado=0 | Red Light, Green Light=7 | Sinkhole=1 | Blackout=0 | Withers=3 | Grounded=0 | Fall=0 | Void=0 | Misc=0 | Chats=14",0,0,0,0,0,0,0,0,0,0,0,0,"Tornado | Red Light, Green Light",0,0,0,0,0,0,0,0,0,0,0,0,0,0,0,0,1,0,0,0,0,0,0,0,0,0,0,"Tornado | Red Light, Green Light | Sinkhole | Blackout",0,0,0,0,0,0,0,0,0,0,0,0,0,0,0,0,0,1,0,0,0,0,0,0,0,0,0,"Tornado | Red Light, Green Light | Sinkhole | Blackout | Withers | Grounded",0,0,0,0,0,0,0,0,0,0,0,0,0,0,0,0,6,0,0,0,0,0,0,0,0,3,0,0,0,0,0,0,0,0,0,0,0,0,0,0,0,0,0,7,1,0,0,0,0,0,0,0,3,0,280,280,,,20,20,20,20,20,20,20,20,20,20,20,20,20,20,20,,,,,,,,,,,,,,,,,,,,,,,,,,,,,,,,,
8,Castle,16,16,true,206,16,The Floor is Lava | Half Health,12,4,0.75,0.25,147,12,Sinkhole | Swappage,9,3,0.75,0.25,67,9,Stampede | Hot Potato,3,6,0.3333333333333333,0.6666666666666666,3,3,13,0.1875,6,The Floor is Lava | Half Health | Sinkhole | Swappage | Stampede | Hot Potato,false,excluding_recorder_when_alive,true,15,0,0,true,15,11,true,11,8,true,8,3,false,3,12,0.2,disaster_chat_death_history_wave_specific_v16,false,true,10,7,5,5.384638768371303,true,The Floor is Lava=6 | Half Health=0 | Sinkhole=1 | Swappage=0 | Stampede=1 | Hot Potato=0 | Fall=1 | Void=1 | Misc=2 | Chats=15,1,1,2,0,0,2,1,0,0,0,1,0,The Floor is Lava | Half Health,0,0,0,0,0,0,0,0,0,0,0,0,0,0,0,0,0,0,0,0,0,2,0,0,0,0,0,The Floor is Lava | Half Health | Sinkhole | Swappage,0,0,0,0,0,0,0,0,0,0,0,0,0,0,0,0,0,1,0,0,0,1,0,0,0,0,0,The Floor is Lava | Half Health | Sinkhole | Swappage | Stampede | Hot Potato,0,0,0,0,0,0,0,0,0,0,0,0,0,0,0,0,0,0,0,1,0,3,0,0,0,0,0,0,0,0,0,0,0,0,0,0,0,0,0,0,0,0,0,0,1,0,1,0,6,0,0,0,0,0,300,150,,,10,10,10,10,10,10,10,10,10,10,10,10,10,10,10,10,,,,,,,,,,,,,,,,,,,,,,,,,,,,,,,,
8,Castle,16,16,true,215,16,Zombie Apocalypse | Swappage,10,6,0.625,0.375,147,10,Sinkhole | Disco,8,2,0.8,0.2,71,8,Lightning,4,4,0.5,0.5,3,4,12,0.25,5,Zombie Apocalypse | Swappage | Sinkhole | Disco | Lightning,false,excluding_recorder_when_alive,true,15,0,0,true,15,9,true,9,8,false,8,4,false,4,11,0.26666666666666666,disaster_chat_death_history_wave_specific_v16,false,true,5,3,6,1.6627824463545724,true,Zombie Apocalypse=3 | Swappage=0 | Sinkhole=0 | Disco=0 | Lightning=0 | Fall=5 | Void=3 | Misc=0 | Chats=19,5,3,0,2,3,0,0,0,0,3,0,0,Zombie Apocalypse | Swappage,0,0,0,0,0,0,0,0,0,0,0,0,0,0,0,0,0,0,0,0,0,0,0,0,0,0,1,Zombie Apocalypse | Swappage | Sinkhole | Disco,0,0,0,0,0,0,0,0,0,0,0,0,0,0,0,0,0,0,0,0,0,0,0,0,0,0,1,Zombie Apocalypse | Swappage | Sinkhole | Disco | Lightning,0,0,0,0,0,0,0,0,0,0,0,0,0,0,0,0,0,0,0,0,0,0,0,0,0,0,1,0,0,0,0,0,0,0,0,0,0,0,0,0,0,0,0,0,0,0,0,0,0,0,0,0,0,3,300,300,,,20,20,20,20,20,20,20,20,20,20,20,20,20,20,20,20,,,,,,,,,,,,,,,,,,,,,,,,,,,,,,,,
8,Cruise Ship,16,16,true,189,16,TNT Rain,15,1,0.9375,0.0625,132,15,Acid Rain | Bat Swarm,11,4,0.7333333333333333,0.26666666666666666,60,11,Zombie Apocalypse,1,10,0.09090909090909091,0.9090909090909091,3,1,15,0.0625,4,TNT Rain | Acid Rain | Bat Swarm | Zombie Apocalypse,false,excluding_recorder_when_alive,true,15,0,0,true,15,14,true,14,10,true,10,1,false,1,14,0.06666666666666667,disaster_chat_death_history_wave_specific_v16,false,true,7,6,4,7.453677488996692,true,TNT Rain=0 | Acid Rain=2 | Bat Swarm=2 | Zombie Apocalypse=4 | Fall=3 | Void=1 | Misc=2 | Chats=33,3,1,2,0,1,0,0,0,2,3,0,0,TNT Rain,0,0,0,0,0,0,0,0,0,0,0,0,0,0,0,0,0,0,0,0,0,0,0,0,0,0,0,TNT Rain | Acid Rain | Bat Swarm,1,0,1,0,0,0,0,0,0,0,0,0,0,0,0,0,0,0,0,0,0,0,0,0,0,0,0,TNT Rain | Acid Rain | Bat Swarm | Zombie Apocalypse,1,0,1,0,0,0,0,0,0,0,0,0,0,0,0,0,0,0,0,0,0,0,0,0,0,0,4,2,0,2,0,0,0,0,0,0,0,0,0,0,0,0,0,0,0,0,0,0,0,0,0,0,0,4,300,300,,,20,20,20,20,20,20,20,20,20,20,20,20,20,20,20,20,,,,,,,,,,,,,,,,,,,,,,,,,,,,,,,,
8,Oil Rig,15,16,true,215,15,The Floor is Lava | Half Health,7,8,0.4666666666666667,0.5333333333333333,143,7,Stampede | Hot Potato,4,3,0.5714285714285714,0.42857142857142855,72,4,TNT Rain | Anvil Rain,3,1,0.75,0.25,3,3,12,0.2,6,The Floor is Lava | Half Health | Stampede | Hot Potato | TNT Rain | Anvil Rain,false,excluding_recorder_when_alive,true,14,0,0,true,14,7,false,7,4,false,4,3,false,3,11,0.21428571428571427,disaster_chat_death_history_wave_specific_v16,false,true,1,0,1,2.344317999615213,true,The Floor is Lava=5 | Half Health=0 | Stampede=1 | Hot Potato=2 | TNT Rain=0 | Anvil Rain=0 | Fall=1 | Void=0 | Misc=2 | Chats=14,1,0,2,1,0,2,0,0,0,0,0,0,The Floor is Lava | Half Health,0,0,0,0,0,0,0,0,0,0,0,0,0,0,0,0,0,0,0,0,0,4,0,0,0,0,0,The Floor is Lava | Half Health | Stampede | Hot Potato,0,0,0,0,0,0,0,0,0,0,2,0,0,0,0,0,0,0,0,0,0,1,0,0,0,0,0,The Floor is Lava | Half Health | Stampede | Hot Potato | TNT Rain | Anvil Rain,0,0,0,0,0,0,0,0,0,0,0,0,0,0,0,0,0,0,0,1,0,0,0,0,0,0,0,0,0,0,0,0,0,0,0,0,0,2,0,0,0,0,0,0,0,0,1,0,5,0,0,0,0,0,280,140,,,10,10,10,10,10,10,10,10,10,10,10,10,10,10,10,,,,,,,,,,,,,,,,,,,,,,,,,,,,,,,,,
8,Cruise Ship,16,16,true,189,16,Stampede | Half Health,10,6,0.625,0.375,131,10,The Floor is Lava | Anvil Rain,5,5,0.5,0.5,77,5,Tornado | Bat Swarm,2,3,0.4,0.6,3,2,14,0.125,6,Stampede | Half Health | The Floor is Lava | Anvil Rain | Tornado | Bat Swarm,false,excluding_recorder_when_alive,true,15,0,0,true,15,10,false,10,5,false,5,2,false,2,13,0.13333333333333333,disaster_chat_death_history_wave_specific_v16,false,true,6,0,2,1.727747811421917,true,Stampede=3 | Half Health=0 | The Floor is Lava=3 | Anvil Rain=1 | Tornado=1 | Bat Swarm=0 | Fall=1 | Void=2 | Misc=2 | Chats=13,1,2,2,1,1,0,0,0,2,0,1,0,Stampede | Half Health,0,0,0,0,0,0,0,0,0,0,0,0,0,0,0,0,0,0,0,3,0,0,0,0,0,0,0,Stampede | Half Health | The Floor is Lava | Anvil Rain,0,1,0,0,0,0,0,0,0,0,0,0,0,0,0,0,0,0,0,0,0,2,0,0,0,0,0,Stampede | Half Health | The Floor is Lava | Anvil Rain | Tornado | Bat Swarm,0,0,0,0,0,0,0,0,0,0,0,0,0,0,0,0,0,0,0,0,0,1,0,1,0,0,0,0,1,0,0,0,0,0,0,0,0,0,0,0,0,0,0,0,0,0,3,0,3,0,1,0,0,0,300,150,,,10,10,10,10,10,10,10,10,10,10,10,10,10,10,10,10,,,,,,,,,,,,,,,,,,,,,,,,,,,,,,,,
8,Oil Rig,16,16,true,195,16,The Floor is Lava,8,8,0.5,0.5,137,8,Stampede | Nuke,4,4,0.5,0.5,58,4,Meteor Shower | Hypixel Says,3,1,0.75,0.25,3,3,13,0.1875,5,The Floor is Lava | Stampede | Nuke | Meteor Shower | Hypixel Says,false,excluding_recorder_when_alive,true,15,0,0,true,15,8,false,8,4,false,4,3,false,3,12,0.2,disaster_chat_death_history_wave_specific_v16,false,true,2,0,0,3.160250753931425,true,The Floor is Lava=8 | Stampede=2 | Nuke=1 | Meteor Shower=0 | Hypixel Says=0 | Fall=1 | Void=0 | Misc=0 | Chats=8,1,0,0,1,0,0,0,0,0,0,0,0,The Floor is Lava,0,0,0,0,0,0,0,0,0,0,0,0,0,0,0,0,0,0,0,0,0,6,0,0,0,0,0,The Floor is Lava | Stampede | Nuke,0,0,0,0,0,0,0,0,0,0,0,0,0,0,1,0,0,0,0,1,0,2,0,0,0,0,0,The Floor is Lava | Stampede | Nuke | Meteor Shower | Hypixel Says,0,0,0,0,0,0,0,0,0,0,0,0,0,0,0,0,0,0,0,1,0,0,0,0,0,0,0,0,0,0,0,0,0,0,0,0,0,0,0,0,0,1,0,0,0,0,2,0,8,0,0,0,0,0,300,296,,,20,20,20,20,20,20,20,20,20,20,20,20,20,20,16,20,,,,,,,,,,,,,,,,,,,,,,,,,,,,,,,,
